iso3_country,sector,subsector,start_time,end_time,gas,emissions_quantity,emissions_quantity_units,temporal_granularity,created_date,modified_date
AUS,forestry-and-land-use,forest-land-clearing,2015-01-01 00:00:00,2015-12-31 00:00:00,co2,76604497.1245939,,annual,,
AUS,forestry-and-land-use,forest-land-clearing,2016-01-01 00:00:00,2016-12-31 00:00:00,co2,144339198.2266813,,annual,,
AUS,forestry-and-land-use,forest-land-clearing,2017-01-01 00:00:00,2017-12-31 00:00:00,co2,107440564.86826824,,annual,,
AUS,forestry-and-land-use,forest-land-clearing,2018-01-01 00:00:00,2018-12-31 00:00:00,co2,97797008.22734337,,annual,,
AUS,forestry-and-land-use,forest-land-clearing,2019-01-01 00:00:00,2019-12-31 00:00:00,co2,240382755.21698815,,annual,,
AUS,forestry-and-land-use,forest-land-clearing,2020-01-01 00:00:00,2020-12-31 00:00:00,co2,686672193.5859545,,annual,,
AUS,forestry-and-land-use,forest-land-clearing,2021-01-01 00:00:00,2021-12-31 00:00:00,co2,134960179.92586067,,annual,,
AUS,forestry-and-land-use,forest-land-clearing,2022-01-01 00:00:00,2022-12-31 00:00:00,co2,48904971.1535432,,annual,,
AUS,forestry-and-land-use,forest-land-clearing,2023-01-01 00:00:00,2023-12-31 00:00:00,co2,56396518.65459491,,annual,,
AUS,forestry-and-land-use,forest-land-clearing,2024-01-01 00:00:00,2024-12-31 00:00:00,co2,15240813.81305,,annual,,
AUS,forestry-and-land-use,forest-land-clearing,2025-01-01 00:00:00,2025-12-31 00:00:00,co2,41394188.04017998,,annual,,
