iso3_country,sector,subsector,start_time,end_time,gas,emissions_quantity,emissions_quantity_units,temporal_granularity,created_date,modified_date
AUS,forestry-and-land-use,forest-land-degradation,2015-01-01 00:00:00,2015-12-31 00:00:00,co2,1085903.1708661108,,annual,,
AUS,forestry-and-land-use,forest-land-degradation,2016-01-01 00:00:00,2016-12-31 00:00:00,co2,551345.1756152055,,annual,,
AUS,forestry-and-land-use,forest-land-degradation,2017-01-01 00:00:00,2017-12-31 00:00:00,co2,2397114.4742731126,,annual,,
AUS,forestry-and-land-use,forest-land-degradation,2018-01-01 00:00:00,2018-12-31 00:00:00,co2,1432842.4480009254,,annual,,
AUS,forestry-and-land-use,forest-land-degradation,2019-01-01 00:00:00,2019-12-31 00:00:00,co2,1579963.5953874576,,annual,,
AUS,forestry-and-land-use,forest-land-degradation,2020-01-01 00:00:00,2020-12-31 00:00:00,co2,200003.54599137072,,annual,,
AUS,forestry-and-land-use,forest-land-degradation,2021-01-01 00:00:00,2021-12-31 00:00:00,co2,218661.674832,,annual,,
AUS,forestry-and-land-use,forest-land-degradation,2022-01-01 00:00:00,2022-12-31 00:00:00,co2,86527.08783440001,,annual,,
AUS,forestry-and-land-use,forest-land-degradation,2023-01-01 00:00:00,2023-12-31 00:00:00,co2,91645.1717222,,annual,,
AUS,forestry-and-land-use,forest-land-degradation,2024-01-01 00:00:00,2024-12-31 00:00:00,co2,91645.16808,,annual,,
AUS,forestry-and-land-use,forest-land-degradation,2025-01-01 00:00:00,2025-12-31 00:00:00,co2,11709.171,,annual,,
