iso3_country,sector,subsector,start_time,end_time,gas,emissions_quantity,emissions_quantity_units,temporal_granularity,created_date,modified_date
AUS,forestry-and-land-use,net-shrubgrass,2015-01-01 00:00:00,2015-12-31 00:00:00,co2,614086582.5845871,,annual,,
AUS,forestry-and-land-use,net-shrubgrass,2016-01-01 00:00:00,2016-12-31 00:00:00,co2,-20890956.49200705,,annual,,
AUS,forestry-and-land-use,net-shrubgrass,2017-01-01 00:00:00,2017-12-31 00:00:00,co2,-170516734.01417792,,annual,,
AUS,forestry-and-land-use,net-shrubgrass,2018-01-01 00:00:00,2018-12-31 00:00:00,co2,282346809.2737499,,annual,,
AUS,forestry-and-land-use,net-shrubgrass,2019-01-01 00:00:00,2019-12-31 00:00:00,co2,-193812991.1934241,,annual,,
AUS,forestry-and-land-use,net-shrubgrass,2020-01-01 00:00:00,2020-12-31 00:00:00,co2,322013823.6402121,,annual,,
AUS,forestry-and-land-use,net-shrubgrass,2021-01-01 00:00:00,2021-12-31 00:00:00,co2,-530854337.0210573,,annual,,
AUS,forestry-and-land-use,net-shrubgrass,2022-01-01 00:00:00,2022-12-31 00:00:00,co2,315591195.4369067,,annual,,
AUS,forestry-and-land-use,net-shrubgrass,2023-01-01 00:00:00,2023-12-31 00:00:00,co2,514718243.8508431,,annual,,
AUS,forestry-and-land-use,net-shrubgrass,2024-01-01 00:00:00,2024-12-31 00:00:00,co2,0.0,,annual,,
AUS,forestry-and-land-use,net-shrubgrass,2025-01-01 00:00:00,2025-12-31 00:00:00,co2,0.0,,annual,,
