iso3_country,sector,subsector,start_time,end_time,gas,emissions_quantity,emissions_quantity_units,temporal_granularity,created_date,modified_date
AUS,forestry-and-land-use,net-wetland,2015-01-01 00:00:00,2015-12-31 00:00:00,co2,4317218.708002998,,annual,,
AUS,forestry-and-land-use,net-wetland,2016-01-01 00:00:00,2016-12-31 00:00:00,co2,-3223289.185415001,,annual,,
AUS,forestry-and-land-use,net-wetland,2017-01-01 00:00:00,2017-12-31 00:00:00,co2,-1087876.716129997,,annual,,
AUS,forestry-and-land-use,net-wetland,2018-01-01 00:00:00,2018-12-31 00:00:00,co2,3208951.362087999,,annual,,
AUS,forestry-and-land-use,net-wetland,2019-01-01 00:00:00,2019-12-31 00:00:00,co2,-1230124.4798529954,,annual,,
AUS,forestry-and-land-use,net-wetland,2020-01-01 00:00:00,2020-12-31 00:00:00,co2,401296.82419399306,,annual,,
AUS,forestry-and-land-use,net-wetland,2021-01-01 00:00:00,2021-12-31 00:00:00,co2,-992240.2110109908,,annual,,
AUS,forestry-and-land-use,net-wetland,2022-01-01 00:00:00,2022-12-31 00:00:00,co2,-989294.2401970024,,annual,,
AUS,forestry-and-land-use,net-wetland,2023-01-01 00:00:00,2023-12-31 00:00:00,co2,-7006485.447852005,,annual,,
AUS,forestry-and-land-use,net-wetland,2024-01-01 00:00:00,2024-12-31 00:00:00,co2,0.0,,annual,,
AUS,forestry-and-land-use,net-wetland,2025-01-01 00:00:00,2025-12-31 00:00:00,co2,0.0,,annual,,
