iso3_country,sector,subsector,start_time,end_time,gas,emissions_quantity,emissions_quantity_units,temporal_granularity,created_date,modified_date
AUS,forestry-and-land-use,shrubgrass-fires,2015-01-01 00:00:00,2015-12-31 00:00:00,co2,265845161.29289272,,annual,,
AUS,forestry-and-land-use,shrubgrass-fires,2016-01-01 00:00:00,2016-12-31 00:00:00,co2,161531834.78214335,,annual,,
AUS,forestry-and-land-use,shrubgrass-fires,2017-01-01 00:00:00,2017-12-31 00:00:00,co2,293854525.6700656,,annual,,
AUS,forestry-and-land-use,shrubgrass-fires,2018-01-01 00:00:00,2018-12-31 00:00:00,co2,347373919.85377955,,annual,,
AUS,forestry-and-land-use,shrubgrass-fires,2019-01-01 00:00:00,2019-12-31 00:00:00,co2,176024716.99778363,,annual,,
AUS,forestry-and-land-use,shrubgrass-fires,2020-01-01 00:00:00,2020-12-31 00:00:00,co2,102186007.06633258,,annual,,
AUS,forestry-and-land-use,shrubgrass-fires,2021-01-01 00:00:00,2021-12-31 00:00:00,co2,162876492.30423552,,annual,,
AUS,forestry-and-land-use,shrubgrass-fires,2022-01-01 00:00:00,2022-12-31 00:00:00,co2,214233438.19859004,,annual,,
AUS,forestry-and-land-use,shrubgrass-fires,2023-01-01 00:00:00,2023-12-31 00:00:00,co2,452018417.235502,,annual,,
AUS,forestry-and-land-use,shrubgrass-fires,2024-01-01 00:00:00,2024-12-31 00:00:00,co2,223635834.82003003,,annual,,
AUS,forestry-and-land-use,shrubgrass-fires,2025-01-01 00:00:00,2025-12-31 00:00:00,co2,12563121.571,,annual,,
