iso3_country,sector,subsector,start_time,end_time,gas,emissions_quantity,emissions_quantity_units,temporal_granularity,created_date,modified_date
AUS,forestry-and-land-use,water-reservoirs,2015-01-01 00:00:00,2015-12-31 00:00:00,co2,1462.3117596441643,,annual,,
AUS,forestry-and-land-use,water-reservoirs,2016-01-01 00:00:00,2016-12-31 00:00:00,co2,806.9112066833475,,annual,,
AUS,forestry-and-land-use,water-reservoirs,2017-01-01 00:00:00,2017-12-31 00:00:00,co2,5512.705900085831,,annual,,
AUS,forestry-and-land-use,water-reservoirs,2018-01-01 00:00:00,2018-12-31 00:00:00,co2,7889.637988260708,,annual,,
AUS,forestry-and-land-use,water-reservoirs,2019-01-01 00:00:00,2019-12-31 00:00:00,co2,6090.196908817041,,annual,,
AUS,forestry-and-land-use,water-reservoirs,2020-01-01 00:00:00,2020-12-31 00:00:00,co2,4864.652085644435,,annual,,
AUS,forestry-and-land-use,water-reservoirs,2021-01-01 00:00:00,2021-12-31 00:00:00,co2,3231.9926820902824,,annual,,
AUS,forestry-and-land-use,water-reservoirs,2022-01-01 00:00:00,2022-12-31 00:00:00,co2,2514.3550918129554,,annual,,
AUS,forestry-and-land-use,water-reservoirs,2023-01-01 00:00:00,2023-12-31 00:00:00,co2,3079.305766633457,,annual,,
AUS,forestry-and-land-use,water-reservoirs,2024-01-01 00:00:00,2024-12-31 00:00:00,co2,4854.088743167695,,annual,,
AUS,forestry-and-land-use,water-reservoirs,2025-01-01 00:00:00,2025-12-31 00:00:00,co2,2552.454152145081,,annual,,
