iso3_country,sector,subsector,start_time,end_time,gas,emissions_quantity,emissions_quantity_units,temporal_granularity,created_date,modified_date
AUS,waste,incineration-and-open-burning-of-waste,2015-01-01 00:00:00,2015-12-31 00:00:00,co2,15475.267201198883,,annual,,
AUS,waste,incineration-and-open-burning-of-waste,2016-01-01 00:00:00,2016-12-31 00:00:00,co2,15577.079884233144,,annual,,
AUS,waste,incineration-and-open-burning-of-waste,2017-01-01 00:00:00,2017-12-31 00:00:00,co2,15662.652196783396,,annual,,
AUS,waste,incineration-and-open-burning-of-waste,2018-01-01 00:00:00,2018-12-31 00:00:00,co2,15633.579745916972,,annual,,
AUS,waste,incineration-and-open-burning-of-waste,2019-01-01 00:00:00,2019-12-31 00:00:00,co2,15612.518725289308,,annual,,
AUS,waste,incineration-and-open-burning-of-waste,2020-01-01 00:00:00,2020-12-31 00:00:00,co2,15750.579919403845,,annual,,
AUS,waste,incineration-and-open-burning-of-waste,2021-01-01 00:00:00,2021-12-31 00:00:00,co2,15749.812879380985,,annual,,
AUS,waste,incineration-and-open-burning-of-waste,2022-01-01 00:00:00,2022-12-31 00:00:00,co2,15784.359480410554,,annual,,
AUS,waste,incineration-and-open-burning-of-waste,2023-01-01 00:00:00,2023-12-31 00:00:00,co2,15818.984021442451,,annual,,
AUS,waste,incineration-and-open-burning-of-waste,2024-01-01 00:00:00,2024-12-31 00:00:00,co2,15818.984021442451,,annual,,
AUS,waste,incineration-and-open-burning-of-waste,2025-01-01 00:00:00,2025-12-31 00:00:00,co2,7909.492010721226,,annual,,
