iso3_country,sector,subsector,start_time,end_time,gas,emissions_quantity,emissions_quantity_units,temporal_granularity,created_date,modified_date
AUS,agriculture,cropland-fires,2015-01-01 00:00:00,2015-12-31 00:00:00,co2e_100yr,11132397.546747888,,annual,,
AUS,agriculture,cropland-fires,2016-01-01 00:00:00,2016-12-31 00:00:00,co2e_100yr,10609568.275422974,,annual,,
AUS,agriculture,cropland-fires,2017-01-01 00:00:00,2017-12-31 00:00:00,co2e_100yr,14338865.332208904,,annual,,
AUS,agriculture,cropland-fires,2018-01-01 00:00:00,2018-12-31 00:00:00,co2e_100yr,10718107.126660043,,annual,,
AUS,agriculture,cropland-fires,2019-01-01 00:00:00,2019-12-31 00:00:00,co2e_100yr,9029104.679532375,,annual,,
AUS,agriculture,cropland-fires,2020-01-01 00:00:00,2020-12-31 00:00:00,co2e_100yr,8389782.653026344,,annual,,
AUS,agriculture,cropland-fires,2021-01-01 00:00:00,2021-12-31 00:00:00,co2e_100yr,9048722.658000004,,annual,,
AUS,agriculture,cropland-fires,2022-01-01 00:00:00,2022-12-31 00:00:00,co2e_100yr,9709816.26876689,,annual,,
AUS,agriculture,cropland-fires,2023-01-01 00:00:00,2023-12-31 00:00:00,co2e_100yr,9709816.268766891,,annual,,
AUS,agriculture,cropland-fires,2024-01-01 00:00:00,2024-12-31 00:00:00,co2e_100yr,9709816.268766891,,annual,,
AUS,agriculture,cropland-fires,2025-01-01 00:00:00,2025-12-31 00:00:00,co2e_100yr,4854908.134383445,,annual,,
