iso3_country,sector,subsector,start_time,end_time,gas,emissions_quantity,emissions_quantity_units,temporal_granularity,created_date,modified_date
AUS,agriculture,crop-residues,2015-01-01 00:00:00,2015-12-31 00:00:00,co2e_100yr,1355919.222261825,,annual,,
AUS,agriculture,crop-residues,2016-01-01 00:00:00,2016-12-31 00:00:00,co2e_100yr,1295510.3093175262,,annual,,
AUS,agriculture,crop-residues,2017-01-01 00:00:00,2017-12-31 00:00:00,co2e_100yr,1704399.9228598666,,annual,,
AUS,agriculture,crop-residues,2018-01-01 00:00:00,2018-12-31 00:00:00,co2e_100yr,1317506.6165656706,,annual,,
AUS,agriculture,crop-residues,2019-01-01 00:00:00,2019-12-31 00:00:00,co2e_100yr,1110126.9503905664,,annual,,
AUS,agriculture,crop-residues,2020-01-01 00:00:00,2020-12-31 00:00:00,co2e_100yr,1032881.4627315536,,annual,,
AUS,agriculture,crop-residues,2021-01-01 00:00:00,2021-12-31 00:00:00,co2e_100yr,1731445.1842411289,,annual,,
AUS,agriculture,crop-residues,2022-01-01 00:00:00,2022-12-31 00:00:00,co2e_100yr,1902109.669957448,,annual,,
AUS,agriculture,crop-residues,2023-01-01 00:00:00,2023-12-31 00:00:00,co2e_100yr,2046712.9770877357,,annual,,
AUS,agriculture,crop-residues,2024-01-01 00:00:00,2024-12-31 00:00:00,co2e_100yr,2053794.488528252,,annual,,
AUS,agriculture,crop-residues,2025-01-01 00:00:00,2025-12-31 00:00:00,co2e_100yr,1026858.5785282524,,annual,,
