iso3_country,sector,subsector,start_time,end_time,gas,emissions_quantity,emissions_quantity_units,temporal_granularity,created_date,modified_date
AUS,agriculture,enteric-fermentation-cattle-operation,2015-01-01 00:00:00,2015-12-31 00:00:00,co2e_100yr,20928275.099999998,,annual,,
AUS,agriculture,enteric-fermentation-cattle-operation,2016-01-01 00:00:00,2016-12-31 00:00:00,co2e_100yr,18466571.69999999,,annual,,
AUS,agriculture,enteric-fermentation-cattle-operation,2017-01-01 00:00:00,2017-12-31 00:00:00,co2e_100yr,16130761.199999994,,annual,,
AUS,agriculture,enteric-fermentation-cattle-operation,2018-01-01 00:00:00,2018-12-31 00:00:00,co2e_100yr,17688221.09999999,,annual,,
AUS,agriculture,enteric-fermentation-cattle-operation,2019-01-01 00:00:00,2019-12-31 00:00:00,co2e_100yr,18372811.5,,annual,,
AUS,agriculture,enteric-fermentation-cattle-operation,2020-01-01 00:00:00,2020-12-31 00:00:00,co2e_100yr,16008629.399999993,,annual,,
AUS,agriculture,enteric-fermentation-cattle-operation,2021-01-01 00:00:00,2021-12-31 00:00:00,co2e_100yr,13947984.0,,annual,,
AUS,agriculture,enteric-fermentation-cattle-operation,2022-01-01 00:00:00,2022-12-31 00:00:00,co2e_100yr,13522480.199999996,,annual,,
AUS,agriculture,enteric-fermentation-cattle-operation,2023-01-01 00:00:00,2023-12-31 00:00:00,co2e_100yr,15698094.300000004,,annual,,
AUS,agriculture,enteric-fermentation-cattle-operation,2024-01-01 00:00:00,2024-12-31 00:00:00,co2e_100yr,15698094.3,,annual,,
AUS,agriculture,enteric-fermentation-cattle-operation,2025-01-01 00:00:00,2025-12-31 00:00:00,co2e_100yr,7680205.738687365,,annual,,
