iso3_country,sector,subsector,start_time,end_time,gas,emissions_quantity,emissions_quantity_units,temporal_granularity,created_date,modified_date
AUS,agriculture,enteric-fermentation-cattle-pasture,2015-01-01 00:00:00,2015-12-31 00:00:00,co2e_100yr,25305107.930507485,,annual,,
AUS,agriculture,enteric-fermentation-cattle-pasture,2016-01-01 00:00:00,2016-12-31 00:00:00,co2e_100yr,23673523.34041852,,annual,,
AUS,agriculture,enteric-fermentation-cattle-pasture,2017-01-01 00:00:00,2017-12-31 00:00:00,co2e_100yr,27915577.63931751,,annual,,
AUS,agriculture,enteric-fermentation-cattle-pasture,2018-01-01 00:00:00,2018-12-31 00:00:00,co2e_100yr,27436226.02293409,,annual,,
AUS,agriculture,enteric-fermentation-cattle-pasture,2019-01-01 00:00:00,2019-12-31 00:00:00,co2e_100yr,23721715.0687513,,annual,,
AUS,agriculture,enteric-fermentation-cattle-pasture,2020-01-01 00:00:00,2020-12-31 00:00:00,co2e_100yr,21730104.894933783,,annual,,
AUS,agriculture,enteric-fermentation-cattle-pasture,2021-01-01 00:00:00,2021-12-31 00:00:00,co2e_100yr,27125552.16,,annual,,
AUS,agriculture,enteric-fermentation-cattle-pasture,2022-01-01 00:00:00,2022-12-31 00:00:00,co2e_100yr,26671117.864049982,,annual,,
AUS,agriculture,enteric-fermentation-cattle-pasture,2023-01-01 00:00:00,2023-12-31 00:00:00,co2e_100yr,26898031.260809995,,annual,,
AUS,agriculture,enteric-fermentation-cattle-pasture,2024-01-01 00:00:00,2024-12-31 00:00:00,co2e_100yr,26898031.260809995,,annual,,
AUS,agriculture,enteric-fermentation-cattle-pasture,2025-01-01 00:00:00,2025-12-31 00:00:00,co2e_100yr,13449015.630404994,,annual,,
