iso3_country,sector,subsector,start_time,end_time,gas,emissions_quantity,emissions_quantity_units,temporal_granularity,created_date,modified_date
AUS,agriculture,enteric-fermentation-other,2015-01-01 00:00:00,2015-12-31 00:00:00,co2e_100yr,16027116.3,,annual,,
AUS,agriculture,enteric-fermentation-other,2016-01-01 00:00:00,2016-12-31 00:00:00,co2e_100yr,15307733.699999994,,annual,,
AUS,agriculture,enteric-fermentation-other,2017-01-01 00:00:00,2017-12-31 00:00:00,co2e_100yr,16297802.099999992,,annual,,
AUS,agriculture,enteric-fermentation-other,2018-01-01 00:00:00,2018-12-31 00:00:00,co2e_100yr,15876367.199999994,,annual,,
AUS,agriculture,enteric-fermentation-other,2019-01-01 00:00:00,2019-12-31 00:00:00,co2e_100yr,14951779.199999996,,annual,,
AUS,agriculture,enteric-fermentation-other,2020-01-01 00:00:00,2020-12-31 00:00:00,co2e_100yr,14468714.099999988,,annual,,
AUS,agriculture,enteric-fermentation-other,2021-01-01 00:00:00,2021-12-31 00:00:00,co2e_100yr,15462052.199999994,,annual,,
AUS,agriculture,enteric-fermentation-other,2022-01-01 00:00:00,2022-12-31 00:00:00,co2e_100yr,15939201.599999992,,annual,,
AUS,agriculture,enteric-fermentation-other,2023-01-01 00:00:00,2023-12-31 00:00:00,co2e_100yr,15939201.599999992,,annual,,
AUS,agriculture,enteric-fermentation-other,2024-01-01 00:00:00,2024-12-31 00:00:00,co2e_100yr,15939201.599999992,,annual,,
AUS,agriculture,enteric-fermentation-other,2025-01-01 00:00:00,2025-12-31 00:00:00,co2e_100yr,7969600.799999998,,annual,,
