iso3_country,sector,subsector,start_time,end_time,gas,emissions_quantity,emissions_quantity_units,temporal_granularity,created_date,modified_date
AUS,agriculture,manure-applied-to-soils,2015-01-01 00:00:00,2015-12-31 00:00:00,co2e_100yr,808371.7820065002,,annual,,
AUS,agriculture,manure-applied-to-soils,2016-01-01 00:00:00,2016-12-31 00:00:00,co2e_100yr,763235.606716715,,annual,,
AUS,agriculture,manure-applied-to-soils,2017-01-01 00:00:00,2017-12-31 00:00:00,co2e_100yr,799539.0504940209,,annual,,
AUS,agriculture,manure-applied-to-soils,2018-01-01 00:00:00,2018-12-31 00:00:00,co2e_100yr,814828.5244584677,,annual,,
AUS,agriculture,manure-applied-to-soils,2019-01-01 00:00:00,2019-12-31 00:00:00,co2e_100yr,796512.2053619995,,annual,,
AUS,agriculture,manure-applied-to-soils,2020-01-01 00:00:00,2020-12-31 00:00:00,co2e_100yr,751944.9484881912,,annual,,
AUS,agriculture,manure-applied-to-soils,2021-01-01 00:00:00,2021-12-31 00:00:00,co2e_100yr,798645.3820412882,,annual,,
AUS,agriculture,manure-applied-to-soils,2022-01-01 00:00:00,2022-12-31 00:00:00,co2e_100yr,793576.6020000003,,annual,,
AUS,agriculture,manure-applied-to-soils,2023-01-01 00:00:00,2023-12-31 00:00:00,co2e_100yr,786135.9578430015,,annual,,
AUS,agriculture,manure-applied-to-soils,2024-01-01 00:00:00,2024-12-31 00:00:00,co2e_100yr,785088.3818782032,,annual,,
AUS,agriculture,manure-applied-to-soils,2025-01-01 00:00:00,2025-12-31 00:00:00,co2e_100yr,392530.8350996735,,annual,,
