iso3_country,sector,subsector,start_time,end_time,gas,emissions_quantity,emissions_quantity_units,temporal_granularity,created_date,modified_date
AUS,agriculture,manure-left-on-pasture-cattle,2015-01-01 00:00:00,2015-12-31 00:00:00,co2e_100yr,10074448.534231678,,annual,,
AUS,agriculture,manure-left-on-pasture-cattle,2016-01-01 00:00:00,2016-12-31 00:00:00,co2e_100yr,9424883.421011187,,annual,,
AUS,agriculture,manure-left-on-pasture-cattle,2017-01-01 00:00:00,2017-12-31 00:00:00,co2e_100yr,11113726.564183503,,annual,,
AUS,agriculture,manure-left-on-pasture-cattle,2018-01-01 00:00:00,2018-12-31 00:00:00,co2e_100yr,10922887.508773386,,annual,,
AUS,agriculture,manure-left-on-pasture-cattle,2019-01-01 00:00:00,2019-12-31 00:00:00,co2e_100yr,9444069.50528457,,annual,,
AUS,agriculture,manure-left-on-pasture-cattle,2020-01-01 00:00:00,2020-12-31 00:00:00,co2e_100yr,8651171.311781188,,annual,,
AUS,agriculture,manure-left-on-pasture-cattle,2021-01-01 00:00:00,2021-12-31 00:00:00,co2e_100yr,10799202.309,,annual,,
AUS,agriculture,manure-left-on-pasture-cattle,2022-01-01 00:00:00,2022-12-31 00:00:00,co2e_100yr,10618283.231999995,,annual,,
AUS,agriculture,manure-left-on-pasture-cattle,2023-01-01 00:00:00,2023-12-31 00:00:00,co2e_100yr,10708621.792199984,,annual,,
AUS,agriculture,manure-left-on-pasture-cattle,2024-01-01 00:00:00,2024-12-31 00:00:00,co2e_100yr,10708621.79219999,,annual,,
AUS,agriculture,manure-left-on-pasture-cattle,2025-01-01 00:00:00,2025-12-31 00:00:00,co2e_100yr,5354310.896099998,,annual,,
