iso3_country,sector,subsector,start_time,end_time,gas,emissions_quantity,emissions_quantity_units,temporal_granularity,created_date,modified_date
AUS,agriculture,manure-management-cattle-operation,2015-01-01 00:00:00,2015-12-31 00:00:00,co2e_100yr,1895355.1810005093,,annual,,
AUS,agriculture,manure-management-cattle-operation,2016-01-01 00:00:00,2016-12-31 00:00:00,co2e_100yr,1719905.7752801003,,annual,,
AUS,agriculture,manure-management-cattle-operation,2017-01-01 00:00:00,2017-12-31 00:00:00,co2e_100yr,1616419.2174646046,,annual,,
AUS,agriculture,manure-management-cattle-operation,2018-01-01 00:00:00,2018-12-31 00:00:00,co2e_100yr,1687953.1411268574,,annual,,
AUS,agriculture,manure-management-cattle-operation,2019-01-01 00:00:00,2019-12-31 00:00:00,co2e_100yr,1594747.9885196264,,annual,,
AUS,agriculture,manure-management-cattle-operation,2020-01-01 00:00:00,2020-12-31 00:00:00,co2e_100yr,1523913.179994324,,annual,,
AUS,agriculture,manure-management-cattle-operation,2021-01-01 00:00:00,2021-12-31 00:00:00,co2e_100yr,1448134.2107999998,,annual,,
AUS,agriculture,manure-management-cattle-operation,2022-01-01 00:00:00,2022-12-31 00:00:00,co2e_100yr,1405250.9111699995,,annual,,
AUS,agriculture,manure-management-cattle-operation,2023-01-01 00:00:00,2023-12-31 00:00:00,co2e_100yr,1500777.0527399995,,annual,,
AUS,agriculture,manure-management-cattle-operation,2024-01-01 00:00:00,2024-12-31 00:00:00,co2e_100yr,1500777.05274,,annual,,
AUS,agriculture,manure-management-cattle-operation,2025-01-01 00:00:00,2025-12-31 00:00:00,co2e_100yr,738449.8541196525,,annual,,
