iso3_country,sector,subsector,start_time,end_time,gas,emissions_quantity,emissions_quantity_units,temporal_granularity,created_date,modified_date
AUS,agriculture,manure-management-other,2015-01-01 00:00:00,2015-12-31 00:00:00,co2e_100yr,1646368.799999999,,annual,,
AUS,agriculture,manure-management-other,2016-01-01 00:00:00,2016-12-31 00:00:00,co2e_100yr,1630849.4999999998,,annual,,
AUS,agriculture,manure-management-other,2017-01-01 00:00:00,2017-12-31 00:00:00,co2e_100yr,1750776.8999999994,,annual,,
AUS,agriculture,manure-management-other,2018-01-01 00:00:00,2018-12-31 00:00:00,co2e_100yr,1762138.4999999998,,annual,,
AUS,agriculture,manure-management-other,2019-01-01 00:00:00,2019-12-31 00:00:00,co2e_100yr,1656801.5999999987,,annual,,
AUS,agriculture,manure-management-other,2020-01-01 00:00:00,2020-12-31 00:00:00,co2e_100yr,1600375.4999999998,,annual,,
AUS,agriculture,manure-management-other,2021-01-01 00:00:00,2021-12-31 00:00:00,co2e_100yr,1779837.8999999994,,annual,,
AUS,agriculture,manure-management-other,2022-01-01 00:00:00,2022-12-31 00:00:00,co2e_100yr,1802025.0,,annual,,
AUS,agriculture,manure-management-other,2023-01-01 00:00:00,2023-12-31 00:00:00,co2e_100yr,1802025.0,,annual,,
AUS,agriculture,manure-management-other,2024-01-01 00:00:00,2024-12-31 00:00:00,co2e_100yr,1802025.0,,annual,,
AUS,agriculture,manure-management-other,2025-01-01 00:00:00,2025-12-31 00:00:00,co2e_100yr,901012.5,,annual,,
