iso3_country,sector,subsector,start_time,end_time,gas,emissions_quantity,emissions_quantity_units,temporal_granularity,created_date,modified_date
AUS,agriculture,other-agricultural-soil-emissions,2015-01-01 00:00:00,2015-12-31 00:00:00,co2e_100yr,14774609.457306854,,annual,,
AUS,agriculture,other-agricultural-soil-emissions,2016-01-01 00:00:00,2016-12-31 00:00:00,co2e_100yr,14580345.289189316,,annual,,
AUS,agriculture,other-agricultural-soil-emissions,2017-01-01 00:00:00,2017-12-31 00:00:00,co2e_100yr,15270853.765574416,,annual,,
AUS,agriculture,other-agricultural-soil-emissions,2018-01-01 00:00:00,2018-12-31 00:00:00,co2e_100yr,14553483.762356024,,annual,,
AUS,agriculture,other-agricultural-soil-emissions,2019-01-01 00:00:00,2019-12-31 00:00:00,co2e_100yr,14179673.627084397,,annual,,
AUS,agriculture,other-agricultural-soil-emissions,2020-01-01 00:00:00,2020-12-31 00:00:00,co2e_100yr,14279519.435536427,,annual,,
AUS,agriculture,other-agricultural-soil-emissions,2021-01-01 00:00:00,2021-12-31 00:00:00,co2e_100yr,15392627.65277199,,annual,,
AUS,agriculture,other-agricultural-soil-emissions,2022-01-01 00:00:00,2022-12-31 00:00:00,co2e_100yr,15766065.448844545,,annual,,
AUS,agriculture,other-agricultural-soil-emissions,2023-01-01 00:00:00,2023-12-31 00:00:00,co2e_100yr,15766065.448844545,,annual,,
AUS,agriculture,other-agricultural-soil-emissions,2024-01-01 00:00:00,2024-12-31 00:00:00,co2e_100yr,15766065.448844545,,annual,,
AUS,agriculture,other-agricultural-soil-emissions,2025-01-01 00:00:00,2025-12-31 00:00:00,co2e_100yr,7883032.724422273,,annual,,
