iso3_country,sector,subsector,start_time,end_time,gas,emissions_quantity,emissions_quantity_units,temporal_granularity,created_date,modified_date
AUS,agriculture,rice-cultivation,2015-01-01 00:00:00,2015-12-31 00:00:00,co2e_100yr,639139.3331217214,,annual,,
AUS,agriculture,rice-cultivation,2016-01-01 00:00:00,2016-12-31 00:00:00,co2e_100yr,244273.72451145248,,annual,,
AUS,agriculture,rice-cultivation,2017-01-01 00:00:00,2017-12-31 00:00:00,co2e_100yr,754188.8168916224,,annual,,
AUS,agriculture,rice-cultivation,2018-01-01 00:00:00,2018-12-31 00:00:00,co2e_100yr,561035.9634779281,,annual,,
AUS,agriculture,rice-cultivation,2019-01-01 00:00:00,2019-12-31 00:00:00,co2e_100yr,69910.45186017909,,annual,,
AUS,agriculture,rice-cultivation,2020-01-01 00:00:00,2020-12-31 00:00:00,co2e_100yr,45937.22210812555,,annual,,
AUS,agriculture,rice-cultivation,2021-01-01 00:00:00,2021-12-31 00:00:00,co2e_100yr,95701.88414150402,,annual,,
AUS,agriculture,rice-cultivation,2022-01-01 00:00:00,2022-12-31 00:00:00,co2e_100yr,95701.88414150402,,annual,,
AUS,agriculture,rice-cultivation,2023-01-01 00:00:00,2023-12-31 00:00:00,co2e_100yr,95701.88414150402,,annual,,
AUS,agriculture,rice-cultivation,2024-01-01 00:00:00,2024-12-31 00:00:00,co2e_100yr,95701.88414150402,,annual,,
AUS,agriculture,rice-cultivation,2025-01-01 00:00:00,2025-12-31 00:00:00,co2e_100yr,47850.942070752,,annual,,
