iso3_country,sector,subsector,start_time,end_time,gas,emissions_quantity,emissions_quantity_units,temporal_granularity,created_date,modified_date
AUS,agriculture,synthetic-fertilizer-application,2015-01-01 00:00:00,2015-12-31 00:00:00,co2e_100yr,7040217.259449452,,annual,,
AUS,agriculture,synthetic-fertilizer-application,2016-01-01 00:00:00,2016-12-31 00:00:00,co2e_100yr,6421089.080710421,,annual,,
AUS,agriculture,synthetic-fertilizer-application,2017-01-01 00:00:00,2017-12-31 00:00:00,co2e_100yr,8404714.63286212,,annual,,
AUS,agriculture,synthetic-fertilizer-application,2018-01-01 00:00:00,2018-12-31 00:00:00,co2e_100yr,8045530.074210872,,annual,,
AUS,agriculture,synthetic-fertilizer-application,2019-01-01 00:00:00,2019-12-31 00:00:00,co2e_100yr,5831178.1299672825,,annual,,
AUS,agriculture,synthetic-fertilizer-application,2020-01-01 00:00:00,2020-12-31 00:00:00,co2e_100yr,6196727.951145492,,annual,,
AUS,agriculture,synthetic-fertilizer-application,2021-01-01 00:00:00,2021-12-31 00:00:00,co2e_100yr,9291259.690570088,,annual,,
AUS,agriculture,synthetic-fertilizer-application,2022-01-01 00:00:00,2022-12-31 00:00:00,co2e_100yr,9742450.445128454,,annual,,
AUS,agriculture,synthetic-fertilizer-application,2023-01-01 00:00:00,2023-12-31 00:00:00,co2e_100yr,8628736.115832387,,annual,,
AUS,agriculture,synthetic-fertilizer-application,2024-01-01 00:00:00,2024-12-31 00:00:00,co2e_100yr,8836794.822925752,,annual,,
AUS,agriculture,synthetic-fertilizer-application,2025-01-01 00:00:00,2025-12-31 00:00:00,co2e_100yr,4418221.659171813,,annual,,
