iso3_country,sector,subsector,start_time,end_time,gas,emissions_quantity,emissions_quantity_units,temporal_granularity,created_date,modified_date
AUS,forestry-and-land-use,forest-land-fires,2015-01-01 00:00:00,2015-12-31 00:00:00,co2e_100yr,377855556.4311388,,annual,,
AUS,forestry-and-land-use,forest-land-fires,2016-01-01 00:00:00,2016-12-31 00:00:00,co2e_100yr,377044825.2098906,,annual,,
AUS,forestry-and-land-use,forest-land-fires,2017-01-01 00:00:00,2017-12-31 00:00:00,co2e_100yr,316981799.1064767,,annual,,
AUS,forestry-and-land-use,forest-land-fires,2018-01-01 00:00:00,2018-12-31 00:00:00,co2e_100yr,437545842.58234125,,annual,,
AUS,forestry-and-land-use,forest-land-fires,2019-01-01 00:00:00,2019-12-31 00:00:00,co2e_100yr,1437035236.4553204,,annual,,
AUS,forestry-and-land-use,forest-land-fires,2020-01-01 00:00:00,2020-12-31 00:00:00,co2e_100yr,585913752.4681405,,annual,,
AUS,forestry-and-land-use,forest-land-fires,2021-01-01 00:00:00,2021-12-31 00:00:00,co2e_100yr,288569818.91159964,,annual,,
AUS,forestry-and-land-use,forest-land-fires,2022-01-01 00:00:00,2022-12-31 00:00:00,co2e_100yr,437456944.163473,,annual,,
AUS,forestry-and-land-use,forest-land-fires,2023-01-01 00:00:00,2023-12-31 00:00:00,co2e_100yr,590958436.4009072,,annual,,
AUS,forestry-and-land-use,forest-land-fires,2024-01-01 00:00:00,2024-12-31 00:00:00,co2e_100yr,434781228.67200327,,annual,,
AUS,forestry-and-land-use,forest-land-fires,2025-01-01 00:00:00,2025-12-31 00:00:00,co2e_100yr,6152893.583,,annual,,
