iso3_country,sector,subsector,start_time,end_time,gas,emissions_quantity,emissions_quantity_units,temporal_granularity,created_date,modified_date
AUS,forestry-and-land-use,net-forest-land,2015-01-01 00:00:00,2015-12-31 00:00:00,co2e_100yr,-28335598.50231975,,annual,,
AUS,forestry-and-land-use,net-forest-land,2016-01-01 00:00:00,2016-12-31 00:00:00,co2e_100yr,-192939173.84220004,,annual,,
AUS,forestry-and-land-use,net-forest-land,2017-01-01 00:00:00,2017-12-31 00:00:00,co2e_100yr,179875713.20126978,,annual,,
AUS,forestry-and-land-use,net-forest-land,2018-01-01 00:00:00,2018-12-31 00:00:00,co2e_100yr,-283305071.22037977,,annual,,
AUS,forestry-and-land-use,net-forest-land,2019-01-01 00:00:00,2019-12-31 00:00:00,co2e_100yr,-552416989.0205504,,annual,,
AUS,forestry-and-land-use,net-forest-land,2020-01-01 00:00:00,2020-12-31 00:00:00,co2e_100yr,357594295.00832987,,annual,,
AUS,forestry-and-land-use,net-forest-land,2021-01-01 00:00:00,2021-12-31 00:00:00,co2e_100yr,154162028.03113014,,annual,,
AUS,forestry-and-land-use,net-forest-land,2022-01-01 00:00:00,2022-12-31 00:00:00,co2e_100yr,138427347.35999995,,annual,,
AUS,forestry-and-land-use,net-forest-land,2023-01-01 00:00:00,2023-12-31 00:00:00,co2e_100yr,404296097.98936975,,annual,,
AUS,forestry-and-land-use,net-forest-land,2024-01-01 00:00:00,2024-12-31 00:00:00,co2e_100yr,0.0,,annual,,
AUS,forestry-and-land-use,net-forest-land,2025-01-01 00:00:00,2025-12-31 00:00:00,co2e_100yr,0.0,,annual,,
