iso3_country,sector,subsector,start_time,end_time,gas,emissions_quantity,emissions_quantity_units,temporal_granularity,created_date,modified_date
AUS,forestry-and-land-use,removals,2015-01-01 00:00:00,2015-12-31 00:00:00,co2e_100yr,-134754074.58538488,,annual,,
AUS,forestry-and-land-use,removals,2016-01-01 00:00:00,2016-12-31 00:00:00,co2e_100yr,-902669084.8856592,,annual,,
AUS,forestry-and-land-use,removals,2017-01-01 00:00:00,2017-12-31 00:00:00,co2e_100yr,-715482979.8509632,,annual,,
AUS,forestry-and-land-use,removals,2018-01-01 00:00:00,2018-12-31 00:00:00,co2e_100yr,-884564681.922167,,annual,,
AUS,forestry-and-land-use,removals,2019-01-01 00:00:00,2019-12-31 00:00:00,co2e_100yr,-2605607271.4076104,,annual,,
AUS,forestry-and-land-use,removals,2020-01-01 00:00:00,2020-12-31 00:00:00,co2e_100yr,-697149177.2927397,,annual,,
AUS,forestry-and-land-use,removals,2021-01-01 00:00:00,2021-12-31 00:00:00,co2e_100yr,-966259679.893034,,annual,,
AUS,forestry-and-land-use,removals,2022-01-01 00:00:00,2022-12-31 00:00:00,co2e_100yr,-247993711.11132908,,annual,,
AUS,forestry-and-land-use,removals,2023-01-01 00:00:00,2023-12-31 00:00:00,co2e_100yr,-188601189.39305905,,annual,,
AUS,forestry-and-land-use,removals,2024-01-01 00:00:00,2024-12-31 00:00:00,co2e_100yr,0.0,,annual,,
AUS,forestry-and-land-use,removals,2025-01-01 00:00:00,2025-12-31 00:00:00,co2e_100yr,0.0,,annual,,
