iso3_country,sector,subsector,start_time,end_time,gas,emissions_quantity,emissions_quantity_units,temporal_granularity,created_date,modified_date
AUS,forestry-and-land-use,water-reservoirs,2015-01-01 00:00:00,2015-12-31 00:00:00,co2e_100yr,351022.2784252372,,annual,,
AUS,forestry-and-land-use,water-reservoirs,2016-01-01 00:00:00,2016-12-31 00:00:00,co2e_100yr,327041.95524968003,,annual,,
AUS,forestry-and-land-use,water-reservoirs,2017-01-01 00:00:00,2017-12-31 00:00:00,co2e_100yr,410564.2601055276,,annual,,
AUS,forestry-and-land-use,water-reservoirs,2018-01-01 00:00:00,2018-12-31 00:00:00,co2e_100yr,821856.5500534199,,annual,,
AUS,forestry-and-land-use,water-reservoirs,2019-01-01 00:00:00,2019-12-31 00:00:00,co2e_100yr,894301.7830345437,,annual,,
AUS,forestry-and-land-use,water-reservoirs,2020-01-01 00:00:00,2020-12-31 00:00:00,co2e_100yr,845296.1793838426,,annual,,
AUS,forestry-and-land-use,water-reservoirs,2021-01-01 00:00:00,2021-12-31 00:00:00,co2e_100yr,1089173.0274362818,,annual,,
AUS,forestry-and-land-use,water-reservoirs,2022-01-01 00:00:00,2022-12-31 00:00:00,co2e_100yr,970500.5293477564,,annual,,
AUS,forestry-and-land-use,water-reservoirs,2023-01-01 00:00:00,2023-12-31 00:00:00,co2e_100yr,1446847.3359537867,,annual,,
AUS,forestry-and-land-use,water-reservoirs,2024-01-01 00:00:00,2024-12-31 00:00:00,co2e_100yr,1257054.626666627,,annual,,
AUS,forestry-and-land-use,water-reservoirs,2025-01-01 00:00:00,2025-12-31 00:00:00,co2e_100yr,561265.8785293222,,annual,,
