iso3_country,sector,subsector,start_time,end_time,gas,emissions_quantity,emissions_quantity_units,temporal_granularity,created_date,modified_date
AUS,forestry-and-land-use,wetland-fires,2015-01-01 00:00:00,2015-12-31 00:00:00,co2e_100yr,3098838.536141535,,annual,,
AUS,forestry-and-land-use,wetland-fires,2016-01-01 00:00:00,2016-12-31 00:00:00,co2e_100yr,2043480.5658771116,,annual,,
AUS,forestry-and-land-use,wetland-fires,2017-01-01 00:00:00,2017-12-31 00:00:00,co2e_100yr,1837558.1901193184,,annual,,
AUS,forestry-and-land-use,wetland-fires,2018-01-01 00:00:00,2018-12-31 00:00:00,co2e_100yr,2544566.6093715634,,annual,,
AUS,forestry-and-land-use,wetland-fires,2019-01-01 00:00:00,2019-12-31 00:00:00,co2e_100yr,2734759.7145937327,,annual,,
AUS,forestry-and-land-use,wetland-fires,2020-01-01 00:00:00,2020-12-31 00:00:00,co2e_100yr,2108177.1211806457,,annual,,
AUS,forestry-and-land-use,wetland-fires,2021-01-01 00:00:00,2021-12-31 00:00:00,co2e_100yr,1867054.8507708,,annual,,
AUS,forestry-and-land-use,wetland-fires,2022-01-01 00:00:00,2022-12-31 00:00:00,co2e_100yr,340471.38023390004,,annual,,
AUS,forestry-and-land-use,wetland-fires,2023-01-01 00:00:00,2023-12-31 00:00:00,co2e_100yr,1144957.9541838998,,annual,,
AUS,forestry-and-land-use,wetland-fires,2024-01-01 00:00:00,2024-12-31 00:00:00,co2e_100yr,682130.63794,,annual,,
AUS,forestry-and-land-use,wetland-fires,2025-01-01 00:00:00,2025-12-31 00:00:00,co2e_100yr,29968.26504,,annual,,
