iso3_country,sector,subsector,start_time,end_time,gas,emissions_quantity,emissions_quantity_units,temporal_granularity,created_date,modified_date
AUS,fossil-fuel-operations,coal-mining,2015-01-01 00:00:00,2015-12-31 00:00:00,co2e_100yr,102209488.89092474,,annual,,
AUS,fossil-fuel-operations,coal-mining,2016-01-01 00:00:00,2016-12-31 00:00:00,co2e_100yr,102209488.89092477,,annual,,
AUS,fossil-fuel-operations,coal-mining,2017-01-01 00:00:00,2017-12-31 00:00:00,co2e_100yr,104061084.64301346,,annual,,
AUS,fossil-fuel-operations,coal-mining,2018-01-01 00:00:00,2018-12-31 00:00:00,co2e_100yr,104576362.29474331,,annual,,
AUS,fossil-fuel-operations,coal-mining,2019-01-01 00:00:00,2019-12-31 00:00:00,co2e_100yr,107997737.21020196,,annual,,
AUS,fossil-fuel-operations,coal-mining,2020-01-01 00:00:00,2020-12-31 00:00:00,co2e_100yr,105224700.8493454,,annual,,
AUS,fossil-fuel-operations,coal-mining,2021-01-01 00:00:00,2021-12-31 00:00:00,co2e_100yr,106206411.26941764,,annual,,
AUS,fossil-fuel-operations,coal-mining,2022-01-01 00:00:00,2022-12-31 00:00:00,co2e_100yr,101561308.64806874,,annual,,
AUS,fossil-fuel-operations,coal-mining,2023-01-01 00:00:00,2023-12-31 00:00:00,co2e_100yr,112241205.87443525,,annual,,
AUS,fossil-fuel-operations,coal-mining,2024-01-01 00:00:00,2024-12-31 00:00:00,co2e_100yr,112241205.87443522,,annual,,
AUS,fossil-fuel-operations,coal-mining,2025-01-01 00:00:00,2025-12-31 00:00:00,co2e_100yr,56120602.93721761,,annual,,
