iso3_country,sector,subsector,start_time,end_time,gas,emissions_quantity,emissions_quantity_units,temporal_granularity,created_date,modified_date
AUS,fossil-fuel-operations,oil-and-gas-refining,2015-01-01 00:00:00,2015-12-31 00:00:00,co2e_100yr,5594153.718652244,,annual,,
AUS,fossil-fuel-operations,oil-and-gas-refining,2016-01-01 00:00:00,2016-12-31 00:00:00,co2e_100yr,4951962.360029585,,annual,,
AUS,fossil-fuel-operations,oil-and-gas-refining,2017-01-01 00:00:00,2017-12-31 00:00:00,co2e_100yr,4753726.802622606,,annual,,
AUS,fossil-fuel-operations,oil-and-gas-refining,2018-01-01 00:00:00,2018-12-31 00:00:00,co2e_100yr,5375609.862336241,,annual,,
AUS,fossil-fuel-operations,oil-and-gas-refining,2019-01-01 00:00:00,2019-12-31 00:00:00,co2e_100yr,5251893.823761621,,annual,,
AUS,fossil-fuel-operations,oil-and-gas-refining,2020-01-01 00:00:00,2020-12-31 00:00:00,co2e_100yr,4394405.801398941,,annual,,
AUS,fossil-fuel-operations,oil-and-gas-refining,2021-01-01 00:00:00,2021-12-31 00:00:00,co2e_100yr,3593983.5424575764,,annual,,
AUS,fossil-fuel-operations,oil-and-gas-refining,2022-01-01 00:00:00,2022-12-31 00:00:00,co2e_100yr,2716932.856917901,,annual,,
AUS,fossil-fuel-operations,oil-and-gas-refining,2023-01-01 00:00:00,2023-12-31 00:00:00,co2e_100yr,2710782.4709699387,,annual,,
AUS,fossil-fuel-operations,oil-and-gas-refining,2024-01-01 00:00:00,2024-12-31 00:00:00,co2e_100yr,2740693.827328485,,annual,,
AUS,fossil-fuel-operations,oil-and-gas-refining,2025-01-01 00:00:00,2025-12-31 00:00:00,co2e_100yr,1399020.3608733867,,annual,,
