iso3_country,sector,subsector,start_time,end_time,gas,emissions_quantity,emissions_quantity_units,temporal_granularity,created_date,modified_date
AUS,fossil-fuel-operations,oil-and-gas-transport,2015-01-01 00:00:00,2015-12-31 00:00:00,co2e_100yr,38134481.07274262,,annual,,
AUS,fossil-fuel-operations,oil-and-gas-transport,2016-01-01 00:00:00,2016-12-31 00:00:00,co2e_100yr,52043531.44681383,,annual,,
AUS,fossil-fuel-operations,oil-and-gas-transport,2017-01-01 00:00:00,2017-12-31 00:00:00,co2e_100yr,67045347.10108678,,annual,,
AUS,fossil-fuel-operations,oil-and-gas-transport,2018-01-01 00:00:00,2018-12-31 00:00:00,co2e_100yr,81127273.27255793,,annual,,
AUS,fossil-fuel-operations,oil-and-gas-transport,2019-01-01 00:00:00,2019-12-31 00:00:00,co2e_100yr,92904336.77563152,,annual,,
AUS,fossil-fuel-operations,oil-and-gas-transport,2020-01-01 00:00:00,2020-12-31 00:00:00,co2e_100yr,93820812.07957152,,annual,,
AUS,fossil-fuel-operations,oil-and-gas-transport,2021-01-01 00:00:00,2021-12-31 00:00:00,co2e_100yr,95124071.24483936,,annual,,
AUS,fossil-fuel-operations,oil-and-gas-transport,2022-01-01 00:00:00,2022-12-31 00:00:00,co2e_100yr,97561347.46995495,,annual,,
AUS,fossil-fuel-operations,oil-and-gas-transport,2023-01-01 00:00:00,2023-12-31 00:00:00,co2e_100yr,99580453.31689484,,annual,,
AUS,fossil-fuel-operations,oil-and-gas-transport,2024-01-01 00:00:00,2024-12-31 00:00:00,co2e_100yr,97975528.28272602,,annual,,
AUS,fossil-fuel-operations,oil-and-gas-transport,2025-01-01 00:00:00,2025-12-31 00:00:00,co2e_100yr,45979741.255204126,,annual,,
