parent_name,parent_entity_id,parent_entity_type,parent_lei,parent_permid,parent_registration_country,parent_headquarter_country,overall_share_percent,ownership_path,ownership_path_datasource_ids,immediate_source_owner,immediate_source_owner_entity_id,source_operator,source_operator_id,source_id,source_name,source_sector,source_subsector
Cooper Energy (Ch) Pty Ltd,E100002014119,legal entity,,,,,,Cooper Energy (Ch) Pty Ltd -> Australia_Gippsland_Conventional shelf [unknown %],,Cooper Energy (Ch) Pty Ltd,E100002014119,,,3588298,Australia_Gippsland_Conventional shelf,fossil-fuel-operations,oil-and-gas-transport
Santos Ltd,E100001015045,legal entity,5299000RK70B5O2M7077,4295857141,AUS,AUS,,Santos Ltd -> Australia_North Carnarvon_Conventional shelf [unknown %],,Santos Ltd,E100001015045,,,3588300,Australia_North Carnarvon_Conventional shelf,fossil-fuel-operations,oil-and-gas-transport
Dodge & Cox ,E100001015644,legal entity,549300SV2HIB7EJR0U84,5000666594,USA,USA,,Dodge & Cox  -> State Street Corp [6.6%] -> BHP Group Ltd [5.08%] -> Australia_North Carnarvon_Conventional shelf [unknown %],108594.0,BHP Group Ltd,E100000000015,,,3588300,Australia_North Carnarvon_Conventional shelf,fossil-fuel-operations,oil-and-gas-transport
Apache Northwest Pte Ltd,E100002013807,legal entity,,,,,,Apache Northwest Pte Ltd -> Australia_North Carnarvon_Conventional shelf [unknown %],,Apache Northwest Pte Ltd,E100002013807,,,3588300,Australia_North Carnarvon_Conventional shelf,fossil-fuel-operations,oil-and-gas-transport
BHP Group Ltd,E100000000015,legal entity,WZE1WSENV6JSZFK0JC28,4295856983,AUS,AUS,,BHP Group Ltd -> Australia_North Carnarvon_Conventional shelf [unknown %],,BHP Group Ltd,E100000000015,,,3588300,Australia_North Carnarvon_Conventional shelf,fossil-fuel-operations,oil-and-gas-transport
BlackRock Inc,E100001000348,legal entity,549300LRIF3NWCU26A80,4295900990,USA,USA,,BlackRock Inc -> BHP Group Ltd [6.9%] -> Australia_North Carnarvon_Conventional shelf [unknown %],,BHP Group Ltd,E100000000015,,,3588300,Australia_North Carnarvon_Conventional shelf,fossil-fuel-operations,oil-and-gas-transport
Citigroup Global Markets Australia Pte Ltd,E100001016392,legal entity,,5000053829,AUS,AUS,,Citigroup Global Markets Australia Pte Ltd -> BHP Group Ltd [6.3%] -> Australia_North Carnarvon_Conventional shelf [unknown %],,BHP Group Ltd,E100000000015,,,3588300,Australia_North Carnarvon_Conventional shelf,fossil-fuel-operations,oil-and-gas-transport
Blackrock Advisors LLC,E100001015833,legal entity,5493001LN9MRM6A35J74,4296341404,,,,Blackrock Advisors LLC -> BlackRock Inc [5.07%] -> BHP Group Ltd [6.9%] -> Australia_North Carnarvon_Conventional shelf [unknown %],108592.0,BHP Group Ltd,E100000000015,,,3588300,Australia_North Carnarvon_Conventional shelf,fossil-fuel-operations,oil-and-gas-transport
The Vanguard Group Inc,E100001010595,legal entity,5493002789CX3L0CJP65,4297651992,USA,USA,,The Vanguard Group Inc -> Santos Ltd [5.0%] -> Australia_North Carnarvon_Conventional shelf [unknown %],,Santos Ltd,E100001015045,,,3588300,Australia_North Carnarvon_Conventional shelf,fossil-fuel-operations,oil-and-gas-transport
Quadrant Energy ,E100002014134,,,,,,,Quadrant Energy  -> Australia_North Carnarvon_Conventional shelf [unknown %],,Quadrant Energy ,E100002014134,,,3588300,Australia_North Carnarvon_Conventional shelf,fossil-fuel-operations,oil-and-gas-transport
small shareholder(s) ,E100001015587,unknown entity,not applicable,not applicable,,,,small shareholder(s)  -> Santos Ltd [88.85%] -> Australia_North Carnarvon_Conventional shelf [unknown %],,Santos Ltd,E100001015045,,,3588300,Australia_North Carnarvon_Conventional shelf,fossil-fuel-operations,oil-and-gas-transport
State Street Corp,E100001010596,legal entity,549300ZFEEJ2IP5VME73,4295904976,USA,USA,,State Street Corp -> Santos Ltd [6.15%] -> Australia_North Carnarvon_Conventional shelf [unknown %],,Santos Ltd,E100001015045,,,3588300,Australia_North Carnarvon_Conventional shelf,fossil-fuel-operations,oil-and-gas-transport
AustralianSuper Pty Ltd,E100001016377,legal entity,549300SDK641VC1FPE36,5001211269,AUS,AUS,,AustralianSuper Pty Ltd -> Woodside Energy Group Ltd [6.14%] -> Australia_North Carnarvon_LNG [unknown %],,Woodside Energy Group Ltd,E100001016083,Woodside Petroleum Ltd,E100002014109,3588303,Australia_North Carnarvon_LNG,fossil-fuel-operations,oil-and-gas-transport
Dodge & Cox ,E100001015644,legal entity,549300SV2HIB7EJR0U84,5000666594,USA,USA,,Dodge & Cox  -> State Street Corp [6.6%] -> Woodside Energy Group Ltd [7.12%] -> Australia_North Carnarvon_LNG [unknown %],155335.0,Woodside Energy Group Ltd,E100001016083,Woodside Petroleum Ltd,E100002014109,3588303,Australia_North Carnarvon_LNG,fossil-fuel-operations,oil-and-gas-transport
Woodside Energy Group Ltd,E100001016083,legal entity,2549005ZC5RXAOO7FH41,4295857433,AUS,AUS,,Woodside Energy Group Ltd -> Australia_North Carnarvon_LNG [unknown %],,Woodside Energy Group Ltd,E100001016083,Woodside Petroleum Ltd,E100002014109,3588303,Australia_North Carnarvon_LNG,fossil-fuel-operations,oil-and-gas-transport
The Vanguard Group Inc,E100001010595,legal entity,5493002789CX3L0CJP65,4297651992,USA,USA,,The Vanguard Group Inc -> Woodside Energy Group Ltd [6.04%] -> Australia_North Carnarvon_LNG [unknown %],,Woodside Energy Group Ltd,E100001016083,Woodside Petroleum Ltd,E100002014109,3588303,Australia_North Carnarvon_LNG,fossil-fuel-operations,oil-and-gas-transport
small shareholder(s) ,E100001015587,unknown entity,not applicable,not applicable,,,,small shareholder(s)  -> Woodside Energy Group Ltd [unknown %] -> Australia_North Carnarvon_LNG [unknown %],,Woodside Energy Group Ltd,E100001016083,Woodside Petroleum Ltd,E100002014109,3588303,Australia_North Carnarvon_LNG,fossil-fuel-operations,oil-and-gas-transport
State Street Corp,E100001010596,legal entity,549300ZFEEJ2IP5VME73,4295904976,USA,USA,,State Street Corp -> Woodside Energy Group Ltd [7.12%] -> Australia_North Carnarvon_LNG [unknown %],,Woodside Energy Group Ltd,E100001016083,Woodside Petroleum Ltd,E100002014109,3588303,Australia_North Carnarvon_LNG,fossil-fuel-operations,oil-and-gas-transport
Cassa Depositi e Prestiti SpA,E100001013560,legal entity,81560029E2CE4D14F425,4296435080,ITA,ITA,,Cassa Depositi e Prestiti SpA -> Eni SpA [27.73%] -> Australia_OtherBasins_OtherResources [unknown %],,Eni SpA,E100000000610,INPEX Corp,E100000000638,3588304,Australia_OtherBasins_OtherResources,fossil-fuel-operations,oil-and-gas-transport
Central Petroleum Ltd,E100001014394,legal entity,529900ZLCZUOOOGA0U95,4295858617,AUS,AUS,,Central Petroleum Ltd -> Australia_OtherBasins_OtherResources [unknown %],,Central Petroleum Ltd,E100001014394,INPEX Corp,E100000000638,3588304,Australia_OtherBasins_OtherResources,fossil-fuel-operations,oil-and-gas-transport
Norfolk Enchants Pty Ltd,E100001014397,legal entity,,5035486493,AUS,AUS,,Norfolk Enchants Pty Ltd -> Central Petroleum Ltd [6.31%] -> Australia_OtherBasins_OtherResources [unknown %],,Central Petroleum Ltd,E100001014394,INPEX Corp,E100000000638,3588304,Australia_OtherBasins_OtherResources,fossil-fuel-operations,oil-and-gas-transport
Government of Italy ,E100001016677,state,,4296680621,,ITA,,Government of Italy  -> Cassa Depositi e Prestiti SpA [82.77%] -> Eni SpA [27.73%] -> Australia_OtherBasins_OtherResources [unknown %],102667.0,Eni SpA,E100000000610,INPEX Corp,E100000000638,3588304,Australia_OtherBasins_OtherResources,fossil-fuel-operations,oil-and-gas-transport
Eni SpA,E100000000610,legal entity,BUCRF72VH5RBN7X3VL35,4295875633,ITA,ITA,,Eni SpA -> Australia_OtherBasins_OtherResources [unknown %],,Eni SpA,E100000000610,INPEX Corp,E100000000638,3588304,Australia_OtherBasins_OtherResources,fossil-fuel-operations,oil-and-gas-transport
small shareholder(s) ,E100001015587,unknown entity,not applicable,not applicable,,,,small shareholder(s)  -> Eni SpA [72.27%] -> Australia_OtherBasins_OtherResources [unknown %],,Eni SpA,E100000000610,INPEX Corp,E100000000638,3588304,Australia_OtherBasins_OtherResources,fossil-fuel-operations,oil-and-gas-transport
