iso3_country,sector,subsector,start_time,end_time,gas,emissions_quantity,emissions_quantity_units,temporal_granularity,created_date,modified_date
AUS,fossil-fuel-operations,oil-and-gas-production,2015-01-01 00:00:00,2015-12-31 00:00:00,co2e_100yr,30610508.295873977,,annual,,
AUS,fossil-fuel-operations,oil-and-gas-production,2016-01-01 00:00:00,2016-12-31 00:00:00,co2e_100yr,32683017.20673169,,annual,,
AUS,fossil-fuel-operations,oil-and-gas-production,2017-01-01 00:00:00,2017-12-31 00:00:00,co2e_100yr,37265621.968736656,,annual,,
AUS,fossil-fuel-operations,oil-and-gas-production,2018-01-01 00:00:00,2018-12-31 00:00:00,co2e_100yr,41624072.78050336,,annual,,
AUS,fossil-fuel-operations,oil-and-gas-production,2019-01-01 00:00:00,2019-12-31 00:00:00,co2e_100yr,51227511.51115392,,annual,,
AUS,fossil-fuel-operations,oil-and-gas-production,2020-01-01 00:00:00,2020-12-31 00:00:00,co2e_100yr,51137131.05958893,,annual,,
AUS,fossil-fuel-operations,oil-and-gas-production,2021-01-01 00:00:00,2021-12-31 00:00:00,co2e_100yr,51074976.96322745,,annual,,
AUS,fossil-fuel-operations,oil-and-gas-production,2022-01-01 00:00:00,2022-12-31 00:00:00,co2e_100yr,50409629.59994444,,annual,,
AUS,fossil-fuel-operations,oil-and-gas-production,2023-01-01 00:00:00,2023-12-31 00:00:00,co2e_100yr,49819696.21847742,,annual,,
AUS,fossil-fuel-operations,oil-and-gas-production,2024-01-01 00:00:00,2024-12-31 00:00:00,co2e_100yr,50250276.572783135,,annual,,
AUS,fossil-fuel-operations,oil-and-gas-production,2025-01-01 00:00:00,2025-12-31 00:00:00,co2e_100yr,23459536.49810236,,annual,,
