parent_name,parent_entity_id,parent_entity_type,parent_lei,parent_permid,parent_registration_country,parent_headquarter_country,overall_share_percent,ownership_path,ownership_path_datasource_ids,immediate_source_owner,immediate_source_owner_entity_id,source_operator,source_operator_id,source_id,source_name,source_sector,source_subsector
Apache Northwest Pte Ltd,E100002013807,legal entity,,,,,,Apache Northwest Pte Ltd -> Australia_North Carnarvon_Conventional shelf [unknown %],,Apache Northwest Pte Ltd,E100002013807,Quadrant Energy ; BHP Group Ltd,E100002014134; E100000000015,3588586,Australia_North Carnarvon_Conventional shelf,fossil-fuel-operations,oil-and-gas-production
State Street Corp,E100001010596,legal entity,549300ZFEEJ2IP5VME73,4295904976,USA,USA,,State Street Corp -> Santos Ltd [6.15%] -> Australia_North Carnarvon_Conventional shelf [unknown %],,Santos Ltd,E100001015045,Quadrant Energy ; BHP Group Ltd,E100002014134; E100000000015,3588586,Australia_North Carnarvon_Conventional shelf,fossil-fuel-operations,oil-and-gas-production
Santos Ltd,E100001015045,legal entity,5299000RK70B5O2M7077,4295857141,AUS,AUS,,Santos Ltd -> Australia_North Carnarvon_Conventional shelf [unknown %],,Santos Ltd,E100001015045,Quadrant Energy ; BHP Group Ltd,E100002014134; E100000000015,3588586,Australia_North Carnarvon_Conventional shelf,fossil-fuel-operations,oil-and-gas-production
Dodge & Cox ,E100001015644,legal entity,549300SV2HIB7EJR0U84,5000666594,USA,USA,,Dodge & Cox  -> State Street Corp [6.6%] -> Santos Ltd [6.15%] -> Australia_North Carnarvon_Conventional shelf [unknown %],"152872,152871",Santos Ltd,E100001015045,Quadrant Energy ; BHP Group Ltd,E100002014134; E100000000015,3588586,Australia_North Carnarvon_Conventional shelf,fossil-fuel-operations,oil-and-gas-production
The Vanguard Group Inc,E100001010595,legal entity,5493002789CX3L0CJP65,4297651992,USA,USA,,The Vanguard Group Inc -> Santos Ltd [5.0%] -> Australia_North Carnarvon_Conventional shelf [unknown %],,Santos Ltd,E100001015045,Quadrant Energy ; BHP Group Ltd,E100002014134; E100000000015,3588586,Australia_North Carnarvon_Conventional shelf,fossil-fuel-operations,oil-and-gas-production
small shareholder(s) ,E100001015587,unknown entity,not applicable,not applicable,,,,small shareholder(s)  -> Santos Ltd [88.85%] -> Australia_North Carnarvon_Conventional shelf [unknown %],,Santos Ltd,E100001015045,Quadrant Energy ; BHP Group Ltd,E100002014134; E100000000015,3588586,Australia_North Carnarvon_Conventional shelf,fossil-fuel-operations,oil-and-gas-production
State Street Corp,E100001010596,legal entity,549300ZFEEJ2IP5VME73,4295904976,USA,USA,,State Street Corp -> Woodside Energy Group Ltd [7.12%] -> Australia_North Carnarvon_LNG [unknown %],,Woodside Energy Group Ltd,E100001016083,Woodside Petroleum Ltd,E100002014109,3588589,Australia_North Carnarvon_LNG,fossil-fuel-operations,oil-and-gas-production
AustralianSuper Pty Ltd,E100001016377,legal entity,549300SDK641VC1FPE36,5001211269,AUS,AUS,,AustralianSuper Pty Ltd -> Woodside Energy Group Ltd [6.14%] -> Australia_North Carnarvon_LNG [unknown %],,Woodside Energy Group Ltd,E100001016083,Woodside Petroleum Ltd,E100002014109,3588589,Australia_North Carnarvon_LNG,fossil-fuel-operations,oil-and-gas-production
Woodside Energy Group Ltd,E100001016083,legal entity,2549005ZC5RXAOO7FH41,4295857433,AUS,AUS,,Woodside Energy Group Ltd -> Australia_North Carnarvon_LNG [unknown %],,Woodside Energy Group Ltd,E100001016083,Woodside Petroleum Ltd,E100002014109,3588589,Australia_North Carnarvon_LNG,fossil-fuel-operations,oil-and-gas-production
Dodge & Cox ,E100001015644,legal entity,549300SV2HIB7EJR0U84,5000666594,USA,USA,,Dodge & Cox  -> State Street Corp [6.6%] -> Woodside Energy Group Ltd [7.12%] -> Australia_North Carnarvon_LNG [unknown %],155335,Woodside Energy Group Ltd,E100001016083,Woodside Petroleum Ltd,E100002014109,3588589,Australia_North Carnarvon_LNG,fossil-fuel-operations,oil-and-gas-production
The Vanguard Group Inc,E100001010595,legal entity,5493002789CX3L0CJP65,4297651992,USA,USA,,The Vanguard Group Inc -> Woodside Energy Group Ltd [6.04%] -> Australia_North Carnarvon_LNG [unknown %],,Woodside Energy Group Ltd,E100001016083,Woodside Petroleum Ltd,E100002014109,3588589,Australia_North Carnarvon_LNG,fossil-fuel-operations,oil-and-gas-production
small shareholder(s) ,E100001015587,unknown entity,not applicable,not applicable,,,,small shareholder(s)  -> Woodside Energy Group Ltd [unknown %] -> Australia_North Carnarvon_LNG [unknown %],,Woodside Energy Group Ltd,E100001016083,Woodside Petroleum Ltd,E100002014109,3588589,Australia_North Carnarvon_LNG,fossil-fuel-operations,oil-and-gas-production
