iso3_country,sector,subsector,start_time,end_time,gas,emissions_quantity,emissions_quantity_units,temporal_granularity,created_date,modified_date
AUS,fossil-fuel-operations,other-fossil-fuel-operations,2015-01-01 00:00:00,2015-12-31 00:00:00,co2e_100yr,8655.31730388921,,annual,,
AUS,fossil-fuel-operations,other-fossil-fuel-operations,2016-01-01 00:00:00,2016-12-31 00:00:00,co2e_100yr,6588.447339486258,,annual,,
AUS,fossil-fuel-operations,other-fossil-fuel-operations,2017-01-01 00:00:00,2017-12-31 00:00:00,co2e_100yr,8406.335457778716,,annual,,
AUS,fossil-fuel-operations,other-fossil-fuel-operations,2018-01-01 00:00:00,2018-12-31 00:00:00,co2e_100yr,8943.28039368795,,annual,,
AUS,fossil-fuel-operations,other-fossil-fuel-operations,2019-01-01 00:00:00,2019-12-31 00:00:00,co2e_100yr,15716.844204050029,,annual,,
AUS,fossil-fuel-operations,other-fossil-fuel-operations,2020-01-01 00:00:00,2020-12-31 00:00:00,co2e_100yr,14848.71274567648,,annual,,
AUS,fossil-fuel-operations,other-fossil-fuel-operations,2021-01-01 00:00:00,2021-12-31 00:00:00,co2e_100yr,15322.22557283463,,annual,,
AUS,fossil-fuel-operations,other-fossil-fuel-operations,2022-01-01 00:00:00,2022-12-31 00:00:00,co2e_100yr,16917.356404720686,,annual,,
AUS,fossil-fuel-operations,other-fossil-fuel-operations,2023-01-01 00:00:00,2023-12-31 00:00:00,co2e_100yr,15752.459961583443,,annual,,
AUS,fossil-fuel-operations,other-fossil-fuel-operations,2024-01-01 00:00:00,2024-12-31 00:00:00,co2e_100yr,15752.459961583443,,annual,,
AUS,fossil-fuel-operations,other-fossil-fuel-operations,2025-01-01 00:00:00,2025-12-31 00:00:00,co2e_100yr,7876.229980791722,,annual,,
