iso3_country,sector,subsector,start_time,end_time,gas,emissions_quantity,emissions_quantity_units,temporal_granularity,created_date,modified_date
AUS,power,electricity-generation,2015-01-01 00:00:00,2015-12-31 00:00:00,co2,191274800,,annual,,
AUS,power,electricity-generation,2016-01-01 00:00:00,2016-12-31 00:00:00,co2,185095500,,annual,,
AUS,power,electricity-generation,2017-01-01 00:00:00,2017-12-31 00:00:00,co2,188004850,,annual,,
AUS,power,electricity-generation,2018-01-01 00:00:00,2018-12-31 00:00:00,co2,181548930,,annual,,
AUS,power,electricity-generation,2019-01-01 00:00:00,2019-12-31 00:00:00,co2,173918190,,annual,,
AUS,power,electricity-generation,2020-01-01 00:00:00,2020-12-31 00:00:00,co2,169595310,,annual,,
AUS,power,electricity-generation,2021-01-01 00:00:00,2021-12-31 00:00:00,co2,161339490,,annual,,
AUS,power,electricity-generation,2022-01-01 00:00:00,2022-12-31 00:00:00,co2,155421700,,annual,,
AUS,power,electricity-generation,2023-01-01 00:00:00,2023-12-31 00:00:00,co2,148856400,,annual,,
AUS,power,electricity-generation,2024-01-01 00:00:00,2024-12-31 00:00:00,co2,150202950,,annual,,
AUS,power,electricity-generation,2025-01-01 00:00:00,2025-12-31 00:00:00,co2,73954320,,annual,,
