iso3_country,sector,subsector,start_time,end_time,gas,emissions_quantity,emissions_quantity_units,temporal_granularity,created_date,modified_date
AUS,power,other-energy-use,2015-01-01 00:00:00,2015-12-31 00:00:00,co2,7080534.919458001,,annual,,
AUS,power,other-energy-use,2016-01-01 00:00:00,2016-12-31 00:00:00,co2,17623523.376459002,,annual,,
AUS,power,other-energy-use,2017-01-01 00:00:00,2017-12-31 00:00:00,co2,11478837.621150894,,annual,,
AUS,power,other-energy-use,2018-01-01 00:00:00,2018-12-31 00:00:00,co2,10486279.51371,,annual,,
AUS,power,other-energy-use,2019-01-01 00:00:00,2019-12-31 00:00:00,co2,14151396.648589185,,annual,,
AUS,power,other-energy-use,2020-01-01 00:00:00,2020-12-31 00:00:00,co2,10022940.377049606,,annual,,
AUS,power,other-energy-use,2021-01-01 00:00:00,2021-12-31 00:00:00,co2,10613247.786741609,,annual,,
AUS,power,other-energy-use,2022-01-01 00:00:00,2022-12-31 00:00:00,co2,5700781.599212713,,annual,,
AUS,power,other-energy-use,2023-01-01 00:00:00,2023-12-31 00:00:00,co2,6542371.5576218935,,annual,,
AUS,power,other-energy-use,2024-01-01 00:00:00,2024-12-31 00:00:00,co2,6542371.557621893,,annual,,
AUS,power,other-energy-use,2025-01-01 00:00:00,2025-12-31 00:00:00,co2,3412982.0105612963,,annual,,
