iso3_country,sector,subsector,start_time,end_time,gas,emissions_quantity,emissions_quantity_units,temporal_granularity,created_date,modified_date
AUS,buildings,non-residential-onsite-fuel-usage,2015-01-01 00:00:00,2015-12-31 00:00:00,co2,2510588.54,,annual,,
AUS,buildings,non-residential-onsite-fuel-usage,2016-01-01 00:00:00,2016-12-31 00:00:00,co2,2574650.872,,annual,,
AUS,buildings,non-residential-onsite-fuel-usage,2017-01-01 00:00:00,2017-12-31 00:00:00,co2,2622117.93,,annual,,
AUS,buildings,non-residential-onsite-fuel-usage,2018-01-01 00:00:00,2018-12-31 00:00:00,co2,2656655.4410000006,,annual,,
AUS,buildings,non-residential-onsite-fuel-usage,2019-01-01 00:00:00,2019-12-31 00:00:00,co2,2555008.54,,annual,,
AUS,buildings,non-residential-onsite-fuel-usage,2020-01-01 00:00:00,2020-12-31 00:00:00,co2,2539591.615,,annual,,
AUS,buildings,non-residential-onsite-fuel-usage,2021-01-01 00:00:00,2021-12-31 00:00:00,co2,2467708.651,,annual,,
AUS,buildings,non-residential-onsite-fuel-usage,2022-01-01 00:00:00,2022-12-31 00:00:00,co2,2601950.9410000006,,annual,,
AUS,buildings,non-residential-onsite-fuel-usage,2023-01-01 00:00:00,2023-12-31 00:00:00,co2,2633189.097,,annual,,
AUS,buildings,non-residential-onsite-fuel-usage,2024-01-01 00:00:00,2024-12-31 00:00:00,co2,2633189.097,,annual,,
AUS,buildings,non-residential-onsite-fuel-usage,2025-01-01 00:00:00,2025-12-31 00:00:00,co2,1264860.2209999997,,annual,,
