iso3_country,sector,subsector,start_time,end_time,gas,emissions_quantity,emissions_quantity_units,temporal_granularity,created_date,modified_date
AUS,buildings,other-onsite-fuel-usage,2015-01-01 00:00:00,2015-12-31 00:00:00,co2,6744866.346765401,,annual,,
AUS,buildings,other-onsite-fuel-usage,2016-01-01 00:00:00,2016-12-31 00:00:00,co2,7227030.468318909,,annual,,
AUS,buildings,other-onsite-fuel-usage,2017-01-01 00:00:00,2017-12-31 00:00:00,co2,7804665.817586004,,annual,,
AUS,buildings,other-onsite-fuel-usage,2018-01-01 00:00:00,2018-12-31 00:00:00,co2,8497304.393508084,,annual,,
AUS,buildings,other-onsite-fuel-usage,2019-01-01 00:00:00,2019-12-31 00:00:00,co2,9129357.936611928,,annual,,
AUS,buildings,other-onsite-fuel-usage,2020-01-01 00:00:00,2020-12-31 00:00:00,co2,9376398.502870806,,annual,,
AUS,buildings,other-onsite-fuel-usage,2021-01-01 00:00:00,2021-12-31 00:00:00,co2,9192676.529421968,,annual,,
AUS,buildings,other-onsite-fuel-usage,2022-01-01 00:00:00,2022-12-31 00:00:00,co2,9090090.466729729,,annual,,
AUS,buildings,other-onsite-fuel-usage,2023-01-01 00:00:00,2023-12-31 00:00:00,co2,9619250.267142247,,annual,,
AUS,buildings,other-onsite-fuel-usage,2024-01-01 00:00:00,2024-12-31 00:00:00,co2,9619250.267142247,,annual,,
AUS,buildings,other-onsite-fuel-usage,2025-01-01 00:00:00,2025-12-31 00:00:00,co2,4522687.45195646,,annual,,
