iso3_country,sector,subsector,start_time,end_time,gas,emissions_quantity,emissions_quantity_units,temporal_granularity,created_date,modified_date
AUS,buildings,residential-onsite-fuel-usage,2015-01-01 00:00:00,2015-12-31 00:00:00,co2,18512941.434,,annual,,
AUS,buildings,residential-onsite-fuel-usage,2016-01-01 00:00:00,2016-12-31 00:00:00,co2,19048860.842,,annual,,
AUS,buildings,residential-onsite-fuel-usage,2017-01-01 00:00:00,2017-12-31 00:00:00,co2,19535901.393,,annual,,
AUS,buildings,residential-onsite-fuel-usage,2018-01-01 00:00:00,2018-12-31 00:00:00,co2,19620284.134000003,,annual,,
AUS,buildings,residential-onsite-fuel-usage,2019-01-01 00:00:00,2019-12-31 00:00:00,co2,18319699.892,,annual,,
AUS,buildings,residential-onsite-fuel-usage,2020-01-01 00:00:00,2020-12-31 00:00:00,co2,17840589.188,,annual,,
AUS,buildings,residential-onsite-fuel-usage,2021-01-01 00:00:00,2021-12-31 00:00:00,co2,17443723.457999997,,annual,,
AUS,buildings,residential-onsite-fuel-usage,2022-01-01 00:00:00,2022-12-31 00:00:00,co2,18402424.503,,annual,,
AUS,buildings,residential-onsite-fuel-usage,2023-01-01 00:00:00,2023-12-31 00:00:00,co2,18665026.926,,annual,,
AUS,buildings,residential-onsite-fuel-usage,2024-01-01 00:00:00,2024-12-31 00:00:00,co2,18665026.926,,annual,,
AUS,buildings,residential-onsite-fuel-usage,2025-01-01 00:00:00,2025-12-31 00:00:00,co2,8983332.828,,annual,,
