iso3_country,sector,subsector,start_time,end_time,gas,emissions_quantity,emissions_quantity_units,temporal_granularity,created_date,modified_date
AUS,fossil-fuel-operations,coal-mining,2015-01-01 00:00:00,2015-12-31 00:00:00,co2,9600599.503593875,,annual,,
AUS,fossil-fuel-operations,coal-mining,2016-01-01 00:00:00,2016-12-31 00:00:00,co2,9600599.50359388,,annual,,
AUS,fossil-fuel-operations,coal-mining,2017-01-01 00:00:00,2017-12-31 00:00:00,co2,9813646.167085905,,annual,,
AUS,fossil-fuel-operations,coal-mining,2018-01-01 00:00:00,2018-12-31 00:00:00,co2,9911062.832300948,,annual,,
AUS,fossil-fuel-operations,coal-mining,2019-01-01 00:00:00,2019-12-31 00:00:00,co2,10124692.329117622,,annual,,
AUS,fossil-fuel-operations,coal-mining,2020-01-01 00:00:00,2020-12-31 00:00:00,co2,9852716.083170384,,annual,,
AUS,fossil-fuel-operations,coal-mining,2021-01-01 00:00:00,2021-12-31 00:00:00,co2,10162192.063320627,,annual,,
AUS,fossil-fuel-operations,coal-mining,2022-01-01 00:00:00,2022-12-31 00:00:00,co2,9799802.06332063,,annual,,
AUS,fossil-fuel-operations,coal-mining,2023-01-01 00:00:00,2023-12-31 00:00:00,co2,10547463.63434288,,annual,,
AUS,fossil-fuel-operations,coal-mining,2024-01-01 00:00:00,2024-12-31 00:00:00,co2,10547463.63434288,,annual,,
AUS,fossil-fuel-operations,coal-mining,2025-01-01 00:00:00,2025-12-31 00:00:00,co2,5273731.81717144,,annual,,
