iso3_country,sector,subsector,start_time,end_time,gas,emissions_quantity,emissions_quantity_units,temporal_granularity,created_date,modified_date
AUS,fossil-fuel-operations,oil-and-gas-production,2015-01-01 00:00:00,2015-12-31 00:00:00,co2,12780982.977566198,,annual,,
AUS,fossil-fuel-operations,oil-and-gas-production,2016-01-01 00:00:00,2016-12-31 00:00:00,co2,13957933.79109565,,annual,,
AUS,fossil-fuel-operations,oil-and-gas-production,2017-01-01 00:00:00,2017-12-31 00:00:00,co2,16591996.619744789,,annual,,
AUS,fossil-fuel-operations,oil-and-gas-production,2018-01-01 00:00:00,2018-12-31 00:00:00,co2,19440618.39950401,,annual,,
AUS,fossil-fuel-operations,oil-and-gas-production,2019-01-01 00:00:00,2019-12-31 00:00:00,co2,25510206.10061982,,annual,,
AUS,fossil-fuel-operations,oil-and-gas-production,2020-01-01 00:00:00,2020-12-31 00:00:00,co2,25374018.144294407,,annual,,
AUS,fossil-fuel-operations,oil-and-gas-production,2021-01-01 00:00:00,2021-12-31 00:00:00,co2,25971249.57926719,,annual,,
AUS,fossil-fuel-operations,oil-and-gas-production,2022-01-01 00:00:00,2022-12-31 00:00:00,co2,25728243.48223654,,annual,,
AUS,fossil-fuel-operations,oil-and-gas-production,2023-01-01 00:00:00,2023-12-31 00:00:00,co2,25832366.828988165,,annual,,
AUS,fossil-fuel-operations,oil-and-gas-production,2024-01-01 00:00:00,2024-12-31 00:00:00,co2,26250519.42217009,,annual,,
AUS,fossil-fuel-operations,oil-and-gas-production,2025-01-01 00:00:00,2025-12-31 00:00:00,co2,12397025.285012947,,annual,,
