iso3_country,sector,subsector,start_time,end_time,gas,emissions_quantity,emissions_quantity_units,temporal_granularity,created_date,modified_date
AUS,fossil-fuel-operations,oil-and-gas-refining,2015-01-01 00:00:00,2015-12-31 00:00:00,co2,5571421.251823503,,annual,,
AUS,fossil-fuel-operations,oil-and-gas-refining,2016-01-01 00:00:00,2016-12-31 00:00:00,co2,4931631.78857661,,annual,,
AUS,fossil-fuel-operations,oil-and-gas-refining,2017-01-01 00:00:00,2017-12-31 00:00:00,co2,4734210.098855148,,annual,,
AUS,fossil-fuel-operations,oil-and-gas-refining,2018-01-01 00:00:00,2018-12-31 00:00:00,co2,5353539.98124728,,annual,,
AUS,fossil-fuel-operations,oil-and-gas-refining,2019-01-01 00:00:00,2019-12-31 00:00:00,co2,5230331.866119458,,annual,,
AUS,fossil-fuel-operations,oil-and-gas-refining,2020-01-01 00:00:00,2020-12-31 00:00:00,co2,4376364.311046866,,annual,,
AUS,fossil-fuel-operations,oil-and-gas-refining,2021-01-01 00:00:00,2021-12-31 00:00:00,co2,3579228.2347693103,,annual,,
AUS,fossil-fuel-operations,oil-and-gas-refining,2022-01-01 00:00:00,2022-12-31 00:00:00,co2,2705778.331638476,,annual,,
AUS,fossil-fuel-operations,oil-and-gas-refining,2023-01-01 00:00:00,2023-12-31 00:00:00,co2,2699653.196455932,,annual,,
AUS,fossil-fuel-operations,oil-and-gas-refining,2024-01-01 00:00:00,2024-12-31 00:00:00,co2,2729441.742823983,,annual,,
AUS,fossil-fuel-operations,oil-and-gas-refining,2025-01-01 00:00:00,2025-12-31 00:00:00,co2,1393276.601713983,,annual,,
