iso3_country,sector,subsector,start_time,end_time,gas,emissions_quantity,emissions_quantity_units,temporal_granularity,created_date,modified_date
AUS,fossil-fuel-operations,oil-and-gas-transport,2015-01-01 00:00:00,2015-12-31 00:00:00,co2,33460125.51344481,,annual,,
AUS,fossil-fuel-operations,oil-and-gas-transport,2016-01-01 00:00:00,2016-12-31 00:00:00,co2,45396723.4602606,,annual,,
AUS,fossil-fuel-operations,oil-and-gas-transport,2017-01-01 00:00:00,2017-12-31 00:00:00,co2,58140680.38458237,,annual,,
AUS,fossil-fuel-operations,oil-and-gas-transport,2018-01-01 00:00:00,2018-12-31 00:00:00,co2,70361781.68786834,,annual,,
AUS,fossil-fuel-operations,oil-and-gas-transport,2019-01-01 00:00:00,2019-12-31 00:00:00,co2,80636495.49348457,,annual,,
AUS,fossil-fuel-operations,oil-and-gas-transport,2020-01-01 00:00:00,2020-12-31 00:00:00,co2,81501783.64556456,,annual,,
AUS,fossil-fuel-operations,oil-and-gas-transport,2021-01-01 00:00:00,2021-12-31 00:00:00,co2,82584207.86015658,,annual,,
AUS,fossil-fuel-operations,oil-and-gas-transport,2022-01-01 00:00:00,2022-12-31 00:00:00,co2,84628824.81689805,,annual,,
AUS,fossil-fuel-operations,oil-and-gas-transport,2023-01-01 00:00:00,2023-12-31 00:00:00,co2,86394959.27911997,,annual,,
AUS,fossil-fuel-operations,oil-and-gas-transport,2024-01-01 00:00:00,2024-12-31 00:00:00,co2,84992217.43291101,,annual,,
AUS,fossil-fuel-operations,oil-and-gas-transport,2025-01-01 00:00:00,2025-12-31 00:00:00,co2,39795667.843799725,,annual,,
