iso3_country,sector,subsector,start_time,end_time,gas,emissions_quantity,emissions_quantity_units,temporal_granularity,created_date,modified_date
AUS,agriculture,cropland-fires,2015-01-01 00:00:00,2015-12-31 00:00:00,co2,10495007.595709143,,annual,,
AUS,agriculture,cropland-fires,2016-01-01 00:00:00,2016-12-31 00:00:00,co2,10002113.076217672,,annual,,
AUS,agriculture,cropland-fires,2017-01-01 00:00:00,2017-12-31 00:00:00,co2,13517887.735925827,,annual,,
AUS,agriculture,cropland-fires,2018-01-01 00:00:00,2018-12-31 00:00:00,co2,10104437.490074106,,annual,,
AUS,agriculture,cropland-fires,2019-01-01 00:00:00,2019-12-31 00:00:00,co2,8512139.670869423,,annual,,
AUS,agriculture,cropland-fires,2020-01-01 00:00:00,2020-12-31 00:00:00,co2,7909422.254605314,,annual,,
AUS,agriculture,cropland-fires,2021-01-01 00:00:00,2021-12-31 00:00:00,co2,8530634.346,,annual,,
AUS,agriculture,cropland-fires,2022-01-01 00:00:00,2022-12-31 00:00:00,co2,9153876.914,,annual,,
AUS,agriculture,cropland-fires,2023-01-01 00:00:00,2023-12-31 00:00:00,co2,9153876.913999995,,annual,,
AUS,agriculture,cropland-fires,2024-01-01 00:00:00,2024-12-31 00:00:00,co2,9153876.914,,annual,,
AUS,agriculture,cropland-fires,2025-01-01 00:00:00,2025-12-31 00:00:00,co2,4576938.457,,annual,,
