parent_name,parent_entity_id,parent_entity_type,parent_lei,parent_permid,parent_registration_country,parent_headquarter_country,overall_share_percent,ownership_path,ownership_path_datasource_ids,immediate_source_owner,immediate_source_owner_entity_id,source_operator,source_operator_id,source_id,source_name,source_sector,source_subsector
Jbs Foods Australia ,E100002012232,,,,,,,Jbs Foods Australia  -> Caroona Feedlot [unknown %],,Jbs Foods Australia ,E100002012232,,,818887,AUS_NSW_OtherBeefCattle_1,agriculture,enteric-fermentation-cattle-operation
Jbs Foods Australia ,E100002012232,,,,,,,Jbs Foods Australia  -> Prime City Feedlot [unknown %],,Jbs Foods Australia ,E100002012232,,,818926,AUS_NSW_OtherBeefCattle_6,agriculture,enteric-fermentation-cattle-operation
Rangers Valley Feedlot ,E100002013499,,,,,,,Rangers Valley Feedlot  -> Rangers Valley Cattle Station [unknown %],,Rangers Valley Feedlot ,E100002013499,,,818944,AUS_NSW_OtherBeefCattle_7,agriculture,enteric-fermentation-cattle-operation
Teys Australia ,E100002013500,,,,,,,Teys Australia  -> Teys Jindalee Feedlot [unknown %],,Teys Australia ,E100002013500,,,818961,AUS_NSW_OtherBeefCattle_8,agriculture,enteric-fermentation-cattle-operation
Gundamain Feedlot Pty Ltd,E100002013498,,,,,,,Gundamain Feedlot Pty Ltd -> Unknown Feedlot [unknown %],,Gundamain Feedlot Pty Ltd,E100002013498,,,818979,AUS_NSW_OtherBeefCattle_9,agriculture,enteric-fermentation-cattle-operation
Kleinschmidt Farms Pty Ltd,E100002013501,,,,,,,Kleinschmidt Farms Pty Ltd -> Gleneagle [unknown %],,Kleinschmidt Farms Pty Ltd,E100002013501,,,819221,AUS_QLD_MatureDairyCattle_224,agriculture,enteric-fermentation-cattle-operation
John Vincent Wilkie ,E100002013502,,,,,,,John Vincent Wilkie  -> Vd And Jv Wilkie [unknown %],,John Vincent Wilkie ,E100002013502,,,819648,AUS_QLD_MatureDairyCattle_459,agriculture,enteric-fermentation-cattle-operation
Australian Country Choice ,E100002013503,,,,,,,Australian Country Choice  -> Babbiloora Station [unknown %],,Australian Country Choice ,E100002013503,,,819712,AUS_QLD_OtherBeefCattle_106,agriculture,enteric-fermentation-cattle-operation
Australian Country Choice ,E100002013503,,,,,,,Australian Country Choice  -> Barkly Downs Cattle Station [unknown %],,Australian Country Choice ,E100002013503,,,819713,AUS_QLD_OtherBeefCattle_107,agriculture,enteric-fermentation-cattle-operation
Beef Breeding Services ,E100002013504,,,,,,,Beef Breeding Services  -> Beef Breeding Services [unknown %],,Beef Breeding Services ,E100002013504,,,819718,AUS_QLD_OtherBeefCattle_109,agriculture,enteric-fermentation-cattle-operation
Australian Agricultural Co,E100002012210,,,,,,,Australian Agricultural Co -> Aronui Feedlot [unknown %],,Australian Agricultural Co,E100002012210,,,819719,AUS_QLD_OtherBeefCattle_11,agriculture,enteric-fermentation-cattle-operation
Beef Breeding Services ,E100002013504,,,,,,,Beef Breeding Services  -> Beef Breeding Services [unknown %],,Beef Breeding Services ,E100002013504,,,819721,AUS_QLD_OtherBeefCattle_110,agriculture,enteric-fermentation-cattle-operation
Australian Country Choice ,E100002013503,,,,,,,Australian Country Choice  -> Black Mountain Station [unknown %],,Australian Country Choice ,E100002013503,,,819726,AUS_QLD_OtherBeefCattle_114,agriculture,enteric-fermentation-cattle-operation
Jbs Foods Australia ,E100002012232,,,,,,,Jbs Foods Australia  -> Beef City Feedlot [unknown %],,Jbs Foods Australia ,E100002012232,,,819735,AUS_QLD_OtherBeefCattle_12,agriculture,enteric-fermentation-cattle-operation
Australian Country Choice ,E100002013503,,,,,,,Australian Country Choice  -> Chesterton Station [unknown %],,Australian Country Choice ,E100002013503,,,819742,AUS_QLD_OtherBeefCattle_123,agriculture,enteric-fermentation-cattle-operation
Australian Country Choice ,E100002013503,,,,,,,Australian Country Choice  -> Brindley Park Feedlot [unknown %],,Australian Country Choice ,E100002013503,,,819752,AUS_QLD_OtherBeefCattle_13,agriculture,enteric-fermentation-cattle-operation
Australian Country Choice ,E100002013503,,,,,,,Australian Country Choice  -> Croydon Station [unknown %],,Australian Country Choice ,E100002013503,,,819760,AUS_QLD_OtherBeefCattle_132,agriculture,enteric-fermentation-cattle-operation
Australian Country Choice ,E100002013503,,,,,,,Australian Country Choice  -> Brisbane Valley Feedlot [unknown %],,Australian Country Choice ,E100002013503,,,819772,AUS_QLD_OtherBeefCattle_14,agriculture,enteric-fermentation-cattle-operation
Australian Country Choice ,E100002013503,,,,,,,Australian Country Choice  -> Dooloogarah Station [unknown %],,Australian Country Choice ,E100002013503,,,819777,AUS_QLD_OtherBeefCattle_142,agriculture,enteric-fermentation-cattle-operation
Fed-Up Feedlot Pty Ltd,E100002013507,,,,,,,Fed-Up Feedlot Pty Ltd -> Fed-Up Feedlot [unknown %],,Fed-Up Feedlot Pty Ltd,E100002013507,,,819782,AUS_QLD_OtherBeefCattle_145,agriculture,enteric-fermentation-cattle-operation
Australian Agricultural Co Ltd,E100002013505,,,,,,,Australian Agricultural Co Ltd -> Goonoo Feedlot [unknown %],,Australian Agricultural Co Ltd,E100002013505,,,819805,AUS_QLD_OtherBeefCattle_157,agriculture,enteric-fermentation-cattle-operation
Coggan Farms ,E100002013506,,,,,,,Coggan Farms  -> Enarra Feedlot [unknown %],,Coggan Farms ,E100002013506,,,819812,AUS_QLD_OtherBeefCattle_16,agriculture,enteric-fermentation-cattle-operation
Australian Country Choice ,E100002013503,,,,,,,Australian Country Choice  -> Iffley Station [unknown %],,Australian Country Choice ,E100002013503,,,819822,AUS_QLD_OtherBeefCattle_165,agriculture,enteric-fermentation-cattle-operation
Kingsford Farms Pty Ltd,E100002013508,,,,,,,Kingsford Farms Pty Ltd -> Kingsford Farms Feedlot [unknown %],,Kingsford Farms Pty Ltd,E100002013508,,,819842,AUS_QLD_OtherBeefCattle_177,agriculture,enteric-fermentation-cattle-operation
Stockyard Beef Pty Ltd,E100002013509,,,,,,,Stockyard Beef Pty Ltd -> Kerwee Feedlot [unknown %],,Stockyard Beef Pty Ltd,E100002013509,,,819847,AUS_QLD_OtherBeefCattle_18,agriculture,enteric-fermentation-cattle-operation
Australian Country Choice ,E100002013503,,,,,,,Australian Country Choice  -> Listowell Valley Station [unknown %],,Australian Country Choice ,E100002013503,,,819850,AUS_QLD_OtherBeefCattle_181,agriculture,enteric-fermentation-cattle-operation
Australian Country Choice ,E100002013503,,,,,,,Australian Country Choice  -> Mooga South Station [unknown %],,Australian Country Choice ,E100002013503,,,819860,AUS_QLD_OtherBeefCattle_185,agriculture,enteric-fermentation-cattle-operation
Australian Country Choice ,E100002013503,,,,,,,Australian Country Choice  -> Mooga West Station [unknown %],,Australian Country Choice ,E100002013503,,,819862,AUS_QLD_OtherBeefCattle_186,agriculture,enteric-fermentation-cattle-operation
Australian Country Choice ,E100002013503,,,,,,,Australian Country Choice  -> Niella Station [unknown %],,Australian Country Choice ,E100002013503,,,819872,AUS_QLD_OtherBeefCattle_191,agriculture,enteric-fermentation-cattle-operation
Australian Country Choice ,E100002013503,,,,,,,Australian Country Choice  -> Redford Station [unknown %],,Australian Country Choice ,E100002013503,,,819895,AUS_QLD_OtherBeefCattle_203,agriculture,enteric-fermentation-cattle-operation
Saxby Feedlot Pty Ltd,E100002013510,,,,,,,Saxby Feedlot Pty Ltd -> Saxby Feedlot [unknown %],,Saxby Feedlot Pty Ltd,E100002013510,,,819911,AUS_QLD_OtherBeefCattle_212,agriculture,enteric-fermentation-cattle-operation
Teys Australia ,E100002013500,,,,,,,Teys Australia  -> Teys Aust. Condamine Feedlot [unknown %],,Teys Australia ,E100002013500,,,819920,AUS_QLD_OtherBeefCattle_217,agriculture,enteric-fermentation-cattle-operation
Toogoolawah Feedlot Pty Ltd,E100002013511,,,,,,,Toogoolawah Feedlot Pty Ltd -> Toogoolawah Feedlot [unknown %],,Toogoolawah Feedlot Pty Ltd,E100002013511,,,819923,AUS_QLD_OtherBeefCattle_219,agriculture,enteric-fermentation-cattle-operation
Jbs Foods Australia ,E100002012232,,,,,,,Jbs Foods Australia  -> Mungindi Feedlot [unknown %],,Jbs Foods Australia ,E100002012232,,,819925,AUS_QLD_OtherBeefCattle_22,agriculture,enteric-fermentation-cattle-operation
Tramore Beef Pty Ltd,E100002013516,,,,,,,Tramore Beef Pty Ltd -> Tramore Beef [unknown %],,Tramore Beef Pty Ltd,E100002013516,,,819929,AUS_QLD_OtherBeefCattle_220,agriculture,enteric-fermentation-cattle-operation
Australian Country Choice ,E100002013503,,,,,,,Australian Country Choice  -> Opal Creek Feedlot [unknown %],,Australian Country Choice ,E100002013503,,,819940,AUS_QLD_OtherBeefCattle_23,agriculture,enteric-fermentation-cattle-operation
Pakaderinga Feedlot Q Pty Ltd,E100002013513,,,,,,,Pakaderinga Feedlot Q Pty Ltd -> Pakaderinga Feedlot [unknown %],,Pakaderinga Feedlot Q Pty Ltd,E100002013513,,,819961,AUS_QLD_OtherBeefCattle_24,agriculture,enteric-fermentation-cattle-operation
Australian Country Choice ,E100002013503,,,,,,,Australian Country Choice  -> Wellclose Station [unknown %],,Australian Country Choice ,E100002013503,,,819972,AUS_QLD_OtherBeefCattle_245,agriculture,enteric-fermentation-cattle-operation
B Feeders Pty Ltd,E100002013512,,,,,,,B Feeders Pty Ltd -> Rclt Nominees Pty Ltd [unknown %],,B Feeders Pty Ltd,E100002013512,,,819983,AUS_QLD_OtherBeefCattle_26,agriculture,enteric-fermentation-cattle-operation
Sandalwood Feedlot ,E100002013514,,,,,,,Sandalwood Feedlot  -> Sandalwood Feedlot [unknown %],,Sandalwood Feedlot ,E100002013514,,,819988,AUS_QLD_OtherBeefCattle_29,agriculture,enteric-fermentation-cattle-operation
Stanbroke Beef ,E100002013515,,,,,,,Stanbroke Beef  -> Stanbroke Feedlot [unknown %],,Stanbroke Beef ,E100002013515,,,819994,AUS_QLD_OtherBeefCattle_32,agriculture,enteric-fermentation-cattle-operation
North Australian Pastoral Co,E100002013519,,,,,,,North Australian Pastoral Co -> Wainui Feedlot [unknown %],,North Australian Pastoral Co,E100002013519,,,819996,AUS_QLD_OtherBeefCattle_33,agriculture,enteric-fermentation-cattle-operation
Whaka Feedlot ,E100002013520,,,,,,,Whaka Feedlot  -> Whaka Feedlot [unknown %],,Whaka Feedlot ,E100002013520,,,820002,AUS_QLD_OtherBeefCattle_36,agriculture,enteric-fermentation-cattle-operation
Nh Foods Australia ,E100002013518,,,,,,,Nh Foods Australia  -> Whyalla Beef Feedlot [unknown %],,Nh Foods Australia ,E100002013518,,,820003,AUS_QLD_OtherBeefCattle_37,agriculture,enteric-fermentation-cattle-operation
Yarranbrook Farms Pty Ltd,E100002013521,,,,,,,Yarranbrook Farms Pty Ltd -> Yarranbrook Feedlot [unknown %],,Yarranbrook Farms Pty Ltd,E100002013521,,,820006,AUS_QLD_OtherBeefCattle_39,agriculture,enteric-fermentation-cattle-operation
Donnybrook Dairy Pty Ltd,E100002013517,,,,,,,Donnybrook Dairy Pty Ltd -> Donnybrook Farms [unknown %],,Donnybrook Dairy Pty Ltd,E100002013517,,,820022,AUS_SA_MatureDairyCattle_492,agriculture,enteric-fermentation-cattle-operation
Princess Royal ,E100002013522,,,,,,,Princess Royal  -> Prince Royal Station Feedlot [unknown %],,Princess Royal ,E100002013522,,,820079,AUS_SA_OtherBeefCattle_261,agriculture,enteric-fermentation-cattle-operation
Upston Farms ,E100002013524,,,,,,,Upston Farms  -> Upston Farm [unknown %],,Upston Farms ,E100002013524,,,820519,AUS_VIC_MatureDairyCattle_762,agriculture,enteric-fermentation-cattle-operation
Brm Farms Pty Ltd,E100002013523,,,,,,,Brm Farms Pty Ltd -> Brm Feedlot [unknown %],,Brm Farms Pty Ltd,E100002013523,,,820525,AUS_VIC_OtherBeefCattle_279,agriculture,enteric-fermentation-cattle-operation
Teys Australia ,E100002013500,,,,,,,Teys Australia  -> Teys Charleton Feedlot [unknown %],,Teys Australia ,E100002013500,,,820537,AUS_VIC_OtherBeefCattle_286,agriculture,enteric-fermentation-cattle-operation
Trevor John Hinck ,E100002012239,,,,,,,Trevor John Hinck  -> Kerrigan Feedlot [unknown %],,Trevor John Hinck ,E100002012239,,,820597,AUS_WA_OtherBeefCattle_308,agriculture,enteric-fermentation-cattle-operation
