parent_name,parent_entity_id,parent_entity_type,parent_lei,parent_permid,parent_registration_country,parent_headquarter_country,overall_share_percent,ownership_path,ownership_path_datasource_ids,immediate_source_owner,immediate_source_owner_entity_id,source_operator,source_operator_id,source_id,source_name,source_sector,source_subsector
Jbs Foods Australia ,E100002012232,,,,,,,Jbs Foods Australia  -> Caroona Feedlot [unknown %],,Jbs Foods Australia ,E100002012232,,,826552,AUS_NSW_OtherBeefCattle_1,agriculture,manure-management-cattle-operation
Jbs Foods Australia ,E100002012232,,,,,,,Jbs Foods Australia  -> Prime City Feedlot [unknown %],,Jbs Foods Australia ,E100002012232,,,826576,AUS_NSW_OtherBeefCattle_6,agriculture,manure-management-cattle-operation
Rangers Valley Feedlot ,E100002013499,,,,,,,Rangers Valley Feedlot  -> Rangers Valley Cattle Station [unknown %],,Rangers Valley Feedlot ,E100002013499,,,826587,AUS_NSW_OtherBeefCattle_7,agriculture,manure-management-cattle-operation
Teys Australia ,E100002013500,,,,,,,Teys Australia  -> Teys Jindalee Feedlot [unknown %],,Teys Australia ,E100002013500,,,826598,AUS_NSW_OtherBeefCattle_8,agriculture,manure-management-cattle-operation
Gundamain Feedlot Pty Ltd,E100002013498,,,,,,,Gundamain Feedlot Pty Ltd -> Unknown Feedlot [unknown %],,Gundamain Feedlot Pty Ltd,E100002013498,,,826609,AUS_NSW_OtherBeefCattle_9,agriculture,manure-management-cattle-operation
Kleinschmidt Farms Pty Ltd,E100002013501,,,,,,,Kleinschmidt Farms Pty Ltd -> Gleneagle [unknown %],,Kleinschmidt Farms Pty Ltd,E100002013501,,,825991,AUS_QLD_MatureDairyCattle_224,agriculture,manure-management-cattle-operation
John Vincent Wilkie ,E100002013502,,,,,,,John Vincent Wilkie  -> Vd And Jv Wilkie [unknown %],,John Vincent Wilkie ,E100002013502,,,826226,AUS_QLD_MatureDairyCattle_459,agriculture,manure-management-cattle-operation
Australian Country Choice ,E100002013503,,,,,,,Australian Country Choice  -> Babbiloora Station [unknown %],,Australian Country Choice ,E100002013503,,,826625,AUS_QLD_OtherBeefCattle_106,agriculture,manure-management-cattle-operation
Australian Country Choice ,E100002013503,,,,,,,Australian Country Choice  -> Barkly Downs Cattle Station [unknown %],,Australian Country Choice ,E100002013503,,,826626,AUS_QLD_OtherBeefCattle_107,agriculture,manure-management-cattle-operation
Beef Breeding Services ,E100002013504,,,,,,,Beef Breeding Services  -> Beef Breeding Services [unknown %],,Beef Breeding Services ,E100002013504,,,826628,AUS_QLD_OtherBeefCattle_109,agriculture,manure-management-cattle-operation
Australian Agricultural Co,E100002012210,,,,,,,Australian Agricultural Co -> Aronui Feedlot [unknown %],,Australian Agricultural Co,E100002012210,,,826629,AUS_QLD_OtherBeefCattle_11,agriculture,manure-management-cattle-operation
Beef Breeding Services ,E100002013504,,,,,,,Beef Breeding Services  -> Beef Breeding Services [unknown %],,Beef Breeding Services ,E100002013504,,,826630,AUS_QLD_OtherBeefCattle_110,agriculture,manure-management-cattle-operation
Australian Country Choice ,E100002013503,,,,,,,Australian Country Choice  -> Black Mountain Station [unknown %],,Australian Country Choice ,E100002013503,,,826634,AUS_QLD_OtherBeefCattle_114,agriculture,manure-management-cattle-operation
Jbs Foods Australia ,E100002012232,,,,,,,Jbs Foods Australia  -> Beef City Feedlot [unknown %],,Jbs Foods Australia ,E100002012232,,,826640,AUS_QLD_OtherBeefCattle_12,agriculture,manure-management-cattle-operation
Australian Country Choice ,E100002013503,,,,,,,Australian Country Choice  -> Chesterton Station [unknown %],,Australian Country Choice ,E100002013503,,,826644,AUS_QLD_OtherBeefCattle_123,agriculture,manure-management-cattle-operation
Australian Country Choice ,E100002013503,,,,,,,Australian Country Choice  -> Brindley Park Feedlot [unknown %],,Australian Country Choice ,E100002013503,,,826651,AUS_QLD_OtherBeefCattle_13,agriculture,manure-management-cattle-operation
Australian Country Choice ,E100002013503,,,,,,,Australian Country Choice  -> Croydon Station [unknown %],,Australian Country Choice ,E100002013503,,,826654,AUS_QLD_OtherBeefCattle_132,agriculture,manure-management-cattle-operation
Australian Country Choice ,E100002013503,,,,,,,Australian Country Choice  -> Brisbane Valley Feedlot [unknown %],,Australian Country Choice ,E100002013503,,,826662,AUS_QLD_OtherBeefCattle_14,agriculture,manure-management-cattle-operation
Australian Country Choice ,E100002013503,,,,,,,Australian Country Choice  -> Dooloogarah Station [unknown %],,Australian Country Choice ,E100002013503,,,826665,AUS_QLD_OtherBeefCattle_142,agriculture,manure-management-cattle-operation
Fed-Up Feedlot Pty Ltd,E100002013507,,,,,,,Fed-Up Feedlot Pty Ltd -> Fed-Up Feedlot [unknown %],,Fed-Up Feedlot Pty Ltd,E100002013507,,,826668,AUS_QLD_OtherBeefCattle_145,agriculture,manure-management-cattle-operation
Australian Agricultural Co Ltd,E100002013505,,,,,,,Australian Agricultural Co Ltd -> Goonoo Feedlot [unknown %],,Australian Agricultural Co Ltd,E100002013505,,,826681,AUS_QLD_OtherBeefCattle_157,agriculture,manure-management-cattle-operation
Coggan Farms ,E100002013506,,,,,,,Coggan Farms  -> Enarra Feedlot [unknown %],,Coggan Farms ,E100002013506,,,826684,AUS_QLD_OtherBeefCattle_16,agriculture,manure-management-cattle-operation
Australian Country Choice ,E100002013503,,,,,,,Australian Country Choice  -> Iffley Station [unknown %],,Australian Country Choice ,E100002013503,,,826690,AUS_QLD_OtherBeefCattle_165,agriculture,manure-management-cattle-operation
Kingsford Farms Pty Ltd,E100002013508,,,,,,,Kingsford Farms Pty Ltd -> Kingsford Farms Feedlot [unknown %],,Kingsford Farms Pty Ltd,E100002013508,,,826703,AUS_QLD_OtherBeefCattle_177,agriculture,manure-management-cattle-operation
Stockyard Beef Pty Ltd,E100002013509,,,,,,,Stockyard Beef Pty Ltd -> Kerwee Feedlot [unknown %],,Stockyard Beef Pty Ltd,E100002013509,,,826706,AUS_QLD_OtherBeefCattle_18,agriculture,manure-management-cattle-operation
Australian Country Choice ,E100002013503,,,,,,,Australian Country Choice  -> Listowell Valley Station [unknown %],,Australian Country Choice ,E100002013503,,,826708,AUS_QLD_OtherBeefCattle_181,agriculture,manure-management-cattle-operation
Australian Country Choice ,E100002013503,,,,,,,Australian Country Choice  -> Mooga South Station [unknown %],,Australian Country Choice ,E100002013503,,,826712,AUS_QLD_OtherBeefCattle_185,agriculture,manure-management-cattle-operation
Australian Country Choice ,E100002013503,,,,,,,Australian Country Choice  -> Mooga West Station [unknown %],,Australian Country Choice ,E100002013503,,,826713,AUS_QLD_OtherBeefCattle_186,agriculture,manure-management-cattle-operation
Australian Country Choice ,E100002013503,,,,,,,Australian Country Choice  -> Niella Station [unknown %],,Australian Country Choice ,E100002013503,,,826719,AUS_QLD_OtherBeefCattle_191,agriculture,manure-management-cattle-operation
Australian Country Choice ,E100002013503,,,,,,,Australian Country Choice  -> Redford Station [unknown %],,Australian Country Choice ,E100002013503,,,826732,AUS_QLD_OtherBeefCattle_203,agriculture,manure-management-cattle-operation
Saxby Feedlot Pty Ltd,E100002013510,,,,,,,Saxby Feedlot Pty Ltd -> Saxby Feedlot [unknown %],,Saxby Feedlot Pty Ltd,E100002013510,,,826742,AUS_QLD_OtherBeefCattle_212,agriculture,manure-management-cattle-operation
Teys Australia ,E100002013500,,,,,,,Teys Australia  -> Teys Aust. Condamine Feedlot [unknown %],,Teys Australia ,E100002013500,,,826747,AUS_QLD_OtherBeefCattle_217,agriculture,manure-management-cattle-operation
Toogoolawah Feedlot Pty Ltd,E100002013511,,,,,,,Toogoolawah Feedlot Pty Ltd -> Toogoolawah Feedlot [unknown %],,Toogoolawah Feedlot Pty Ltd,E100002013511,,,826749,AUS_QLD_OtherBeefCattle_219,agriculture,manure-management-cattle-operation
Jbs Foods Australia ,E100002012232,,,,,,,Jbs Foods Australia  -> Mungindi Feedlot [unknown %],,Jbs Foods Australia ,E100002012232,,,826750,AUS_QLD_OtherBeefCattle_22,agriculture,manure-management-cattle-operation
Tramore Beef Pty Ltd,E100002013516,,,,,,,Tramore Beef Pty Ltd -> Tramore Beef [unknown %],,Tramore Beef Pty Ltd,E100002013516,,,826751,AUS_QLD_OtherBeefCattle_220,agriculture,manure-management-cattle-operation
Australian Country Choice ,E100002013503,,,,,,,Australian Country Choice  -> Opal Creek Feedlot [unknown %],,Australian Country Choice ,E100002013503,,,826761,AUS_QLD_OtherBeefCattle_23,agriculture,manure-management-cattle-operation
Pakaderinga Feedlot Q Pty Ltd,E100002013513,,,,,,,Pakaderinga Feedlot Q Pty Ltd -> Pakaderinga Feedlot [unknown %],,Pakaderinga Feedlot Q Pty Ltd,E100002013513,,,826772,AUS_QLD_OtherBeefCattle_24,agriculture,manure-management-cattle-operation
Australian Country Choice ,E100002013503,,,,,,,Australian Country Choice  -> Wellclose Station [unknown %],,Australian Country Choice ,E100002013503,,,826778,AUS_QLD_OtherBeefCattle_245,agriculture,manure-management-cattle-operation
B Feeders Pty Ltd,E100002013512,,,,,,,B Feeders Pty Ltd -> Rclt Nominees Pty Ltd [unknown %],,B Feeders Pty Ltd,E100002013512,,,826787,AUS_QLD_OtherBeefCattle_26,agriculture,manure-management-cattle-operation
Sandalwood Feedlot ,E100002013514,,,,,,,Sandalwood Feedlot  -> Sandalwood Feedlot [unknown %],,Sandalwood Feedlot ,E100002013514,,,826790,AUS_QLD_OtherBeefCattle_29,agriculture,manure-management-cattle-operation
Stanbroke Beef ,E100002013515,,,,,,,Stanbroke Beef  -> Stanbroke Feedlot [unknown %],,Stanbroke Beef ,E100002013515,,,826793,AUS_QLD_OtherBeefCattle_32,agriculture,manure-management-cattle-operation
North Australian Pastoral Co,E100002013519,,,,,,,North Australian Pastoral Co -> Wainui Feedlot [unknown %],,North Australian Pastoral Co,E100002013519,,,826794,AUS_QLD_OtherBeefCattle_33,agriculture,manure-management-cattle-operation
Whaka Feedlot ,E100002013520,,,,,,,Whaka Feedlot  -> Whaka Feedlot [unknown %],,Whaka Feedlot ,E100002013520,,,826797,AUS_QLD_OtherBeefCattle_36,agriculture,manure-management-cattle-operation
Nh Foods Australia ,E100002013518,,,,,,,Nh Foods Australia  -> Whyalla Beef Feedlot [unknown %],,Nh Foods Australia ,E100002013518,,,826798,AUS_QLD_OtherBeefCattle_37,agriculture,manure-management-cattle-operation
Yarranbrook Farms Pty Ltd,E100002013521,,,,,,,Yarranbrook Farms Pty Ltd -> Yarranbrook Feedlot [unknown %],,Yarranbrook Farms Pty Ltd,E100002013521,,,826800,AUS_QLD_OtherBeefCattle_39,agriculture,manure-management-cattle-operation
Donnybrook Dairy Pty Ltd,E100002013517,,,,,,,Donnybrook Dairy Pty Ltd -> Donnybrook Farms [unknown %],,Donnybrook Dairy Pty Ltd,E100002013517,,,826264,AUS_SA_MatureDairyCattle_492,agriculture,manure-management-cattle-operation
Princess Royal ,E100002013522,,,,,,,Princess Royal  -> Prince Royal Station Feedlot [unknown %],,Princess Royal ,E100002013522,,,826811,AUS_SA_OtherBeefCattle_261,agriculture,manure-management-cattle-operation
Upston Farms ,E100002013524,,,,,,,Upston Farms  -> Upston Farm [unknown %],,Upston Farms ,E100002013524,,,826534,AUS_VIC_MatureDairyCattle_762,agriculture,manure-management-cattle-operation
Brm Farms Pty Ltd,E100002013523,,,,,,,Brm Farms Pty Ltd -> Brm Feedlot [unknown %],,Brm Farms Pty Ltd,E100002013523,,,826830,AUS_VIC_OtherBeefCattle_279,agriculture,manure-management-cattle-operation
Teys Australia ,E100002013500,,,,,,,Teys Australia  -> Teys Charleton Feedlot [unknown %],,Teys Australia ,E100002013500,,,826837,AUS_VIC_OtherBeefCattle_286,agriculture,manure-management-cattle-operation
Trevor John Hinck ,E100002012239,,,,,,,Trevor John Hinck  -> Kerrigan Feedlot [unknown %],,Trevor John Hinck ,E100002012239,,,826859,AUS_WA_OtherBeefCattle_308,agriculture,manure-management-cattle-operation
