iso3_country,sector,subsector,start_time,end_time,gas,emissions_quantity,emissions_quantity_units,temporal_granularity,created_date,modified_date
AUS,agriculture,other-agricultural-soil-emissions,2015-01-01 00:00:00,2015-12-31 00:00:00,co2,5149175.481211882,,annual,,
AUS,agriculture,other-agricultural-soil-emissions,2016-01-01 00:00:00,2016-12-31 00:00:00,co2,5360643.912086695,,annual,,
AUS,agriculture,other-agricultural-soil-emissions,2017-01-01 00:00:00,2017-12-31 00:00:00,co2,5496662.08984889,,annual,,
AUS,agriculture,other-agricultural-soil-emissions,2018-01-01 00:00:00,2018-12-31 00:00:00,co2,5011014.486055009,,annual,,
AUS,agriculture,other-agricultural-soil-emissions,2019-01-01 00:00:00,2019-12-31 00:00:00,co2,5147523.249515986,,annual,,
AUS,agriculture,other-agricultural-soil-emissions,2020-01-01 00:00:00,2020-12-31 00:00:00,co2,5521433.757287368,,annual,,
AUS,agriculture,other-agricultural-soil-emissions,2021-01-01 00:00:00,2021-12-31 00:00:00,co2,6075219.575912027,,annual,,
AUS,agriculture,other-agricultural-soil-emissions,2022-01-01 00:00:00,2022-12-31 00:00:00,co2,6176367.172660823,,annual,,
AUS,agriculture,other-agricultural-soil-emissions,2023-01-01 00:00:00,2023-12-31 00:00:00,co2,6176367.172660822,,annual,,
AUS,agriculture,other-agricultural-soil-emissions,2024-01-01 00:00:00,2024-12-31 00:00:00,co2,6176367.172660823,,annual,,
AUS,agriculture,other-agricultural-soil-emissions,2025-01-01 00:00:00,2025-12-31 00:00:00,co2,3088183.5863304115,,annual,,
