iso3_country,sector,subsector,start_time,end_time,gas,emissions_quantity,emissions_quantity_units,temporal_granularity,created_date,modified_date
AUS,waste,biological-treatment-of-solid-waste-and-biogenic,2015-01-01 00:00:00,2015-12-31 00:00:00,co2e_100yr,573284.6150219997,,annual,,
AUS,waste,biological-treatment-of-solid-waste-and-biogenic,2016-01-01 00:00:00,2016-12-31 00:00:00,co2e_100yr,588077.9885639997,,annual,,
AUS,waste,biological-treatment-of-solid-waste-and-biogenic,2017-01-01 00:00:00,2017-12-31 00:00:00,co2e_100yr,597364.3385009997,,annual,,
AUS,waste,biological-treatment-of-solid-waste-and-biogenic,2018-01-01 00:00:00,2018-12-31 00:00:00,co2e_100yr,606964.9168199998,,annual,,
AUS,waste,biological-treatment-of-solid-waste-and-biogenic,2019-01-01 00:00:00,2019-12-31 00:00:00,co2e_100yr,611516.5243379998,,annual,,
AUS,waste,biological-treatment-of-solid-waste-and-biogenic,2020-01-01 00:00:00,2020-12-31 00:00:00,co2e_100yr,619381.5159449998,,annual,,
AUS,waste,biological-treatment-of-solid-waste-and-biogenic,2021-01-01 00:00:00,2021-12-31 00:00:00,co2e_100yr,628600.8962879998,,annual,,
AUS,waste,biological-treatment-of-solid-waste-and-biogenic,2022-01-01 00:00:00,2022-12-31 00:00:00,co2e_100yr,637957.5053219999,,annual,,
AUS,waste,biological-treatment-of-solid-waste-and-biogenic,2023-01-01 00:00:00,2023-12-31 00:00:00,co2e_100yr,647453.3856659997,,annual,,
AUS,waste,biological-treatment-of-solid-waste-and-biogenic,2024-01-01 00:00:00,2024-12-31 00:00:00,co2e_100yr,647453.3856659997,,annual,,
AUS,waste,biological-treatment-of-solid-waste-and-biogenic,2025-01-01 00:00:00,2025-12-31 00:00:00,co2e_100yr,323726.69283299986,,annual,,
