iso3_country,sector,subsector,start_time,end_time,gas,emissions_quantity,emissions_quantity_units,temporal_granularity,created_date,modified_date
AUS,waste,domestic-wastewater-treatment-and-discharge,2015-01-01 00:00:00,2015-12-31 00:00:00,co2e_100yr,2191572.703509333,,annual,,
AUS,waste,domestic-wastewater-treatment-and-discharge,2016-01-01 00:00:00,2016-12-31 00:00:00,co2e_100yr,2231241.1844188343,,annual,,
AUS,waste,domestic-wastewater-treatment-and-discharge,2017-01-01 00:00:00,2017-12-31 00:00:00,co2e_100yr,2260338.3751269905,,annual,,
AUS,waste,domestic-wastewater-treatment-and-discharge,2018-01-01 00:00:00,2018-12-31 00:00:00,co2e_100yr,2294548.314753973,,annual,,
AUS,waste,domestic-wastewater-treatment-and-discharge,2019-01-01 00:00:00,2019-12-31 00:00:00,co2e_100yr,2325839.3647174533,,annual,,
AUS,waste,domestic-wastewater-treatment-and-discharge,2020-01-01 00:00:00,2020-12-31 00:00:00,co2e_100yr,2354920.04619275,,annual,,
AUS,waste,domestic-wastewater-treatment-and-discharge,2021-01-01 00:00:00,2021-12-31 00:00:00,co2e_100yr,2366870.368476313,,annual,,
AUS,waste,domestic-wastewater-treatment-and-discharge,2022-01-01 00:00:00,2022-12-31 00:00:00,co2e_100yr,2387535.198950721,,annual,,
AUS,waste,domestic-wastewater-treatment-and-discharge,2023-01-01 00:00:00,2023-12-31 00:00:00,co2e_100yr,2410344.4517580806,,annual,,
AUS,waste,domestic-wastewater-treatment-and-discharge,2024-01-01 00:00:00,2024-12-31 00:00:00,co2e_100yr,2440028.048673424,,annual,,
AUS,waste,domestic-wastewater-treatment-and-discharge,2025-01-01 00:00:00,2025-12-31 00:00:00,co2e_100yr,1215504.1423664363,,annual,,
