iso3_country,sector,subsector,start_time,end_time,gas,emissions_quantity,emissions_quantity_units,temporal_granularity,created_date,modified_date
AUS,waste,incineration-and-open-burning-of-waste,2015-01-01 00:00:00,2015-12-31 00:00:00,co2e_100yr,266287.5802379882,,annual,,
AUS,waste,incineration-and-open-burning-of-waste,2016-01-01 00:00:00,2016-12-31 00:00:00,co2e_100yr,266485.14292487595,,annual,,
AUS,waste,incineration-and-open-burning-of-waste,2017-01-01 00:00:00,2017-12-31 00:00:00,co2e_100yr,270616.4750799992,,annual,,
AUS,waste,incineration-and-open-burning-of-waste,2018-01-01 00:00:00,2018-12-31 00:00:00,co2e_100yr,271272.0747185376,,annual,,
AUS,waste,incineration-and-open-burning-of-waste,2019-01-01 00:00:00,2019-12-31 00:00:00,co2e_100yr,271250.1966508856,,annual,,
AUS,waste,incineration-and-open-burning-of-waste,2020-01-01 00:00:00,2020-12-31 00:00:00,co2e_100yr,271393.1395381456,,annual,,
AUS,waste,incineration-and-open-burning-of-waste,2021-01-01 00:00:00,2021-12-31 00:00:00,co2e_100yr,271392.347310122,,annual,,
AUS,waste,incineration-and-open-burning-of-waste,2022-01-01 00:00:00,2022-12-31 00:00:00,co2e_100yr,272373.7882053712,,annual,,
AUS,waste,incineration-and-open-burning-of-waste,2023-01-01 00:00:00,2023-12-31 00:00:00,co2e_100yr,273358.81568472733,,annual,,
AUS,waste,incineration-and-open-burning-of-waste,2024-01-01 00:00:00,2024-12-31 00:00:00,co2e_100yr,273358.81568472733,,annual,,
AUS,waste,incineration-and-open-burning-of-waste,2025-01-01 00:00:00,2025-12-31 00:00:00,co2e_100yr,136679.40784236367,,annual,,
