iso3_country,sector,subsector,start_time,end_time,gas,emissions_quantity,emissions_quantity_units,temporal_granularity,created_date,modified_date
AUS,waste,industrial-wastewater-treatment-and-discharge,2015-01-01 00:00:00,2015-12-31 00:00:00,co2e_100yr,1420656.590281332,,annual,,
AUS,waste,industrial-wastewater-treatment-and-discharge,2016-01-01 00:00:00,2016-12-31 00:00:00,co2e_100yr,1420393.116278833,,annual,,
AUS,waste,industrial-wastewater-treatment-and-discharge,2017-01-01 00:00:00,2017-12-31 00:00:00,co2e_100yr,1400395.431481304,,annual,,
AUS,waste,industrial-wastewater-treatment-and-discharge,2018-01-01 00:00:00,2018-12-31 00:00:00,co2e_100yr,1409291.914039211,,annual,,
AUS,waste,industrial-wastewater-treatment-and-discharge,2019-01-01 00:00:00,2019-12-31 00:00:00,co2e_100yr,1410109.266105606,,annual,,
AUS,waste,industrial-wastewater-treatment-and-discharge,2020-01-01 00:00:00,2020-12-31 00:00:00,co2e_100yr,1381314.7236729278,,annual,,
AUS,waste,industrial-wastewater-treatment-and-discharge,2021-01-01 00:00:00,2021-12-31 00:00:00,co2e_100yr,1411785.72767326,,annual,,
AUS,waste,industrial-wastewater-treatment-and-discharge,2022-01-01 00:00:00,2022-12-31 00:00:00,co2e_100yr,1367414.8426909316,,annual,,
AUS,waste,industrial-wastewater-treatment-and-discharge,2023-01-01 00:00:00,2023-12-31 00:00:00,co2e_100yr,1367414.8426909314,,annual,,
AUS,waste,industrial-wastewater-treatment-and-discharge,2024-01-01 00:00:00,2024-12-31 00:00:00,co2e_100yr,1367414.842690931,,annual,,
AUS,waste,industrial-wastewater-treatment-and-discharge,2025-01-01 00:00:00,2025-12-31 00:00:00,co2e_100yr,678087.9082933113,,annual,,
