iso3_country,sector,subsector,start_time,end_time,gas,emissions_quantity,emissions_quantity_units,temporal_granularity,created_date,modified_date
AUS,waste,solid-waste-disposal,2015-01-01 00:00:00,2015-12-31 00:00:00,co2e_100yr,27541237.992390867,,annual,,
AUS,waste,solid-waste-disposal,2016-01-01 00:00:00,2016-12-31 00:00:00,co2e_100yr,28041111.46191859,,annual,,
AUS,waste,solid-waste-disposal,2017-01-01 00:00:00,2017-12-31 00:00:00,co2e_100yr,28550057.635516983,,annual,,
AUS,waste,solid-waste-disposal,2018-01-01 00:00:00,2018-12-31 00:00:00,co2e_100yr,29068241.183081653,,annual,,
AUS,waste,solid-waste-disposal,2019-01-01 00:00:00,2019-12-31 00:00:00,co2e_100yr,29595829.75855064,,annual,,
AUS,waste,solid-waste-disposal,2020-01-01 00:00:00,2020-12-31 00:00:00,co2e_100yr,30132994.07118452,,annual,,
AUS,waste,solid-waste-disposal,2021-01-01 00:00:00,2021-12-31 00:00:00,co2e_100yr,30702578.604551,,annual,,
AUS,waste,solid-waste-disposal,2022-01-01 00:00:00,2022-12-31 00:00:00,co2e_100yr,30704260.7762016,,annual,,
AUS,waste,solid-waste-disposal,2023-01-01 00:00:00,2023-12-31 00:00:00,co2e_100yr,31261543.109289654,,annual,,
AUS,waste,solid-waste-disposal,2024-01-01 00:00:00,2024-12-31 00:00:00,co2e_100yr,31828940.116723265,,annual,,
AUS,waste,solid-waste-disposal,2025-01-01 00:00:00,2025-12-31 00:00:00,co2e_100yr,15914470.058361623,,annual,,
