iso3_country,sector,subsector,start_time,end_time,gas,emissions_quantity,emissions_quantity_units,temporal_granularity,created_date,modified_date
AUS,manufacturing,food-beverage-tobacco,2015-01-01 00:00:00,2015-12-31 00:00:00,co2,3292468.312892899,,annual,,
AUS,manufacturing,food-beverage-tobacco,2016-01-01 00:00:00,2016-12-31 00:00:00,co2,3223177.4084143285,,annual,,
AUS,manufacturing,food-beverage-tobacco,2017-01-01 00:00:00,2017-12-31 00:00:00,co2,2977480.7792096264,,annual,,
AUS,manufacturing,food-beverage-tobacco,2018-01-01 00:00:00,2018-12-31 00:00:00,co2,2973268.2631400805,,annual,,
AUS,manufacturing,food-beverage-tobacco,2019-01-01 00:00:00,2019-12-31 00:00:00,co2,3004103.0977032688,,annual,,
AUS,manufacturing,food-beverage-tobacco,2020-01-01 00:00:00,2020-12-31 00:00:00,co2,2968795.735806554,,annual,,
AUS,manufacturing,food-beverage-tobacco,2021-01-01 00:00:00,2021-12-31 00:00:00,co2,2908719.74621236,,annual,,
AUS,manufacturing,food-beverage-tobacco,2022-01-01 00:00:00,2022-12-31 00:00:00,co2,2937610.438957541,,annual,,
AUS,manufacturing,food-beverage-tobacco,2023-01-01 00:00:00,2023-12-31 00:00:00,co2,2805812.705774097,,annual,,
AUS,manufacturing,food-beverage-tobacco,2024-01-01 00:00:00,2024-12-31 00:00:00,co2,2805812.705774097,,annual,,
AUS,manufacturing,food-beverage-tobacco,2025-01-01 00:00:00,2025-12-31 00:00:00,co2,1402906.3528870484,,annual,,
