source_id,source_name,source_type,iso3_country,sector,subsector,start_time,end_time,lat,lon,geometry_ref,gas,emissions_quantity,temporal_granularity,activity,activity_units,emissions_factor,emissions_factor_units,capacity,capacity_units,capacity_factor,other1,other1_def,other2,other2_def,other3,other3_def,other4,other4_def,other5,other5_def,other6,other6_def,other7,other7_def,other8,other8_def,other9,other9_def,other10,other10_def,created_date,modified_date,sector_id,reporting_entity,lat_lon,native_source_id
38482759,Australian Crocodile Traders,"Butcher, Meat Processing",AUS,manufacturing,food-beverage-tobacco,2021-01-01 00:00:00,2021-01-31 00:00:00,-16.950388,145.750015,,co2,80134.93004146559,month,2413370996.2169323,USD,3.3204563312926486e-05,t of CO2 per USD,2413370996.2169323,USD,1,,,,,,,,,,,,,,,,,,,,,2025-02-28 00:00:00,2025-08-08 20:29:26.714454,,climate-trace,,oshAU2024204A42V9R
38482759,Australian Crocodile Traders,"Butcher, Meat Processing",AUS,manufacturing,food-beverage-tobacco,2021-02-01 00:00:00,2021-02-28 00:00:00,-16.950388,145.750015,,co2,79164.9394545228,month,2384158427.5166183,USD,3.3204563312926486e-05,t of CO2 per USD,2384158427.5166183,USD,1,,,,,,,,,,,,,,,,,,,,,2025-02-28 00:00:00,2025-08-08 20:29:26.714454,,climate-trace,,oshAU2024204A42V9R
38482759,Australian Crocodile Traders,"Butcher, Meat Processing",AUS,manufacturing,food-beverage-tobacco,2021-03-01 00:00:00,2021-03-31 00:00:00,-16.950388,145.750015,,co2,80760.08493118137,month,2432198374.96678,USD,3.3204563312926486e-05,t of CO2 per USD,2432198374.96678,USD,1,,,,,,,,,,,,,,,,,,,,,2025-02-28 00:00:00,2025-08-08 20:29:26.714454,,climate-trace,,oshAU2024204A42V9R
38482759,Australian Crocodile Traders,"Butcher, Meat Processing",AUS,manufacturing,food-beverage-tobacco,2021-04-01 00:00:00,2021-04-30 00:00:00,-16.950388,145.750015,,co2,81663.34850499373,month,2459401370.0882587,USD,3.3204563312926486e-05,t of CO2 per USD,2459401370.0882587,USD,1,,,,,,,,,,,,,,,,,,,,,2025-02-28 00:00:00,2025-08-08 20:29:26.714454,,climate-trace,,oshAU2024204A42V9R
38482759,Australian Crocodile Traders,"Butcher, Meat Processing",AUS,manufacturing,food-beverage-tobacco,2021-05-01 00:00:00,2021-05-31 00:00:00,-16.950388,145.750015,,co2,81379.03811679705,month,2450838981.0721083,USD,3.3204563312926486e-05,t of CO2 per USD,2450838981.0721083,USD,1,,,,,,,,,,,,,,,,,,,,,2025-02-28 00:00:00,2025-08-08 20:29:26.714454,,climate-trace,,oshAU2024204A42V9R
38482759,Australian Crocodile Traders,"Butcher, Meat Processing",AUS,manufacturing,food-beverage-tobacco,2021-06-01 00:00:00,2021-06-30 00:00:00,-16.950388,145.750015,,co2,81684.28331976605,month,2460031850.1393,USD,3.3204563312926486e-05,t of CO2 per USD,2460031850.1393,USD,1,,,,,,,,,,,,,,,,,,,,,2025-02-28 00:00:00,2025-08-08 20:29:26.714454,,climate-trace,,oshAU2024204A42V9R
38482759,Australian Crocodile Traders,"Butcher, Meat Processing",AUS,manufacturing,food-beverage-tobacco,2021-07-01 00:00:00,2021-07-31 00:00:00,-16.950388,145.750015,,co2,80134.93004146559,month,2413370996.2169323,USD,3.3204563312926486e-05,t of CO2 per USD,2413370996.2169323,USD,1,,,,,,,,,,,,,,,,,,,,,2025-02-28 00:00:00,2025-08-08 20:29:26.714454,,climate-trace,,oshAU2024204A42V9R
38482759,Australian Crocodile Traders,"Butcher, Meat Processing",AUS,manufacturing,food-beverage-tobacco,2021-08-01 00:00:00,2021-08-31 00:00:00,-16.950388,145.750015,,co2,79164.9394545228,month,2384158427.5166183,USD,3.3204563312926486e-05,t of CO2 per USD,2384158427.5166183,USD,1,,,,,,,,,,,,,,,,,,,,,2025-02-28 00:00:00,2025-08-08 20:29:26.714454,,climate-trace,,oshAU2024204A42V9R
38482759,Australian Crocodile Traders,"Butcher, Meat Processing",AUS,manufacturing,food-beverage-tobacco,2021-09-01 00:00:00,2021-09-30 00:00:00,-16.950388,145.750015,,co2,80760.08493118137,month,2432198374.96678,USD,3.3204563312926486e-05,t of CO2 per USD,2432198374.96678,USD,1,,,,,,,,,,,,,,,,,,,,,2025-02-28 00:00:00,2025-08-08 20:29:26.714454,,climate-trace,,oshAU2024204A42V9R
38482759,Australian Crocodile Traders,"Butcher, Meat Processing",AUS,manufacturing,food-beverage-tobacco,2021-10-01 00:00:00,2021-10-31 00:00:00,-16.950388,145.750015,,co2,81663.34850499373,month,2459401370.0882587,USD,3.3204563312926486e-05,t of CO2 per USD,2459401370.0882587,USD,1,,,,,,,,,,,,,,,,,,,,,2025-02-28 00:00:00,2025-08-08 20:29:26.714454,,climate-trace,,oshAU2024204A42V9R
38482759,Australian Crocodile Traders,"Butcher, Meat Processing",AUS,manufacturing,food-beverage-tobacco,2021-11-01 00:00:00,2021-11-30 00:00:00,-16.950388,145.750015,,co2,81379.03811679705,month,2450838981.0721083,USD,3.3204563312926486e-05,t of CO2 per USD,2450838981.0721083,USD,1,,,,,,,,,,,,,,,,,,,,,2025-02-28 00:00:00,2025-08-08 20:29:26.714454,,climate-trace,,oshAU2024204A42V9R
38482759,Australian Crocodile Traders,"Butcher, Meat Processing",AUS,manufacturing,food-beverage-tobacco,2021-12-01 00:00:00,2021-12-31 00:00:00,-16.950388,145.750015,,co2,81684.28331976605,month,2460031850.1393,USD,3.3204563312926486e-05,t of CO2 per USD,2460031850.1393,USD,1,,,,,,,,,,,,,,,,,,,,,2025-02-28 00:00:00,2025-08-08 20:29:26.714454,,climate-trace,,oshAU2024204A42V9R
38482759,Australian Crocodile Traders,"Butcher, Meat Processing",AUS,manufacturing,food-beverage-tobacco,2022-01-01 00:00:00,2022-01-31 00:00:00,-16.950388,145.750015,,co2,80930.86565712582,month,2435410913.9906025,USD,3.323088731852423e-05,t of CO2 per USD,2435410913.9906025,USD,1,,,,,,,,,,,,,,,,,,,,,2025-02-28 00:00:00,2025-08-08 20:29:26.714454,,climate-trace,,oshAU2024204A42V9R
38482759,Australian Crocodile Traders,"Butcher, Meat Processing",AUS,manufacturing,food-beverage-tobacco,2022-02-01 00:00:00,2022-02-28 00:00:00,-16.950388,145.750015,,co2,79951.24069408009,month,2405931563.8409705,USD,3.323088731852423e-05,t of CO2 per USD,2405931563.8409705,USD,1,,,,,,,,,,,,,,,,,,,,,2025-02-28 00:00:00,2025-08-08 20:29:26.714454,,climate-trace,,oshAU2024204A42V9R
38482759,Australian Crocodile Traders,"Butcher, Meat Processing",AUS,manufacturing,food-beverage-tobacco,2022-03-01 00:00:00,2022-03-31 00:00:00,-16.950388,145.750015,,co2,81562.22986207742,month,2454410232.2724123,USD,3.323088731852423e-05,t of CO2 per USD,2454410232.2724123,USD,1,,,,,,,,,,,,,,,,,,,,,2025-02-28 00:00:00,2025-08-08 20:29:26.714454,,climate-trace,,oshAU2024204A42V9R
38482759,Australian Crocodile Traders,"Butcher, Meat Processing",AUS,manufacturing,food-beverage-tobacco,2022-04-01 00:00:00,2022-04-30 00:00:00,-16.950388,145.750015,,co2,82474.465049746,month,2481861656.5730824,USD,3.323088731852423e-05,t of CO2 per USD,2481861656.5730824,USD,1,,,,,,,,,,,,,,,,,,,,,2025-02-28 00:00:00,2025-08-08 20:29:26.714454,,climate-trace,,oshAU2024204A42V9R
38482759,Australian Crocodile Traders,"Butcher, Meat Processing",AUS,manufacturing,food-beverage-tobacco,2022-05-01 00:00:00,2022-05-31 00:00:00,-16.950388,145.750015,,co2,82187.33076485718,month,2473221072.223451,USD,3.323088731852423e-05,t of CO2 per USD,2473221072.223451,USD,1,,,,,,,,,,,,,,,,,,,,,2025-02-28 00:00:00,2025-08-08 20:29:26.714454,,climate-trace,,oshAU2024204A42V9R
38482759,Australian Crocodile Traders,"Butcher, Meat Processing",AUS,manufacturing,food-beverage-tobacco,2022-06-01 00:00:00,2022-06-30 00:00:00,-16.950388,145.750015,,co2,82495.60779837034,month,2482497894.432809,USD,3.323088731852423e-05,t of CO2 per USD,2482497894.432809,USD,1,,,,,,,,,,,,,,,,,,,,,2025-02-28 00:00:00,2025-08-08 20:29:26.714454,,climate-trace,,oshAU2024204A42V9R
38482759,Australian Crocodile Traders,"Butcher, Meat Processing",AUS,manufacturing,food-beverage-tobacco,2022-07-01 00:00:00,2022-07-31 00:00:00,-16.950388,145.750015,,co2,80930.86565712582,month,2435410913.9906025,USD,3.323088731852423e-05,t of CO2 per USD,2435410913.9906025,USD,1,,,,,,,,,,,,,,,,,,,,,2025-02-28 00:00:00,2025-08-08 20:29:26.714454,,climate-trace,,oshAU2024204A42V9R
38482759,Australian Crocodile Traders,"Butcher, Meat Processing",AUS,manufacturing,food-beverage-tobacco,2022-08-01 00:00:00,2022-08-31 00:00:00,-16.950388,145.750015,,co2,79951.24069408009,month,2405931563.8409705,USD,3.323088731852423e-05,t of CO2 per USD,2405931563.8409705,USD,1,,,,,,,,,,,,,,,,,,,,,2025-02-28 00:00:00,2025-08-08 20:29:26.714454,,climate-trace,,oshAU2024204A42V9R
38482759,Australian Crocodile Traders,"Butcher, Meat Processing",AUS,manufacturing,food-beverage-tobacco,2022-09-01 00:00:00,2022-09-30 00:00:00,-16.950388,145.750015,,co2,81562.22986207742,month,2454410232.2724123,USD,3.323088731852423e-05,t of CO2 per USD,2454410232.2724123,USD,1,,,,,,,,,,,,,,,,,,,,,2025-02-28 00:00:00,2025-08-08 20:29:26.714454,,climate-trace,,oshAU2024204A42V9R
38482759,Australian Crocodile Traders,"Butcher, Meat Processing",AUS,manufacturing,food-beverage-tobacco,2022-10-01 00:00:00,2022-10-31 00:00:00,-16.950388,145.750015,,co2,82474.465049746,month,2481861656.5730824,USD,3.323088731852423e-05,t of CO2 per USD,2481861656.5730824,USD,1,,,,,,,,,,,,,,,,,,,,,2025-02-28 00:00:00,2025-08-08 20:29:26.714454,,climate-trace,,oshAU2024204A42V9R
38482759,Australian Crocodile Traders,"Butcher, Meat Processing",AUS,manufacturing,food-beverage-tobacco,2022-11-01 00:00:00,2022-11-30 00:00:00,-16.950388,145.750015,,co2,82187.33076485718,month,2473221072.223451,USD,3.323088731852423e-05,t of CO2 per USD,2473221072.223451,USD,1,,,,,,,,,,,,,,,,,,,,,2025-02-28 00:00:00,2025-08-08 20:29:26.714454,,climate-trace,,oshAU2024204A42V9R
38482759,Australian Crocodile Traders,"Butcher, Meat Processing",AUS,manufacturing,food-beverage-tobacco,2022-12-01 00:00:00,2022-12-31 00:00:00,-16.950388,145.750015,,co2,82495.60779837034,month,2482497894.432809,USD,3.323088731852423e-05,t of CO2 per USD,2482497894.432809,USD,1,,,,,,,,,,,,,,,,,,,,,2025-02-28 00:00:00,2025-08-08 20:29:26.714454,,climate-trace,,oshAU2024204A42V9R
38482759,Australian Crocodile Traders,"Butcher, Meat Processing",AUS,manufacturing,food-beverage-tobacco,2023-01-01 00:00:00,2023-01-31 00:00:00,-16.950388,145.750015,,co2,77299.8516544767,month,2435410913.990603,USD,3.17399627350011e-05,t of CO2 per USD,2435410913.990603,USD,1,,,,,,,,,,,,,,,,,,,,,2025-02-28 00:00:00,2025-08-08 20:29:26.714454,,climate-trace,,oshAU2024204A42V9R
38482759,Australian Crocodile Traders,"Butcher, Meat Processing",AUS,manufacturing,food-beverage-tobacco,2023-02-01 00:00:00,2023-02-28 00:00:00,-16.950388,145.750015,,co2,76364.17817927533,month,2405931563.840971,USD,3.17399627350011e-05,t of CO2 per USD,2405931563.840971,USD,1,,,,,,,,,,,,,,,,,,,,,2025-02-28 00:00:00,2025-08-08 20:29:26.714454,,climate-trace,,oshAU2024204A42V9R
38482759,Australian Crocodile Traders,"Butcher, Meat Processing",AUS,manufacturing,food-beverage-tobacco,2023-03-01 00:00:00,2023-03-31 00:00:00,-16.950388,145.750015,,co2,77902.88930873177,month,2454410232.272413,USD,3.17399627350011e-05,t of CO2 per USD,2454410232.272413,USD,1,,,,,,,,,,,,,,,,,,,,,2025-02-28 00:00:00,2025-08-08 20:29:26.714454,,climate-trace,,oshAU2024204A42V9R
38482759,Australian Crocodile Traders,"Butcher, Meat Processing",AUS,manufacturing,food-beverage-tobacco,2023-04-01 00:00:00,2023-04-30 00:00:00,-16.950388,145.750015,,co2,78774.19649305775,month,2481861656.573083,USD,3.17399627350011e-05,t of CO2 per USD,2481861656.573083,USD,1,,,,,,,,,,,,,,,,,,,,,2025-02-28 00:00:00,2025-08-08 20:29:26.714454,,climate-trace,,oshAU2024204A42V9R
38482759,Australian Crocodile Traders,"Butcher, Meat Processing",AUS,manufacturing,food-beverage-tobacco,2023-05-01 00:00:00,2023-05-31 00:00:00,-16.950388,145.750015,,co2,78499.94466779182,month,2473221072.223452,USD,3.17399627350011e-05,t of CO2 per USD,2473221072.223452,USD,1,,,,,,,,,,,,,,,,,,,,,2025-02-28 00:00:00,2025-08-08 20:29:26.714454,,climate-trace,,oshAU2024204A42V9R
38482759,Australian Crocodile Traders,"Butcher, Meat Processing",AUS,manufacturing,food-beverage-tobacco,2023-06-01 00:00:00,2023-06-30 00:00:00,-16.950388,145.750015,,co2,78794.39065901606,month,2482497894.4328094,USD,3.17399627350011e-05,t of CO2 per USD,2482497894.4328094,USD,1,,,,,,,,,,,,,,,,,,,,,2025-02-28 00:00:00,2025-08-08 20:29:26.714454,,climate-trace,,oshAU2024204A42V9R
38482759,Australian Crocodile Traders,"Butcher, Meat Processing",AUS,manufacturing,food-beverage-tobacco,2023-07-01 00:00:00,2023-07-31 00:00:00,-16.950388,145.750015,,co2,77299.8516544767,month,2435410913.990603,USD,3.17399627350011e-05,t of CO2 per USD,2435410913.990603,USD,1,,,,,,,,,,,,,,,,,,,,,2025-02-28 00:00:00,2025-08-08 20:29:26.714454,,climate-trace,,oshAU2024204A42V9R
38482759,Australian Crocodile Traders,"Butcher, Meat Processing",AUS,manufacturing,food-beverage-tobacco,2023-08-01 00:00:00,2023-08-31 00:00:00,-16.950388,145.750015,,co2,76364.17817927533,month,2405931563.840971,USD,3.17399627350011e-05,t of CO2 per USD,2405931563.840971,USD,1,,,,,,,,,,,,,,,,,,,,,2025-02-28 00:00:00,2025-08-08 20:29:26.714454,,climate-trace,,oshAU2024204A42V9R
38482759,Australian Crocodile Traders,"Butcher, Meat Processing",AUS,manufacturing,food-beverage-tobacco,2023-09-01 00:00:00,2023-09-30 00:00:00,-16.950388,145.750015,,co2,77902.88930873177,month,2454410232.272413,USD,3.17399627350011e-05,t of CO2 per USD,2454410232.272413,USD,1,,,,,,,,,,,,,,,,,,,,,2025-02-28 00:00:00,2025-08-08 20:29:26.714454,,climate-trace,,oshAU2024204A42V9R
38482759,Australian Crocodile Traders,"Butcher, Meat Processing",AUS,manufacturing,food-beverage-tobacco,2023-10-01 00:00:00,2023-10-31 00:00:00,-16.950388,145.750015,,co2,78774.19649305775,month,2481861656.573083,USD,3.17399627350011e-05,t of CO2 per USD,2481861656.573083,USD,1,,,,,,,,,,,,,,,,,,,,,2025-02-28 00:00:00,2025-08-08 20:29:26.714454,,climate-trace,,oshAU2024204A42V9R
38482759,Australian Crocodile Traders,"Butcher, Meat Processing",AUS,manufacturing,food-beverage-tobacco,2023-11-01 00:00:00,2023-11-30 00:00:00,-16.950388,145.750015,,co2,78499.94466779182,month,2473221072.223452,USD,3.17399627350011e-05,t of CO2 per USD,2473221072.223452,USD,1,,,,,,,,,,,,,,,,,,,,,2025-02-28 00:00:00,2025-08-08 20:29:26.714454,,climate-trace,,oshAU2024204A42V9R
38482759,Australian Crocodile Traders,"Butcher, Meat Processing",AUS,manufacturing,food-beverage-tobacco,2023-12-01 00:00:00,2023-12-31 00:00:00,-16.950388,145.750015,,co2,78794.39065901606,month,2482497894.4328094,USD,3.17399627350011e-05,t of CO2 per USD,2482497894.4328094,USD,1,,,,,,,,,,,,,,,,,,,,,2025-02-28 00:00:00,2025-08-08 20:29:26.714454,,climate-trace,,oshAU2024204A42V9R
38482759,Australian Crocodile Traders,"Butcher, Meat Processing",AUS,manufacturing,food-beverage-tobacco,2024-01-01 00:00:00,2024-01-31 00:00:00,-16.950388,145.750015,,co2,77299.8516544767,month,2435410913.990603,USD,3.17399627350011e-05,t of CO2 per USD,2435410913.990603,USD,1,,,,,,,,,,,,,,,,,,,,,2025-02-28 00:00:00,2025-08-08 20:29:26.714454,,climate-trace,,oshAU2024204A42V9R
38482759,Australian Crocodile Traders,"Butcher, Meat Processing",AUS,manufacturing,food-beverage-tobacco,2024-02-01 00:00:00,2024-02-29 00:00:00,-16.950388,145.750015,,co2,76364.17817927533,month,2405931563.840971,USD,3.17399627350011e-05,t of CO2 per USD,2405931563.840971,USD,1,,,,,,,,,,,,,,,,,,,,,2025-02-28 00:00:00,2025-08-08 20:29:26.714454,,climate-trace,,oshAU2024204A42V9R
38482759,Australian Crocodile Traders,"Butcher, Meat Processing",AUS,manufacturing,food-beverage-tobacco,2024-03-01 00:00:00,2024-03-31 00:00:00,-16.950388,145.750015,,co2,77902.88930873177,month,2454410232.272413,USD,3.17399627350011e-05,t of CO2 per USD,2454410232.272413,USD,1,,,,,,,,,,,,,,,,,,,,,2025-02-28 00:00:00,2025-08-08 20:29:26.714454,,climate-trace,,oshAU2024204A42V9R
38482759,Australian Crocodile Traders,"Butcher, Meat Processing",AUS,manufacturing,food-beverage-tobacco,2024-04-01 00:00:00,2024-04-30 00:00:00,-16.950388,145.750015,,co2,78774.19649305775,month,2481861656.573083,USD,3.17399627350011e-05,t of CO2 per USD,2481861656.573083,USD,1,,,,,,,,,,,,,,,,,,,,,2025-02-28 00:00:00,2025-08-08 20:29:26.714454,,climate-trace,,oshAU2024204A42V9R
38482759,Australian Crocodile Traders,"Butcher, Meat Processing",AUS,manufacturing,food-beverage-tobacco,2024-05-01 00:00:00,2024-05-31 00:00:00,-16.950388,145.750015,,co2,78499.94466779182,month,2473221072.223452,USD,3.17399627350011e-05,t of CO2 per USD,2473221072.223452,USD,1,,,,,,,,,,,,,,,,,,,,,2025-02-28 00:00:00,2025-08-08 20:29:26.714454,,climate-trace,,oshAU2024204A42V9R
38482759,Australian Crocodile Traders,"Butcher, Meat Processing",AUS,manufacturing,food-beverage-tobacco,2024-06-01 00:00:00,2024-06-30 00:00:00,-16.950388,145.750015,,co2,78794.39065901606,month,2482497894.4328094,USD,3.17399627350011e-05,t of CO2 per USD,2482497894.4328094,USD,1,,,,,,,,,,,,,,,,,,,,,2025-02-28 00:00:00,2025-08-08 20:29:26.714454,,climate-trace,,oshAU2024204A42V9R
38482759,Australian Crocodile Traders,"Butcher, Meat Processing",AUS,manufacturing,food-beverage-tobacco,2024-07-01 00:00:00,2024-07-31 00:00:00,-16.950388,145.750015,,co2,77299.8516544767,month,2435410913.990603,USD,3.17399627350011e-05,t of CO2 per USD,2435410913.990603,USD,1,,,,,,,,,,,,,,,,,,,,,2025-02-28 00:00:00,2025-08-08 20:29:26.714454,,climate-trace,,oshAU2024204A42V9R
38482759,Australian Crocodile Traders,"Butcher, Meat Processing",AUS,manufacturing,food-beverage-tobacco,2024-08-01 00:00:00,2024-08-31 00:00:00,-16.950388,145.750015,,co2,76364.17817927533,month,2405931563.840971,USD,3.17399627350011e-05,t of CO2 per USD,2405931563.840971,USD,1,,,,,,,,,,,,,,,,,,,,,2025-02-28 00:00:00,2025-08-08 20:29:26.714454,,climate-trace,,oshAU2024204A42V9R
38482759,Australian Crocodile Traders,"Butcher, Meat Processing",AUS,manufacturing,food-beverage-tobacco,2024-09-01 00:00:00,2024-09-30 00:00:00,-16.950388,145.750015,,co2,77902.88930873177,month,2454410232.272413,USD,3.17399627350011e-05,t of CO2 per USD,2454410232.272413,USD,1,,,,,,,,,,,,,,,,,,,,,2025-02-28 00:00:00,2025-08-08 20:29:26.714454,,climate-trace,,oshAU2024204A42V9R
38482759,Australian Crocodile Traders,"Butcher, Meat Processing",AUS,manufacturing,food-beverage-tobacco,2024-10-01 00:00:00,2024-10-31 00:00:00,-16.950388,145.750015,,co2,78774.19649305775,month,2481861656.573083,USD,3.17399627350011e-05,t of CO2 per USD,2481861656.573083,USD,1,,,,,,,,,,,,,,,,,,,,,2025-02-28 00:00:00,2025-08-08 20:29:26.714454,,climate-trace,,oshAU2024204A42V9R
38482759,Australian Crocodile Traders,"Butcher, Meat Processing",AUS,manufacturing,food-beverage-tobacco,2024-11-01 00:00:00,2024-11-30 00:00:00,-16.950388,145.750015,,co2,78499.94466779182,month,2473221072.223452,USD,3.17399627350011e-05,t of CO2 per USD,2473221072.223452,USD,1,,,,,,,,,,,,,,,,,,,,,2025-02-28 00:00:00,2025-08-08 20:29:26.714454,,climate-trace,,oshAU2024204A42V9R
38482759,Australian Crocodile Traders,"Butcher, Meat Processing",AUS,manufacturing,food-beverage-tobacco,2024-12-01 00:00:00,2024-12-31 00:00:00,-16.950388,145.750015,,co2,78794.39065901606,month,2482497894.4328094,USD,3.17399627350011e-05,t of CO2 per USD,2482497894.4328094,USD,1,,,,,,,,,,,,,,,,,,,,,2025-02-28 00:00:00,2025-08-08 20:29:26.714454,,climate-trace,,oshAU2024204A42V9R
38482759,Australian Crocodile Traders,"Butcher, Meat Processing",AUS,manufacturing,food-beverage-tobacco,2025-01-01 00:00:00,2025-01-31 00:00:00,-16.950388,145.750015,,co2,77299.8516544767,month,2435410913.990603,USD,3.17399627350011e-05,t of CO2 per USD,2435410913.990603,USD,1,,,,,,,,,,,,,,,,,,,,,2025-02-28 00:00:00,2025-08-08 20:29:26.714454,,climate-trace,,oshAU2024204A42V9R
38482759,Australian Crocodile Traders,"Butcher, Meat Processing",AUS,manufacturing,food-beverage-tobacco,2025-02-01 00:00:00,2025-02-28 00:00:00,-16.950388,145.750015,,co2,76364.17817927533,month,2405931563.840971,USD,3.17399627350011e-05,t of CO2 per USD,2405931563.840971,USD,1,,,,,,,,,,,,,,,,,,,,,2025-02-28 00:00:00,2025-08-08 20:29:26.714454,,climate-trace,,oshAU2024204A42V9R
38482759,Australian Crocodile Traders,"Butcher, Meat Processing",AUS,manufacturing,food-beverage-tobacco,2025-03-01 00:00:00,2025-03-31 00:00:00,-16.950388,145.750015,,co2,77902.88930873177,month,2454410232.272413,USD,3.17399627350011e-05,t of CO2 per USD,2454410232.272413,USD,1,,,,,,,,,,,,,,,,,,,,,2025-02-28 00:00:00,2025-08-08 20:29:26.714454,,climate-trace,,oshAU2024204A42V9R
38482759,Australian Crocodile Traders,"Butcher, Meat Processing",AUS,manufacturing,food-beverage-tobacco,2025-04-01 00:00:00,2025-04-30 00:00:00,-16.950388,145.750015,,co2,78774.19649305775,month,2481861656.573083,USD,3.17399627350011e-05,t of CO2 per USD,2481861656.573083,USD,1,,,,,,,,,,,,,,,,,,,,,2025-02-28 00:00:00,2025-08-08 20:29:26.714454,,climate-trace,,oshAU2024204A42V9R
38482759,Australian Crocodile Traders,"Butcher, Meat Processing",AUS,manufacturing,food-beverage-tobacco,2025-05-01 00:00:00,2025-05-31 00:00:00,-16.950388,145.750015,,co2,78499.94466779182,month,2473221072.223452,USD,3.17399627350011e-05,t of CO2 per USD,2473221072.223452,USD,1,,,,,,,,,,,,,,,,,,,,,2025-02-28 00:00:00,2025-08-08 20:29:26.714454,,climate-trace,,oshAU2024204A42V9R
38482759,Australian Crocodile Traders,"Butcher, Meat Processing",AUS,manufacturing,food-beverage-tobacco,2025-06-01 00:00:00,2025-06-30 00:00:00,-16.950388,145.750015,,co2,78794.39065901606,month,2482497894.4328094,USD,3.17399627350011e-05,t of CO2 per USD,2482497894.4328094,USD,1,,,,,,,,,,,,,,,,,,,,,2025-02-28 00:00:00,2025-08-08 20:29:26.714454,,climate-trace,,oshAU2024204A42V9R
38487122,Haverick Meats Butcher,"Butcher, Meat Processing",AUS,manufacturing,food-beverage-tobacco,2021-01-01 00:00:00,2021-01-31 00:00:00,-33.944099,151.214859,,co2,80134.93004146559,month,2413370996.2169323,USD,3.3204563312926486e-05,t of CO2 per USD,2413370996.2169323,USD,1,,,,,,,,,,,,,,,,,,,,,2025-02-28 00:00:00,2025-08-08 20:29:26.714454,,climate-trace,,oshAU2024204SA57CZ
38487122,Haverick Meats Butcher,"Butcher, Meat Processing",AUS,manufacturing,food-beverage-tobacco,2021-02-01 00:00:00,2021-02-28 00:00:00,-33.944099,151.214859,,co2,79164.9394545228,month,2384158427.5166183,USD,3.3204563312926486e-05,t of CO2 per USD,2384158427.5166183,USD,1,,,,,,,,,,,,,,,,,,,,,2025-02-28 00:00:00,2025-08-08 20:29:26.714454,,climate-trace,,oshAU2024204SA57CZ
38487122,Haverick Meats Butcher,"Butcher, Meat Processing",AUS,manufacturing,food-beverage-tobacco,2021-03-01 00:00:00,2021-03-31 00:00:00,-33.944099,151.214859,,co2,80760.08493118137,month,2432198374.96678,USD,3.3204563312926486e-05,t of CO2 per USD,2432198374.96678,USD,1,,,,,,,,,,,,,,,,,,,,,2025-02-28 00:00:00,2025-08-08 20:29:26.714454,,climate-trace,,oshAU2024204SA57CZ
38487122,Haverick Meats Butcher,"Butcher, Meat Processing",AUS,manufacturing,food-beverage-tobacco,2021-04-01 00:00:00,2021-04-30 00:00:00,-33.944099,151.214859,,co2,81663.34850499373,month,2459401370.0882587,USD,3.3204563312926486e-05,t of CO2 per USD,2459401370.0882587,USD,1,,,,,,,,,,,,,,,,,,,,,2025-02-28 00:00:00,2025-08-08 20:29:26.714454,,climate-trace,,oshAU2024204SA57CZ
38487122,Haverick Meats Butcher,"Butcher, Meat Processing",AUS,manufacturing,food-beverage-tobacco,2021-05-01 00:00:00,2021-05-31 00:00:00,-33.944099,151.214859,,co2,81379.03811679705,month,2450838981.0721083,USD,3.3204563312926486e-05,t of CO2 per USD,2450838981.0721083,USD,1,,,,,,,,,,,,,,,,,,,,,2025-02-28 00:00:00,2025-08-08 20:29:26.714454,,climate-trace,,oshAU2024204SA57CZ
38487122,Haverick Meats Butcher,"Butcher, Meat Processing",AUS,manufacturing,food-beverage-tobacco,2021-06-01 00:00:00,2021-06-30 00:00:00,-33.944099,151.214859,,co2,81684.28331976605,month,2460031850.1393,USD,3.3204563312926486e-05,t of CO2 per USD,2460031850.1393,USD,1,,,,,,,,,,,,,,,,,,,,,2025-02-28 00:00:00,2025-08-08 20:29:26.714454,,climate-trace,,oshAU2024204SA57CZ
38487122,Haverick Meats Butcher,"Butcher, Meat Processing",AUS,manufacturing,food-beverage-tobacco,2021-07-01 00:00:00,2021-07-31 00:00:00,-33.944099,151.214859,,co2,80134.93004146559,month,2413370996.2169323,USD,3.3204563312926486e-05,t of CO2 per USD,2413370996.2169323,USD,1,,,,,,,,,,,,,,,,,,,,,2025-02-28 00:00:00,2025-08-08 20:29:26.714454,,climate-trace,,oshAU2024204SA57CZ
38487122,Haverick Meats Butcher,"Butcher, Meat Processing",AUS,manufacturing,food-beverage-tobacco,2021-08-01 00:00:00,2021-08-31 00:00:00,-33.944099,151.214859,,co2,79164.9394545228,month,2384158427.5166183,USD,3.3204563312926486e-05,t of CO2 per USD,2384158427.5166183,USD,1,,,,,,,,,,,,,,,,,,,,,2025-02-28 00:00:00,2025-08-08 20:29:26.714454,,climate-trace,,oshAU2024204SA57CZ
38487122,Haverick Meats Butcher,"Butcher, Meat Processing",AUS,manufacturing,food-beverage-tobacco,2021-09-01 00:00:00,2021-09-30 00:00:00,-33.944099,151.214859,,co2,80760.08493118137,month,2432198374.96678,USD,3.3204563312926486e-05,t of CO2 per USD,2432198374.96678,USD,1,,,,,,,,,,,,,,,,,,,,,2025-02-28 00:00:00,2025-08-08 20:29:26.714454,,climate-trace,,oshAU2024204SA57CZ
38487122,Haverick Meats Butcher,"Butcher, Meat Processing",AUS,manufacturing,food-beverage-tobacco,2021-10-01 00:00:00,2021-10-31 00:00:00,-33.944099,151.214859,,co2,81663.34850499373,month,2459401370.0882587,USD,3.3204563312926486e-05,t of CO2 per USD,2459401370.0882587,USD,1,,,,,,,,,,,,,,,,,,,,,2025-02-28 00:00:00,2025-08-08 20:29:26.714454,,climate-trace,,oshAU2024204SA57CZ
38487122,Haverick Meats Butcher,"Butcher, Meat Processing",AUS,manufacturing,food-beverage-tobacco,2021-11-01 00:00:00,2021-11-30 00:00:00,-33.944099,151.214859,,co2,81379.03811679705,month,2450838981.0721083,USD,3.3204563312926486e-05,t of CO2 per USD,2450838981.0721083,USD,1,,,,,,,,,,,,,,,,,,,,,2025-02-28 00:00:00,2025-08-08 20:29:26.714454,,climate-trace,,oshAU2024204SA57CZ
38487122,Haverick Meats Butcher,"Butcher, Meat Processing",AUS,manufacturing,food-beverage-tobacco,2021-12-01 00:00:00,2021-12-31 00:00:00,-33.944099,151.214859,,co2,81684.28331976605,month,2460031850.1393,USD,3.3204563312926486e-05,t of CO2 per USD,2460031850.1393,USD,1,,,,,,,,,,,,,,,,,,,,,2025-02-28 00:00:00,2025-08-08 20:29:26.714454,,climate-trace,,oshAU2024204SA57CZ
38487122,Haverick Meats Butcher,"Butcher, Meat Processing",AUS,manufacturing,food-beverage-tobacco,2022-01-01 00:00:00,2022-01-31 00:00:00,-33.944099,151.214859,,co2,80930.86565712582,month,2435410913.9906025,USD,3.323088731852423e-05,t of CO2 per USD,2435410913.9906025,USD,1,,,,,,,,,,,,,,,,,,,,,2025-02-28 00:00:00,2025-08-08 20:29:26.714454,,climate-trace,,oshAU2024204SA57CZ
38487122,Haverick Meats Butcher,"Butcher, Meat Processing",AUS,manufacturing,food-beverage-tobacco,2022-02-01 00:00:00,2022-02-28 00:00:00,-33.944099,151.214859,,co2,79951.24069408009,month,2405931563.8409705,USD,3.323088731852423e-05,t of CO2 per USD,2405931563.8409705,USD,1,,,,,,,,,,,,,,,,,,,,,2025-02-28 00:00:00,2025-08-08 20:29:26.714454,,climate-trace,,oshAU2024204SA57CZ
38487122,Haverick Meats Butcher,"Butcher, Meat Processing",AUS,manufacturing,food-beverage-tobacco,2022-03-01 00:00:00,2022-03-31 00:00:00,-33.944099,151.214859,,co2,81562.22986207742,month,2454410232.2724123,USD,3.323088731852423e-05,t of CO2 per USD,2454410232.2724123,USD,1,,,,,,,,,,,,,,,,,,,,,2025-02-28 00:00:00,2025-08-08 20:29:26.714454,,climate-trace,,oshAU2024204SA57CZ
38487122,Haverick Meats Butcher,"Butcher, Meat Processing",AUS,manufacturing,food-beverage-tobacco,2022-04-01 00:00:00,2022-04-30 00:00:00,-33.944099,151.214859,,co2,82474.465049746,month,2481861656.5730824,USD,3.323088731852423e-05,t of CO2 per USD,2481861656.5730824,USD,1,,,,,,,,,,,,,,,,,,,,,2025-02-28 00:00:00,2025-08-08 20:29:26.714454,,climate-trace,,oshAU2024204SA57CZ
38487122,Haverick Meats Butcher,"Butcher, Meat Processing",AUS,manufacturing,food-beverage-tobacco,2022-05-01 00:00:00,2022-05-31 00:00:00,-33.944099,151.214859,,co2,82187.33076485718,month,2473221072.223451,USD,3.323088731852423e-05,t of CO2 per USD,2473221072.223451,USD,1,,,,,,,,,,,,,,,,,,,,,2025-02-28 00:00:00,2025-08-08 20:29:26.714454,,climate-trace,,oshAU2024204SA57CZ
38487122,Haverick Meats Butcher,"Butcher, Meat Processing",AUS,manufacturing,food-beverage-tobacco,2022-06-01 00:00:00,2022-06-30 00:00:00,-33.944099,151.214859,,co2,82495.60779837034,month,2482497894.432809,USD,3.323088731852423e-05,t of CO2 per USD,2482497894.432809,USD,1,,,,,,,,,,,,,,,,,,,,,2025-02-28 00:00:00,2025-08-08 20:29:26.714454,,climate-trace,,oshAU2024204SA57CZ
38487122,Haverick Meats Butcher,"Butcher, Meat Processing",AUS,manufacturing,food-beverage-tobacco,2022-07-01 00:00:00,2022-07-31 00:00:00,-33.944099,151.214859,,co2,80930.86565712582,month,2435410913.9906025,USD,3.323088731852423e-05,t of CO2 per USD,2435410913.9906025,USD,1,,,,,,,,,,,,,,,,,,,,,2025-02-28 00:00:00,2025-08-08 20:29:26.714454,,climate-trace,,oshAU2024204SA57CZ
38487122,Haverick Meats Butcher,"Butcher, Meat Processing",AUS,manufacturing,food-beverage-tobacco,2022-08-01 00:00:00,2022-08-31 00:00:00,-33.944099,151.214859,,co2,79951.24069408009,month,2405931563.8409705,USD,3.323088731852423e-05,t of CO2 per USD,2405931563.8409705,USD,1,,,,,,,,,,,,,,,,,,,,,2025-02-28 00:00:00,2025-08-08 20:29:26.714454,,climate-trace,,oshAU2024204SA57CZ
38487122,Haverick Meats Butcher,"Butcher, Meat Processing",AUS,manufacturing,food-beverage-tobacco,2022-09-01 00:00:00,2022-09-30 00:00:00,-33.944099,151.214859,,co2,81562.22986207742,month,2454410232.2724123,USD,3.323088731852423e-05,t of CO2 per USD,2454410232.2724123,USD,1,,,,,,,,,,,,,,,,,,,,,2025-02-28 00:00:00,2025-08-08 20:29:26.714454,,climate-trace,,oshAU2024204SA57CZ
38487122,Haverick Meats Butcher,"Butcher, Meat Processing",AUS,manufacturing,food-beverage-tobacco,2022-10-01 00:00:00,2022-10-31 00:00:00,-33.944099,151.214859,,co2,82474.465049746,month,2481861656.5730824,USD,3.323088731852423e-05,t of CO2 per USD,2481861656.5730824,USD,1,,,,,,,,,,,,,,,,,,,,,2025-02-28 00:00:00,2025-08-08 20:29:26.714454,,climate-trace,,oshAU2024204SA57CZ
38487122,Haverick Meats Butcher,"Butcher, Meat Processing",AUS,manufacturing,food-beverage-tobacco,2022-11-01 00:00:00,2022-11-30 00:00:00,-33.944099,151.214859,,co2,82187.33076485718,month,2473221072.223451,USD,3.323088731852423e-05,t of CO2 per USD,2473221072.223451,USD,1,,,,,,,,,,,,,,,,,,,,,2025-02-28 00:00:00,2025-08-08 20:29:26.714454,,climate-trace,,oshAU2024204SA57CZ
38487122,Haverick Meats Butcher,"Butcher, Meat Processing",AUS,manufacturing,food-beverage-tobacco,2022-12-01 00:00:00,2022-12-31 00:00:00,-33.944099,151.214859,,co2,82495.60779837034,month,2482497894.432809,USD,3.323088731852423e-05,t of CO2 per USD,2482497894.432809,USD,1,,,,,,,,,,,,,,,,,,,,,2025-02-28 00:00:00,2025-08-08 20:29:26.714454,,climate-trace,,oshAU2024204SA57CZ
38487122,Haverick Meats Butcher,"Butcher, Meat Processing",AUS,manufacturing,food-beverage-tobacco,2023-01-01 00:00:00,2023-01-31 00:00:00,-33.944099,151.214859,,co2,77299.8516544767,month,2435410913.990603,USD,3.17399627350011e-05,t of CO2 per USD,2435410913.990603,USD,1,,,,,,,,,,,,,,,,,,,,,2025-02-28 00:00:00,2025-08-08 20:29:26.714454,,climate-trace,,oshAU2024204SA57CZ
38487122,Haverick Meats Butcher,"Butcher, Meat Processing",AUS,manufacturing,food-beverage-tobacco,2023-02-01 00:00:00,2023-02-28 00:00:00,-33.944099,151.214859,,co2,76364.17817927533,month,2405931563.840971,USD,3.17399627350011e-05,t of CO2 per USD,2405931563.840971,USD,1,,,,,,,,,,,,,,,,,,,,,2025-02-28 00:00:00,2025-08-08 20:29:26.714454,,climate-trace,,oshAU2024204SA57CZ
38487122,Haverick Meats Butcher,"Butcher, Meat Processing",AUS,manufacturing,food-beverage-tobacco,2023-03-01 00:00:00,2023-03-31 00:00:00,-33.944099,151.214859,,co2,77902.88930873177,month,2454410232.272413,USD,3.17399627350011e-05,t of CO2 per USD,2454410232.272413,USD,1,,,,,,,,,,,,,,,,,,,,,2025-02-28 00:00:00,2025-08-08 20:29:26.714454,,climate-trace,,oshAU2024204SA57CZ
38487122,Haverick Meats Butcher,"Butcher, Meat Processing",AUS,manufacturing,food-beverage-tobacco,2023-04-01 00:00:00,2023-04-30 00:00:00,-33.944099,151.214859,,co2,78774.19649305775,month,2481861656.573083,USD,3.17399627350011e-05,t of CO2 per USD,2481861656.573083,USD,1,,,,,,,,,,,,,,,,,,,,,2025-02-28 00:00:00,2025-08-08 20:29:26.714454,,climate-trace,,oshAU2024204SA57CZ
38487122,Haverick Meats Butcher,"Butcher, Meat Processing",AUS,manufacturing,food-beverage-tobacco,2023-05-01 00:00:00,2023-05-31 00:00:00,-33.944099,151.214859,,co2,78499.94466779182,month,2473221072.223452,USD,3.17399627350011e-05,t of CO2 per USD,2473221072.223452,USD,1,,,,,,,,,,,,,,,,,,,,,2025-02-28 00:00:00,2025-08-08 20:29:26.714454,,climate-trace,,oshAU2024204SA57CZ
38487122,Haverick Meats Butcher,"Butcher, Meat Processing",AUS,manufacturing,food-beverage-tobacco,2023-06-01 00:00:00,2023-06-30 00:00:00,-33.944099,151.214859,,co2,78794.39065901606,month,2482497894.4328094,USD,3.17399627350011e-05,t of CO2 per USD,2482497894.4328094,USD,1,,,,,,,,,,,,,,,,,,,,,2025-02-28 00:00:00,2025-08-08 20:29:26.714454,,climate-trace,,oshAU2024204SA57CZ
38487122,Haverick Meats Butcher,"Butcher, Meat Processing",AUS,manufacturing,food-beverage-tobacco,2023-07-01 00:00:00,2023-07-31 00:00:00,-33.944099,151.214859,,co2,77299.8516544767,month,2435410913.990603,USD,3.17399627350011e-05,t of CO2 per USD,2435410913.990603,USD,1,,,,,,,,,,,,,,,,,,,,,2025-02-28 00:00:00,2025-08-08 20:29:26.714454,,climate-trace,,oshAU2024204SA57CZ
38487122,Haverick Meats Butcher,"Butcher, Meat Processing",AUS,manufacturing,food-beverage-tobacco,2023-08-01 00:00:00,2023-08-31 00:00:00,-33.944099,151.214859,,co2,76364.17817927533,month,2405931563.840971,USD,3.17399627350011e-05,t of CO2 per USD,2405931563.840971,USD,1,,,,,,,,,,,,,,,,,,,,,2025-02-28 00:00:00,2025-08-08 20:29:26.714454,,climate-trace,,oshAU2024204SA57CZ
38487122,Haverick Meats Butcher,"Butcher, Meat Processing",AUS,manufacturing,food-beverage-tobacco,2023-09-01 00:00:00,2023-09-30 00:00:00,-33.944099,151.214859,,co2,77902.88930873177,month,2454410232.272413,USD,3.17399627350011e-05,t of CO2 per USD,2454410232.272413,USD,1,,,,,,,,,,,,,,,,,,,,,2025-02-28 00:00:00,2025-08-08 20:29:26.714454,,climate-trace,,oshAU2024204SA57CZ
38487122,Haverick Meats Butcher,"Butcher, Meat Processing",AUS,manufacturing,food-beverage-tobacco,2023-10-01 00:00:00,2023-10-31 00:00:00,-33.944099,151.214859,,co2,78774.19649305775,month,2481861656.573083,USD,3.17399627350011e-05,t of CO2 per USD,2481861656.573083,USD,1,,,,,,,,,,,,,,,,,,,,,2025-02-28 00:00:00,2025-08-08 20:29:26.714454,,climate-trace,,oshAU2024204SA57CZ
38487122,Haverick Meats Butcher,"Butcher, Meat Processing",AUS,manufacturing,food-beverage-tobacco,2023-11-01 00:00:00,2023-11-30 00:00:00,-33.944099,151.214859,,co2,78499.94466779182,month,2473221072.223452,USD,3.17399627350011e-05,t of CO2 per USD,2473221072.223452,USD,1,,,,,,,,,,,,,,,,,,,,,2025-02-28 00:00:00,2025-08-08 20:29:26.714454,,climate-trace,,oshAU2024204SA57CZ
38487122,Haverick Meats Butcher,"Butcher, Meat Processing",AUS,manufacturing,food-beverage-tobacco,2023-12-01 00:00:00,2023-12-31 00:00:00,-33.944099,151.214859,,co2,78794.39065901606,month,2482497894.4328094,USD,3.17399627350011e-05,t of CO2 per USD,2482497894.4328094,USD,1,,,,,,,,,,,,,,,,,,,,,2025-02-28 00:00:00,2025-08-08 20:29:26.714454,,climate-trace,,oshAU2024204SA57CZ
38487122,Haverick Meats Butcher,"Butcher, Meat Processing",AUS,manufacturing,food-beverage-tobacco,2024-01-01 00:00:00,2024-01-31 00:00:00,-33.944099,151.214859,,co2,77299.8516544767,month,2435410913.990603,USD,3.17399627350011e-05,t of CO2 per USD,2435410913.990603,USD,1,,,,,,,,,,,,,,,,,,,,,2025-02-28 00:00:00,2025-08-08 20:29:26.714454,,climate-trace,,oshAU2024204SA57CZ
38487122,Haverick Meats Butcher,"Butcher, Meat Processing",AUS,manufacturing,food-beverage-tobacco,2024-02-01 00:00:00,2024-02-29 00:00:00,-33.944099,151.214859,,co2,76364.17817927533,month,2405931563.840971,USD,3.17399627350011e-05,t of CO2 per USD,2405931563.840971,USD,1,,,,,,,,,,,,,,,,,,,,,2025-02-28 00:00:00,2025-08-08 20:29:26.714454,,climate-trace,,oshAU2024204SA57CZ
38487122,Haverick Meats Butcher,"Butcher, Meat Processing",AUS,manufacturing,food-beverage-tobacco,2024-03-01 00:00:00,2024-03-31 00:00:00,-33.944099,151.214859,,co2,77902.88930873177,month,2454410232.272413,USD,3.17399627350011e-05,t of CO2 per USD,2454410232.272413,USD,1,,,,,,,,,,,,,,,,,,,,,2025-02-28 00:00:00,2025-08-08 20:29:26.714454,,climate-trace,,oshAU2024204SA57CZ
38487122,Haverick Meats Butcher,"Butcher, Meat Processing",AUS,manufacturing,food-beverage-tobacco,2024-04-01 00:00:00,2024-04-30 00:00:00,-33.944099,151.214859,,co2,78774.19649305775,month,2481861656.573083,USD,3.17399627350011e-05,t of CO2 per USD,2481861656.573083,USD,1,,,,,,,,,,,,,,,,,,,,,2025-02-28 00:00:00,2025-08-08 20:29:26.714454,,climate-trace,,oshAU2024204SA57CZ
38487122,Haverick Meats Butcher,"Butcher, Meat Processing",AUS,manufacturing,food-beverage-tobacco,2024-05-01 00:00:00,2024-05-31 00:00:00,-33.944099,151.214859,,co2,78499.94466779182,month,2473221072.223452,USD,3.17399627350011e-05,t of CO2 per USD,2473221072.223452,USD,1,,,,,,,,,,,,,,,,,,,,,2025-02-28 00:00:00,2025-08-08 20:29:26.714454,,climate-trace,,oshAU2024204SA57CZ
38487122,Haverick Meats Butcher,"Butcher, Meat Processing",AUS,manufacturing,food-beverage-tobacco,2024-06-01 00:00:00,2024-06-30 00:00:00,-33.944099,151.214859,,co2,78794.39065901606,month,2482497894.4328094,USD,3.17399627350011e-05,t of CO2 per USD,2482497894.4328094,USD,1,,,,,,,,,,,,,,,,,,,,,2025-02-28 00:00:00,2025-08-08 20:29:26.714454,,climate-trace,,oshAU2024204SA57CZ
38487122,Haverick Meats Butcher,"Butcher, Meat Processing",AUS,manufacturing,food-beverage-tobacco,2024-07-01 00:00:00,2024-07-31 00:00:00,-33.944099,151.214859,,co2,77299.8516544767,month,2435410913.990603,USD,3.17399627350011e-05,t of CO2 per USD,2435410913.990603,USD,1,,,,,,,,,,,,,,,,,,,,,2025-02-28 00:00:00,2025-08-08 20:29:26.714454,,climate-trace,,oshAU2024204SA57CZ
38487122,Haverick Meats Butcher,"Butcher, Meat Processing",AUS,manufacturing,food-beverage-tobacco,2024-08-01 00:00:00,2024-08-31 00:00:00,-33.944099,151.214859,,co2,76364.17817927533,month,2405931563.840971,USD,3.17399627350011e-05,t of CO2 per USD,2405931563.840971,USD,1,,,,,,,,,,,,,,,,,,,,,2025-02-28 00:00:00,2025-08-08 20:29:26.714454,,climate-trace,,oshAU2024204SA57CZ
38487122,Haverick Meats Butcher,"Butcher, Meat Processing",AUS,manufacturing,food-beverage-tobacco,2024-09-01 00:00:00,2024-09-30 00:00:00,-33.944099,151.214859,,co2,77902.88930873177,month,2454410232.272413,USD,3.17399627350011e-05,t of CO2 per USD,2454410232.272413,USD,1,,,,,,,,,,,,,,,,,,,,,2025-02-28 00:00:00,2025-08-08 20:29:26.714454,,climate-trace,,oshAU2024204SA57CZ
38487122,Haverick Meats Butcher,"Butcher, Meat Processing",AUS,manufacturing,food-beverage-tobacco,2024-10-01 00:00:00,2024-10-31 00:00:00,-33.944099,151.214859,,co2,78774.19649305775,month,2481861656.573083,USD,3.17399627350011e-05,t of CO2 per USD,2481861656.573083,USD,1,,,,,,,,,,,,,,,,,,,,,2025-02-28 00:00:00,2025-08-08 20:29:26.714454,,climate-trace,,oshAU2024204SA57CZ
38487122,Haverick Meats Butcher,"Butcher, Meat Processing",AUS,manufacturing,food-beverage-tobacco,2024-11-01 00:00:00,2024-11-30 00:00:00,-33.944099,151.214859,,co2,78499.94466779182,month,2473221072.223452,USD,3.17399627350011e-05,t of CO2 per USD,2473221072.223452,USD,1,,,,,,,,,,,,,,,,,,,,,2025-02-28 00:00:00,2025-08-08 20:29:26.714454,,climate-trace,,oshAU2024204SA57CZ
38487122,Haverick Meats Butcher,"Butcher, Meat Processing",AUS,manufacturing,food-beverage-tobacco,2024-12-01 00:00:00,2024-12-31 00:00:00,-33.944099,151.214859,,co2,78794.39065901606,month,2482497894.4328094,USD,3.17399627350011e-05,t of CO2 per USD,2482497894.4328094,USD,1,,,,,,,,,,,,,,,,,,,,,2025-02-28 00:00:00,2025-08-08 20:29:26.714454,,climate-trace,,oshAU2024204SA57CZ
38487122,Haverick Meats Butcher,"Butcher, Meat Processing",AUS,manufacturing,food-beverage-tobacco,2025-01-01 00:00:00,2025-01-31 00:00:00,-33.944099,151.214859,,co2,77299.8516544767,month,2435410913.990603,USD,3.17399627350011e-05,t of CO2 per USD,2435410913.990603,USD,1,,,,,,,,,,,,,,,,,,,,,2025-02-28 00:00:00,2025-08-08 20:29:26.714454,,climate-trace,,oshAU2024204SA57CZ
38487122,Haverick Meats Butcher,"Butcher, Meat Processing",AUS,manufacturing,food-beverage-tobacco,2025-02-01 00:00:00,2025-02-28 00:00:00,-33.944099,151.214859,,co2,76364.17817927533,month,2405931563.840971,USD,3.17399627350011e-05,t of CO2 per USD,2405931563.840971,USD,1,,,,,,,,,,,,,,,,,,,,,2025-02-28 00:00:00,2025-08-08 20:29:26.714454,,climate-trace,,oshAU2024204SA57CZ
38487122,Haverick Meats Butcher,"Butcher, Meat Processing",AUS,manufacturing,food-beverage-tobacco,2025-03-01 00:00:00,2025-03-31 00:00:00,-33.944099,151.214859,,co2,77902.88930873177,month,2454410232.272413,USD,3.17399627350011e-05,t of CO2 per USD,2454410232.272413,USD,1,,,,,,,,,,,,,,,,,,,,,2025-02-28 00:00:00,2025-08-08 20:29:26.714454,,climate-trace,,oshAU2024204SA57CZ
38487122,Haverick Meats Butcher,"Butcher, Meat Processing",AUS,manufacturing,food-beverage-tobacco,2025-04-01 00:00:00,2025-04-30 00:00:00,-33.944099,151.214859,,co2,78774.19649305775,month,2481861656.573083,USD,3.17399627350011e-05,t of CO2 per USD,2481861656.573083,USD,1,,,,,,,,,,,,,,,,,,,,,2025-02-28 00:00:00,2025-08-08 20:29:26.714454,,climate-trace,,oshAU2024204SA57CZ
38487122,Haverick Meats Butcher,"Butcher, Meat Processing",AUS,manufacturing,food-beverage-tobacco,2025-05-01 00:00:00,2025-05-31 00:00:00,-33.944099,151.214859,,co2,78499.94466779182,month,2473221072.223452,USD,3.17399627350011e-05,t of CO2 per USD,2473221072.223452,USD,1,,,,,,,,,,,,,,,,,,,,,2025-02-28 00:00:00,2025-08-08 20:29:26.714454,,climate-trace,,oshAU2024204SA57CZ
38487122,Haverick Meats Butcher,"Butcher, Meat Processing",AUS,manufacturing,food-beverage-tobacco,2025-06-01 00:00:00,2025-06-30 00:00:00,-33.944099,151.214859,,co2,78794.39065901606,month,2482497894.4328094,USD,3.17399627350011e-05,t of CO2 per USD,2482497894.4328094,USD,1,,,,,,,,,,,,,,,,,,,,,2025-02-28 00:00:00,2025-08-08 20:29:26.714454,,climate-trace,,oshAU2024204SA57CZ
38493107,Tasman Butchers,"Butcher, Meat Processing",AUS,manufacturing,food-beverage-tobacco,2021-01-01 00:00:00,2021-01-31 00:00:00,-37.814365,144.847778,,co2,80134.93004146559,month,2413370996.2169323,USD,3.3204563312926486e-05,t of CO2 per USD,2413370996.2169323,USD,1,,,,,,,,,,,,,,,,,,,,,2025-02-28 00:00:00,2025-08-08 20:29:26.714454,,climate-trace,,oshAU2024204GQM0DC
38493107,Tasman Butchers,"Butcher, Meat Processing",AUS,manufacturing,food-beverage-tobacco,2021-02-01 00:00:00,2021-02-28 00:00:00,-37.814365,144.847778,,co2,79164.9394545228,month,2384158427.5166183,USD,3.3204563312926486e-05,t of CO2 per USD,2384158427.5166183,USD,1,,,,,,,,,,,,,,,,,,,,,2025-02-28 00:00:00,2025-08-08 20:29:26.714454,,climate-trace,,oshAU2024204GQM0DC
38493107,Tasman Butchers,"Butcher, Meat Processing",AUS,manufacturing,food-beverage-tobacco,2021-03-01 00:00:00,2021-03-31 00:00:00,-37.814365,144.847778,,co2,80760.08493118137,month,2432198374.96678,USD,3.3204563312926486e-05,t of CO2 per USD,2432198374.96678,USD,1,,,,,,,,,,,,,,,,,,,,,2025-02-28 00:00:00,2025-08-08 20:29:26.714454,,climate-trace,,oshAU2024204GQM0DC
38493107,Tasman Butchers,"Butcher, Meat Processing",AUS,manufacturing,food-beverage-tobacco,2021-04-01 00:00:00,2021-04-30 00:00:00,-37.814365,144.847778,,co2,81663.34850499373,month,2459401370.0882587,USD,3.3204563312926486e-05,t of CO2 per USD,2459401370.0882587,USD,1,,,,,,,,,,,,,,,,,,,,,2025-02-28 00:00:00,2025-08-08 20:29:26.714454,,climate-trace,,oshAU2024204GQM0DC
38493107,Tasman Butchers,"Butcher, Meat Processing",AUS,manufacturing,food-beverage-tobacco,2021-05-01 00:00:00,2021-05-31 00:00:00,-37.814365,144.847778,,co2,81379.03811679705,month,2450838981.0721083,USD,3.3204563312926486e-05,t of CO2 per USD,2450838981.0721083,USD,1,,,,,,,,,,,,,,,,,,,,,2025-02-28 00:00:00,2025-08-08 20:29:26.714454,,climate-trace,,oshAU2024204GQM0DC
38493107,Tasman Butchers,"Butcher, Meat Processing",AUS,manufacturing,food-beverage-tobacco,2021-06-01 00:00:00,2021-06-30 00:00:00,-37.814365,144.847778,,co2,81684.28331976605,month,2460031850.1393,USD,3.3204563312926486e-05,t of CO2 per USD,2460031850.1393,USD,1,,,,,,,,,,,,,,,,,,,,,2025-02-28 00:00:00,2025-08-08 20:29:26.714454,,climate-trace,,oshAU2024204GQM0DC
38493107,Tasman Butchers,"Butcher, Meat Processing",AUS,manufacturing,food-beverage-tobacco,2021-07-01 00:00:00,2021-07-31 00:00:00,-37.814365,144.847778,,co2,80134.93004146559,month,2413370996.2169323,USD,3.3204563312926486e-05,t of CO2 per USD,2413370996.2169323,USD,1,,,,,,,,,,,,,,,,,,,,,2025-02-28 00:00:00,2025-08-08 20:29:26.714454,,climate-trace,,oshAU2024204GQM0DC
38493107,Tasman Butchers,"Butcher, Meat Processing",AUS,manufacturing,food-beverage-tobacco,2021-08-01 00:00:00,2021-08-31 00:00:00,-37.814365,144.847778,,co2,79164.9394545228,month,2384158427.5166183,USD,3.3204563312926486e-05,t of CO2 per USD,2384158427.5166183,USD,1,,,,,,,,,,,,,,,,,,,,,2025-02-28 00:00:00,2025-08-08 20:29:26.714454,,climate-trace,,oshAU2024204GQM0DC
38493107,Tasman Butchers,"Butcher, Meat Processing",AUS,manufacturing,food-beverage-tobacco,2021-09-01 00:00:00,2021-09-30 00:00:00,-37.814365,144.847778,,co2,80760.08493118137,month,2432198374.96678,USD,3.3204563312926486e-05,t of CO2 per USD,2432198374.96678,USD,1,,,,,,,,,,,,,,,,,,,,,2025-02-28 00:00:00,2025-08-08 20:29:26.714454,,climate-trace,,oshAU2024204GQM0DC
38493107,Tasman Butchers,"Butcher, Meat Processing",AUS,manufacturing,food-beverage-tobacco,2021-10-01 00:00:00,2021-10-31 00:00:00,-37.814365,144.847778,,co2,81663.34850499373,month,2459401370.0882587,USD,3.3204563312926486e-05,t of CO2 per USD,2459401370.0882587,USD,1,,,,,,,,,,,,,,,,,,,,,2025-02-28 00:00:00,2025-08-08 20:29:26.714454,,climate-trace,,oshAU2024204GQM0DC
38493107,Tasman Butchers,"Butcher, Meat Processing",AUS,manufacturing,food-beverage-tobacco,2021-11-01 00:00:00,2021-11-30 00:00:00,-37.814365,144.847778,,co2,81379.03811679705,month,2450838981.0721083,USD,3.3204563312926486e-05,t of CO2 per USD,2450838981.0721083,USD,1,,,,,,,,,,,,,,,,,,,,,2025-02-28 00:00:00,2025-08-08 20:29:26.714454,,climate-trace,,oshAU2024204GQM0DC
38493107,Tasman Butchers,"Butcher, Meat Processing",AUS,manufacturing,food-beverage-tobacco,2021-12-01 00:00:00,2021-12-31 00:00:00,-37.814365,144.847778,,co2,81684.28331976605,month,2460031850.1393,USD,3.3204563312926486e-05,t of CO2 per USD,2460031850.1393,USD,1,,,,,,,,,,,,,,,,,,,,,2025-02-28 00:00:00,2025-08-08 20:29:26.714454,,climate-trace,,oshAU2024204GQM0DC
38493107,Tasman Butchers,"Butcher, Meat Processing",AUS,manufacturing,food-beverage-tobacco,2022-01-01 00:00:00,2022-01-31 00:00:00,-37.814365,144.847778,,co2,80930.86565712582,month,2435410913.9906025,USD,3.323088731852423e-05,t of CO2 per USD,2435410913.9906025,USD,1,,,,,,,,,,,,,,,,,,,,,2025-02-28 00:00:00,2025-08-08 20:29:26.714454,,climate-trace,,oshAU2024204GQM0DC
38493107,Tasman Butchers,"Butcher, Meat Processing",AUS,manufacturing,food-beverage-tobacco,2022-02-01 00:00:00,2022-02-28 00:00:00,-37.814365,144.847778,,co2,79951.24069408009,month,2405931563.8409705,USD,3.323088731852423e-05,t of CO2 per USD,2405931563.8409705,USD,1,,,,,,,,,,,,,,,,,,,,,2025-02-28 00:00:00,2025-08-08 20:29:26.714454,,climate-trace,,oshAU2024204GQM0DC
38493107,Tasman Butchers,"Butcher, Meat Processing",AUS,manufacturing,food-beverage-tobacco,2022-03-01 00:00:00,2022-03-31 00:00:00,-37.814365,144.847778,,co2,81562.22986207742,month,2454410232.2724123,USD,3.323088731852423e-05,t of CO2 per USD,2454410232.2724123,USD,1,,,,,,,,,,,,,,,,,,,,,2025-02-28 00:00:00,2025-08-08 20:29:26.714454,,climate-trace,,oshAU2024204GQM0DC
38493107,Tasman Butchers,"Butcher, Meat Processing",AUS,manufacturing,food-beverage-tobacco,2022-04-01 00:00:00,2022-04-30 00:00:00,-37.814365,144.847778,,co2,82474.465049746,month,2481861656.5730824,USD,3.323088731852423e-05,t of CO2 per USD,2481861656.5730824,USD,1,,,,,,,,,,,,,,,,,,,,,2025-02-28 00:00:00,2025-08-08 20:29:26.714454,,climate-trace,,oshAU2024204GQM0DC
38493107,Tasman Butchers,"Butcher, Meat Processing",AUS,manufacturing,food-beverage-tobacco,2022-05-01 00:00:00,2022-05-31 00:00:00,-37.814365,144.847778,,co2,82187.33076485718,month,2473221072.223451,USD,3.323088731852423e-05,t of CO2 per USD,2473221072.223451,USD,1,,,,,,,,,,,,,,,,,,,,,2025-02-28 00:00:00,2025-08-08 20:29:26.714454,,climate-trace,,oshAU2024204GQM0DC
38493107,Tasman Butchers,"Butcher, Meat Processing",AUS,manufacturing,food-beverage-tobacco,2022-06-01 00:00:00,2022-06-30 00:00:00,-37.814365,144.847778,,co2,82495.60779837034,month,2482497894.432809,USD,3.323088731852423e-05,t of CO2 per USD,2482497894.432809,USD,1,,,,,,,,,,,,,,,,,,,,,2025-02-28 00:00:00,2025-08-08 20:29:26.714454,,climate-trace,,oshAU2024204GQM0DC
38493107,Tasman Butchers,"Butcher, Meat Processing",AUS,manufacturing,food-beverage-tobacco,2022-07-01 00:00:00,2022-07-31 00:00:00,-37.814365,144.847778,,co2,80930.86565712582,month,2435410913.9906025,USD,3.323088731852423e-05,t of CO2 per USD,2435410913.9906025,USD,1,,,,,,,,,,,,,,,,,,,,,2025-02-28 00:00:00,2025-08-08 20:29:26.714454,,climate-trace,,oshAU2024204GQM0DC
38493107,Tasman Butchers,"Butcher, Meat Processing",AUS,manufacturing,food-beverage-tobacco,2022-08-01 00:00:00,2022-08-31 00:00:00,-37.814365,144.847778,,co2,79951.24069408009,month,2405931563.8409705,USD,3.323088731852423e-05,t of CO2 per USD,2405931563.8409705,USD,1,,,,,,,,,,,,,,,,,,,,,2025-02-28 00:00:00,2025-08-08 20:29:26.714454,,climate-trace,,oshAU2024204GQM0DC
38493107,Tasman Butchers,"Butcher, Meat Processing",AUS,manufacturing,food-beverage-tobacco,2022-09-01 00:00:00,2022-09-30 00:00:00,-37.814365,144.847778,,co2,81562.22986207742,month,2454410232.2724123,USD,3.323088731852423e-05,t of CO2 per USD,2454410232.2724123,USD,1,,,,,,,,,,,,,,,,,,,,,2025-02-28 00:00:00,2025-08-08 20:29:26.714454,,climate-trace,,oshAU2024204GQM0DC
38493107,Tasman Butchers,"Butcher, Meat Processing",AUS,manufacturing,food-beverage-tobacco,2022-10-01 00:00:00,2022-10-31 00:00:00,-37.814365,144.847778,,co2,82474.465049746,month,2481861656.5730824,USD,3.323088731852423e-05,t of CO2 per USD,2481861656.5730824,USD,1,,,,,,,,,,,,,,,,,,,,,2025-02-28 00:00:00,2025-08-08 20:29:26.714454,,climate-trace,,oshAU2024204GQM0DC
38493107,Tasman Butchers,"Butcher, Meat Processing",AUS,manufacturing,food-beverage-tobacco,2022-11-01 00:00:00,2022-11-30 00:00:00,-37.814365,144.847778,,co2,82187.33076485718,month,2473221072.223451,USD,3.323088731852423e-05,t of CO2 per USD,2473221072.223451,USD,1,,,,,,,,,,,,,,,,,,,,,2025-02-28 00:00:00,2025-08-08 20:29:26.714454,,climate-trace,,oshAU2024204GQM0DC
38493107,Tasman Butchers,"Butcher, Meat Processing",AUS,manufacturing,food-beverage-tobacco,2022-12-01 00:00:00,2022-12-31 00:00:00,-37.814365,144.847778,,co2,82495.60779837034,month,2482497894.432809,USD,3.323088731852423e-05,t of CO2 per USD,2482497894.432809,USD,1,,,,,,,,,,,,,,,,,,,,,2025-02-28 00:00:00,2025-08-08 20:29:26.714454,,climate-trace,,oshAU2024204GQM0DC
38493107,Tasman Butchers,"Butcher, Meat Processing",AUS,manufacturing,food-beverage-tobacco,2023-01-01 00:00:00,2023-01-31 00:00:00,-37.814365,144.847778,,co2,77299.8516544767,month,2435410913.990603,USD,3.17399627350011e-05,t of CO2 per USD,2435410913.990603,USD,1,,,,,,,,,,,,,,,,,,,,,2025-02-28 00:00:00,2025-08-08 20:29:26.714454,,climate-trace,,oshAU2024204GQM0DC
38493107,Tasman Butchers,"Butcher, Meat Processing",AUS,manufacturing,food-beverage-tobacco,2023-02-01 00:00:00,2023-02-28 00:00:00,-37.814365,144.847778,,co2,76364.17817927533,month,2405931563.840971,USD,3.17399627350011e-05,t of CO2 per USD,2405931563.840971,USD,1,,,,,,,,,,,,,,,,,,,,,2025-02-28 00:00:00,2025-08-08 20:29:26.714454,,climate-trace,,oshAU2024204GQM0DC
38493107,Tasman Butchers,"Butcher, Meat Processing",AUS,manufacturing,food-beverage-tobacco,2023-03-01 00:00:00,2023-03-31 00:00:00,-37.814365,144.847778,,co2,77902.88930873177,month,2454410232.272413,USD,3.17399627350011e-05,t of CO2 per USD,2454410232.272413,USD,1,,,,,,,,,,,,,,,,,,,,,2025-02-28 00:00:00,2025-08-08 20:29:26.714454,,climate-trace,,oshAU2024204GQM0DC
38493107,Tasman Butchers,"Butcher, Meat Processing",AUS,manufacturing,food-beverage-tobacco,2023-04-01 00:00:00,2023-04-30 00:00:00,-37.814365,144.847778,,co2,78774.19649305775,month,2481861656.573083,USD,3.17399627350011e-05,t of CO2 per USD,2481861656.573083,USD,1,,,,,,,,,,,,,,,,,,,,,2025-02-28 00:00:00,2025-08-08 20:29:26.714454,,climate-trace,,oshAU2024204GQM0DC
38493107,Tasman Butchers,"Butcher, Meat Processing",AUS,manufacturing,food-beverage-tobacco,2023-05-01 00:00:00,2023-05-31 00:00:00,-37.814365,144.847778,,co2,78499.94466779182,month,2473221072.223452,USD,3.17399627350011e-05,t of CO2 per USD,2473221072.223452,USD,1,,,,,,,,,,,,,,,,,,,,,2025-02-28 00:00:00,2025-08-08 20:29:26.714454,,climate-trace,,oshAU2024204GQM0DC
38493107,Tasman Butchers,"Butcher, Meat Processing",AUS,manufacturing,food-beverage-tobacco,2023-06-01 00:00:00,2023-06-30 00:00:00,-37.814365,144.847778,,co2,78794.39065901606,month,2482497894.4328094,USD,3.17399627350011e-05,t of CO2 per USD,2482497894.4328094,USD,1,,,,,,,,,,,,,,,,,,,,,2025-02-28 00:00:00,2025-08-08 20:29:26.714454,,climate-trace,,oshAU2024204GQM0DC
38493107,Tasman Butchers,"Butcher, Meat Processing",AUS,manufacturing,food-beverage-tobacco,2023-07-01 00:00:00,2023-07-31 00:00:00,-37.814365,144.847778,,co2,77299.8516544767,month,2435410913.990603,USD,3.17399627350011e-05,t of CO2 per USD,2435410913.990603,USD,1,,,,,,,,,,,,,,,,,,,,,2025-02-28 00:00:00,2025-08-08 20:29:26.714454,,climate-trace,,oshAU2024204GQM0DC
38493107,Tasman Butchers,"Butcher, Meat Processing",AUS,manufacturing,food-beverage-tobacco,2023-08-01 00:00:00,2023-08-31 00:00:00,-37.814365,144.847778,,co2,76364.17817927533,month,2405931563.840971,USD,3.17399627350011e-05,t of CO2 per USD,2405931563.840971,USD,1,,,,,,,,,,,,,,,,,,,,,2025-02-28 00:00:00,2025-08-08 20:29:26.714454,,climate-trace,,oshAU2024204GQM0DC
38493107,Tasman Butchers,"Butcher, Meat Processing",AUS,manufacturing,food-beverage-tobacco,2023-09-01 00:00:00,2023-09-30 00:00:00,-37.814365,144.847778,,co2,77902.88930873177,month,2454410232.272413,USD,3.17399627350011e-05,t of CO2 per USD,2454410232.272413,USD,1,,,,,,,,,,,,,,,,,,,,,2025-02-28 00:00:00,2025-08-08 20:29:26.714454,,climate-trace,,oshAU2024204GQM0DC
38493107,Tasman Butchers,"Butcher, Meat Processing",AUS,manufacturing,food-beverage-tobacco,2023-10-01 00:00:00,2023-10-31 00:00:00,-37.814365,144.847778,,co2,78774.19649305775,month,2481861656.573083,USD,3.17399627350011e-05,t of CO2 per USD,2481861656.573083,USD,1,,,,,,,,,,,,,,,,,,,,,2025-02-28 00:00:00,2025-08-08 20:29:26.714454,,climate-trace,,oshAU2024204GQM0DC
38493107,Tasman Butchers,"Butcher, Meat Processing",AUS,manufacturing,food-beverage-tobacco,2023-11-01 00:00:00,2023-11-30 00:00:00,-37.814365,144.847778,,co2,78499.94466779182,month,2473221072.223452,USD,3.17399627350011e-05,t of CO2 per USD,2473221072.223452,USD,1,,,,,,,,,,,,,,,,,,,,,2025-02-28 00:00:00,2025-08-08 20:29:26.714454,,climate-trace,,oshAU2024204GQM0DC
38493107,Tasman Butchers,"Butcher, Meat Processing",AUS,manufacturing,food-beverage-tobacco,2023-12-01 00:00:00,2023-12-31 00:00:00,-37.814365,144.847778,,co2,78794.39065901606,month,2482497894.4328094,USD,3.17399627350011e-05,t of CO2 per USD,2482497894.4328094,USD,1,,,,,,,,,,,,,,,,,,,,,2025-02-28 00:00:00,2025-08-08 20:29:26.714454,,climate-trace,,oshAU2024204GQM0DC
38493107,Tasman Butchers,"Butcher, Meat Processing",AUS,manufacturing,food-beverage-tobacco,2024-01-01 00:00:00,2024-01-31 00:00:00,-37.814365,144.847778,,co2,77299.8516544767,month,2435410913.990603,USD,3.17399627350011e-05,t of CO2 per USD,2435410913.990603,USD,1,,,,,,,,,,,,,,,,,,,,,2025-02-28 00:00:00,2025-08-08 20:29:26.714454,,climate-trace,,oshAU2024204GQM0DC
38493107,Tasman Butchers,"Butcher, Meat Processing",AUS,manufacturing,food-beverage-tobacco,2024-02-01 00:00:00,2024-02-29 00:00:00,-37.814365,144.847778,,co2,76364.17817927533,month,2405931563.840971,USD,3.17399627350011e-05,t of CO2 per USD,2405931563.840971,USD,1,,,,,,,,,,,,,,,,,,,,,2025-02-28 00:00:00,2025-08-08 20:29:26.714454,,climate-trace,,oshAU2024204GQM0DC
38493107,Tasman Butchers,"Butcher, Meat Processing",AUS,manufacturing,food-beverage-tobacco,2024-03-01 00:00:00,2024-03-31 00:00:00,-37.814365,144.847778,,co2,77902.88930873177,month,2454410232.272413,USD,3.17399627350011e-05,t of CO2 per USD,2454410232.272413,USD,1,,,,,,,,,,,,,,,,,,,,,2025-02-28 00:00:00,2025-08-08 20:29:26.714454,,climate-trace,,oshAU2024204GQM0DC
38493107,Tasman Butchers,"Butcher, Meat Processing",AUS,manufacturing,food-beverage-tobacco,2024-04-01 00:00:00,2024-04-30 00:00:00,-37.814365,144.847778,,co2,78774.19649305775,month,2481861656.573083,USD,3.17399627350011e-05,t of CO2 per USD,2481861656.573083,USD,1,,,,,,,,,,,,,,,,,,,,,2025-02-28 00:00:00,2025-08-08 20:29:26.714454,,climate-trace,,oshAU2024204GQM0DC
38493107,Tasman Butchers,"Butcher, Meat Processing",AUS,manufacturing,food-beverage-tobacco,2024-05-01 00:00:00,2024-05-31 00:00:00,-37.814365,144.847778,,co2,78499.94466779182,month,2473221072.223452,USD,3.17399627350011e-05,t of CO2 per USD,2473221072.223452,USD,1,,,,,,,,,,,,,,,,,,,,,2025-02-28 00:00:00,2025-08-08 20:29:26.714454,,climate-trace,,oshAU2024204GQM0DC
38493107,Tasman Butchers,"Butcher, Meat Processing",AUS,manufacturing,food-beverage-tobacco,2024-06-01 00:00:00,2024-06-30 00:00:00,-37.814365,144.847778,,co2,78794.39065901606,month,2482497894.4328094,USD,3.17399627350011e-05,t of CO2 per USD,2482497894.4328094,USD,1,,,,,,,,,,,,,,,,,,,,,2025-02-28 00:00:00,2025-08-08 20:29:26.714454,,climate-trace,,oshAU2024204GQM0DC
38493107,Tasman Butchers,"Butcher, Meat Processing",AUS,manufacturing,food-beverage-tobacco,2024-07-01 00:00:00,2024-07-31 00:00:00,-37.814365,144.847778,,co2,77299.8516544767,month,2435410913.990603,USD,3.17399627350011e-05,t of CO2 per USD,2435410913.990603,USD,1,,,,,,,,,,,,,,,,,,,,,2025-02-28 00:00:00,2025-08-08 20:29:26.714454,,climate-trace,,oshAU2024204GQM0DC
38493107,Tasman Butchers,"Butcher, Meat Processing",AUS,manufacturing,food-beverage-tobacco,2024-08-01 00:00:00,2024-08-31 00:00:00,-37.814365,144.847778,,co2,76364.17817927533,month,2405931563.840971,USD,3.17399627350011e-05,t of CO2 per USD,2405931563.840971,USD,1,,,,,,,,,,,,,,,,,,,,,2025-02-28 00:00:00,2025-08-08 20:29:26.714454,,climate-trace,,oshAU2024204GQM0DC
38493107,Tasman Butchers,"Butcher, Meat Processing",AUS,manufacturing,food-beverage-tobacco,2024-09-01 00:00:00,2024-09-30 00:00:00,-37.814365,144.847778,,co2,77902.88930873177,month,2454410232.272413,USD,3.17399627350011e-05,t of CO2 per USD,2454410232.272413,USD,1,,,,,,,,,,,,,,,,,,,,,2025-02-28 00:00:00,2025-08-08 20:29:26.714454,,climate-trace,,oshAU2024204GQM0DC
38493107,Tasman Butchers,"Butcher, Meat Processing",AUS,manufacturing,food-beverage-tobacco,2024-10-01 00:00:00,2024-10-31 00:00:00,-37.814365,144.847778,,co2,78774.19649305775,month,2481861656.573083,USD,3.17399627350011e-05,t of CO2 per USD,2481861656.573083,USD,1,,,,,,,,,,,,,,,,,,,,,2025-02-28 00:00:00,2025-08-08 20:29:26.714454,,climate-trace,,oshAU2024204GQM0DC
38493107,Tasman Butchers,"Butcher, Meat Processing",AUS,manufacturing,food-beverage-tobacco,2024-11-01 00:00:00,2024-11-30 00:00:00,-37.814365,144.847778,,co2,78499.94466779182,month,2473221072.223452,USD,3.17399627350011e-05,t of CO2 per USD,2473221072.223452,USD,1,,,,,,,,,,,,,,,,,,,,,2025-02-28 00:00:00,2025-08-08 20:29:26.714454,,climate-trace,,oshAU2024204GQM0DC
38493107,Tasman Butchers,"Butcher, Meat Processing",AUS,manufacturing,food-beverage-tobacco,2024-12-01 00:00:00,2024-12-31 00:00:00,-37.814365,144.847778,,co2,78794.39065901606,month,2482497894.4328094,USD,3.17399627350011e-05,t of CO2 per USD,2482497894.4328094,USD,1,,,,,,,,,,,,,,,,,,,,,2025-02-28 00:00:00,2025-08-08 20:29:26.714454,,climate-trace,,oshAU2024204GQM0DC
38493107,Tasman Butchers,"Butcher, Meat Processing",AUS,manufacturing,food-beverage-tobacco,2025-01-01 00:00:00,2025-01-31 00:00:00,-37.814365,144.847778,,co2,77299.8516544767,month,2435410913.990603,USD,3.17399627350011e-05,t of CO2 per USD,2435410913.990603,USD,1,,,,,,,,,,,,,,,,,,,,,2025-02-28 00:00:00,2025-08-08 20:29:26.714454,,climate-trace,,oshAU2024204GQM0DC
38493107,Tasman Butchers,"Butcher, Meat Processing",AUS,manufacturing,food-beverage-tobacco,2025-02-01 00:00:00,2025-02-28 00:00:00,-37.814365,144.847778,,co2,76364.17817927533,month,2405931563.840971,USD,3.17399627350011e-05,t of CO2 per USD,2405931563.840971,USD,1,,,,,,,,,,,,,,,,,,,,,2025-02-28 00:00:00,2025-08-08 20:29:26.714454,,climate-trace,,oshAU2024204GQM0DC
38493107,Tasman Butchers,"Butcher, Meat Processing",AUS,manufacturing,food-beverage-tobacco,2025-03-01 00:00:00,2025-03-31 00:00:00,-37.814365,144.847778,,co2,77902.88930873177,month,2454410232.272413,USD,3.17399627350011e-05,t of CO2 per USD,2454410232.272413,USD,1,,,,,,,,,,,,,,,,,,,,,2025-02-28 00:00:00,2025-08-08 20:29:26.714454,,climate-trace,,oshAU2024204GQM0DC
38493107,Tasman Butchers,"Butcher, Meat Processing",AUS,manufacturing,food-beverage-tobacco,2025-04-01 00:00:00,2025-04-30 00:00:00,-37.814365,144.847778,,co2,78774.19649305775,month,2481861656.573083,USD,3.17399627350011e-05,t of CO2 per USD,2481861656.573083,USD,1,,,,,,,,,,,,,,,,,,,,,2025-02-28 00:00:00,2025-08-08 20:29:26.714454,,climate-trace,,oshAU2024204GQM0DC
38493107,Tasman Butchers,"Butcher, Meat Processing",AUS,manufacturing,food-beverage-tobacco,2025-05-01 00:00:00,2025-05-31 00:00:00,-37.814365,144.847778,,co2,78499.94466779182,month,2473221072.223452,USD,3.17399627350011e-05,t of CO2 per USD,2473221072.223452,USD,1,,,,,,,,,,,,,,,,,,,,,2025-02-28 00:00:00,2025-08-08 20:29:26.714454,,climate-trace,,oshAU2024204GQM0DC
38493107,Tasman Butchers,"Butcher, Meat Processing",AUS,manufacturing,food-beverage-tobacco,2025-06-01 00:00:00,2025-06-30 00:00:00,-37.814365,144.847778,,co2,78794.39065901606,month,2482497894.4328094,USD,3.17399627350011e-05,t of CO2 per USD,2482497894.4328094,USD,1,,,,,,,,,,,,,,,,,,,,,2025-02-28 00:00:00,2025-08-08 20:29:26.714454,,climate-trace,,oshAU2024204GQM0DC
