iso3_country,sector,subsector,start_time,end_time,gas,emissions_quantity,emissions_quantity_units,temporal_granularity,created_date,modified_date
AUS,manufacturing,glass,2015-01-01 00:00:00,2015-12-31 00:00:00,co2,150341.8514227382,,annual,,
AUS,manufacturing,glass,2016-01-01 00:00:00,2016-12-31 00:00:00,co2,152227.565960338,,annual,,
AUS,manufacturing,glass,2017-01-01 00:00:00,2017-12-31 00:00:00,co2,149909.62896646265,,annual,,
AUS,manufacturing,glass,2018-01-01 00:00:00,2018-12-31 00:00:00,co2,159106.69298287042,,annual,,
AUS,manufacturing,glass,2019-01-01 00:00:00,2019-12-31 00:00:00,co2,160822.31515214857,,annual,,
AUS,manufacturing,glass,2020-01-01 00:00:00,2020-12-31 00:00:00,co2,156330.6678876163,,annual,,
AUS,manufacturing,glass,2021-01-01 00:00:00,2021-12-31 00:00:00,co2,173090.29852323708,,annual,,
AUS,manufacturing,glass,2022-01-01 00:00:00,2022-12-31 00:00:00,co2,174203.07449809584,,annual,,
AUS,manufacturing,glass,2023-01-01 00:00:00,2023-12-31 00:00:00,co2,170707.84897545184,,annual,,
AUS,manufacturing,glass,2024-01-01 00:00:00,2024-12-31 00:00:00,co2,170707.84897545187,,annual,,
AUS,manufacturing,glass,2025-01-01 00:00:00,2025-12-31 00:00:00,co2,85353.92448772593,,annual,,
