source_id,source_name,source_type,iso3_country,sector,subsector,start_time,end_time,lat,lon,geometry_ref,gas,emissions_quantity,temporal_granularity,activity,activity_units,emissions_factor,emissions_factor_units,capacity,capacity_units,capacity_factor,other1,other1_def,other2,other2_def,other3,other3_def,other4,other4_def,other5,other5_def,other6,other6_def,other7,other7_def,other8,other8_def,other9,other9_def,other10,other10_def,created_date,modified_date,sector_id,reporting_entity,lat_lon,native_source_id
38468954,Graymont Ltd. Green Bay Brown,"High-Calcium Quicklime,High-Calcium Hydrated Lime",AUS,manufacturing,lime,2021-01-01 00:00:00,2021-01-31 00:00:00,-27.4598348,153.043855,,co2,1.0734831250669299e-11,month,6.664180450345285e-12,t of lime,1.610825416666667,t of CO2 per t of lime,1.2571669715519956e-11,t of lime,0.5300950948558751,,,,,,,,,,,,,,,,,,,,,2025-02-28 00:00:00,2025-08-12 22:56:59.216587,,climate-trace,,usgs3162623
38468954,Graymont Ltd. Green Bay Brown,"High-Calcium Quicklime,High-Calcium Hydrated Lime",AUS,manufacturing,lime,2021-02-01 00:00:00,2021-02-28 00:00:00,-27.4598348,153.043855,,co2,1.0501032698131056e-11,month,6.519038369695696e-12,t of lime,1.610825416666667,t of CO2 per t of lime,1.2297865860215372e-11,t of lime,0.5300950948558751,,,,,,,,,,,,,,,,,,,,,2025-02-28 00:00:00,2025-08-12 22:56:59.216587,,climate-trace,,usgs3162623
38468954,Graymont Ltd. Green Bay Brown,"High-Calcium Quicklime,High-Calcium Hydrated Lime",AUS,manufacturing,lime,2021-03-01 00:00:00,2021-03-31 00:00:00,-27.4598348,153.043855,,co2,1.0914940332200529e-11,month,6.7759921213480514e-12,t of lime,1.610825416666667,t of CO2 per t of lime,1.2782597286983652e-11,t of lime,0.5300950948558751,,,,,,,,,,,,,,,,,,,,,2025-02-28 00:00:00,2025-08-12 22:56:59.216587,,climate-trace,,usgs3162623
38468954,Graymont Ltd. Green Bay Brown,"High-Calcium Quicklime,High-Calcium Hydrated Lime",AUS,manufacturing,lime,2021-04-01 00:00:00,2021-04-30 00:00:00,-27.4598348,153.043855,,co2,1.111627886595945e-11,month,6.900983030776064e-12,t of lime,1.610825416666667,t of CO2 per t of lime,1.301838688519149e-11,t of lime,0.5300950948558751,,,,,,,,,,,,,,,,,,,,,2025-02-28 00:00:00,2025-08-12 22:56:59.216587,,climate-trace,,usgs3162623
38468954,Graymont Ltd. Green Bay Brown,"High-Calcium Quicklime,High-Calcium Hydrated Lime",AUS,manufacturing,lime,2021-05-01 00:00:00,2021-05-31 00:00:00,-27.4598348,153.043855,,co2,1.1015600203170626e-11,month,6.838481743083967e-12,t of lime,1.610825416666667,t of CO2 per t of lime,1.2900481082442853e-11,t of lime,0.5300950948558751,,,,,,,,,,,,,,,,,,,,,2025-02-28 00:00:00,2025-08-12 22:56:59.216587,,climate-trace,,usgs3162623
38468954,Graymont Ltd. Green Bay Brown,"High-Calcium Quicklime,High-Calcium Hydrated Lime",AUS,manufacturing,lime,2021-06-01 00:00:00,2021-06-30 00:00:00,-27.4598348,153.043855,,co2,1.1083906973184912e-11,month,6.880886568155351e-12,t of lime,1.610825416666667,t of CO2 per t of lime,1.2980475833352428e-11,t of lime,0.5300950948558751,,,,,,,,,,,,,,,,,,,,,2025-02-28 00:00:00,2025-08-12 22:56:59.216587,,climate-trace,,usgs3162623
38468954,Graymont Ltd. Green Bay Brown,"High-Calcium Quicklime,High-Calcium Hydrated Lime",AUS,manufacturing,lime,2021-07-01 00:00:00,2021-07-31 00:00:00,-27.4598348,153.043855,,co2,1.0650085207542526e-11,month,6.611570128798372e-12,t of lime,1.610825416666667,t of CO2 per t of lime,1.2472422765194532e-11,t of lime,0.5300950948558751,,,,,,,,,,,,,,,,,,,,,2025-02-28 00:00:00,2025-08-12 22:56:59.216587,,climate-trace,,usgs3162623
38468954,Graymont Ltd. Green Bay Brown,"High-Calcium Quicklime,High-Calcium Hydrated Lime",AUS,manufacturing,lime,2021-08-01 00:00:00,2021-08-31 00:00:00,-27.4598348,153.043855,,co2,1.0362938351901648e-11,month,6.433309435448325e-12,t of lime,1.610825416666667,t of CO2 per t of lime,1.2136142171240887e-11,t of lime,0.5300950948558751,,,,,,,,,,,,,,,,,,,,,2025-02-28 00:00:00,2025-08-12 22:56:59.216587,,climate-trace,,usgs3162623
38468954,Graymont Ltd. Green Bay Brown,"High-Calcium Quicklime,High-Calcium Hydrated Lime",AUS,manufacturing,lime,2021-09-01 00:00:00,2021-09-30 00:00:00,-27.4598348,153.043855,,co2,1.0806503158211096e-11,month,6.708674351919119e-12,t of lime,1.610825416666667,t of CO2 per t of lime,1.2655605413106314e-11,t of lime,0.5300950948558751,,,,,,,,,,,,,,,,,,,,,2025-02-28 00:00:00,2025-08-12 22:56:59.216587,,climate-trace,,usgs3162623
38468954,Graymont Ltd. Green Bay Brown,"High-Calcium Quicklime,High-Calcium Hydrated Lime",AUS,manufacturing,lime,2021-10-01 00:00:00,2021-10-31 00:00:00,-27.4598348,153.043855,,co2,1.1091415269288589e-11,month,6.885547716425044e-12,t of lime,1.610825416666667,t of CO2 per t of lime,1.2989268875044239e-11,t of lime,0.5300950948558751,,,,,,,,,,,,,,,,,,,,,2025-02-28 00:00:00,2025-08-12 22:56:59.216587,,climate-trace,,usgs3162623
38468954,Graymont Ltd. Green Bay Brown,"High-Calcium Quicklime,High-Calcium Hydrated Lime",AUS,manufacturing,lime,2021-11-01 00:00:00,2021-11-30 00:00:00,-27.4598348,153.043855,,co2,1.1039822129982798e-11,month,6.853518708953488e-12,t of lime,1.610825416666667,t of CO2 per t of lime,1.2928847626512854e-11,t of lime,0.5300950948558751,,,,,,,,,,,,,,,,,,,,,2025-02-28 00:00:00,2025-08-12 22:56:59.216587,,climate-trace,,usgs3162623
38468954,Graymont Ltd. Green Bay Brown,"High-Calcium Quicklime,High-Calcium Hydrated Lime",AUS,manufacturing,lime,2021-12-01 00:00:00,2021-12-31 00:00:00,-27.4598348,153.043855,,co2,1.1134652027854692e-11,month,6.912389084905296e-12,t of lime,1.610825416666667,t of CO2 per t of lime,1.303990388136806e-11,t of lime,0.5300950948558751,,,,,,,,,,,,,,,,,,,,,2025-02-28 00:00:00,2025-08-12 22:56:59.216587,,climate-trace,,usgs3162623
38468954,Graymont Ltd. Green Bay Brown,"High-Calcium Quicklime,High-Calcium Hydrated Lime",AUS,manufacturing,lime,2022-01-01 00:00:00,2022-01-31 00:00:00,-27.4598348,153.043855,,co2,1.0608539118308482e-11,month,6.664180450345285e-12,t of lime,1.5918745294117649,t of CO2 per t of lime,1.2571669715519956e-11,t of lime,0.5300950948558751,,,,,,,,,,,,,,,,,,,,,2025-02-28 00:00:00,2025-08-12 22:56:59.216587,,climate-trace,,usgs3162623
38468954,Graymont Ltd. Green Bay Brown,"High-Calcium Quicklime,High-Calcium Hydrated Lime",AUS,manufacturing,lime,2022-02-01 00:00:00,2022-02-28 00:00:00,-27.4598348,153.043855,,co2,1.0377491136976574e-11,month,6.519038369695696e-12,t of lime,1.5918745294117649,t of CO2 per t of lime,1.2297865860215372e-11,t of lime,0.5300950948558751,,,,,,,,,,,,,,,,,,,,,2025-02-28 00:00:00,2025-08-12 22:56:59.216587,,climate-trace,,usgs3162623
38468954,Graymont Ltd. Green Bay Brown,"High-Calcium Quicklime,High-Calcium Hydrated Lime",AUS,manufacturing,lime,2022-03-01 00:00:00,2022-03-31 00:00:00,-27.4598348,153.043855,,co2,1.0786529269468754e-11,month,6.7759921213480514e-12,t of lime,1.5918745294117649,t of CO2 per t of lime,1.2782597286983652e-11,t of lime,0.5300950948558751,,,,,,,,,,,,,,,,,,,,,2025-02-28 00:00:00,2025-08-12 22:56:59.216587,,climate-trace,,usgs3162623
38468954,Graymont Ltd. Green Bay Brown,"High-Calcium Quicklime,High-Calcium Hydrated Lime",AUS,manufacturing,lime,2022-04-01 00:00:00,2022-04-30 00:00:00,-27.4598348,153.043855,,co2,1.098549911459522e-11,month,6.900983030776064e-12,t of lime,1.5918745294117649,t of CO2 per t of lime,1.301838688519149e-11,t of lime,0.5300950948558751,,,,,,,,,,,,,,,,,,,,,2025-02-28 00:00:00,2025-08-12 22:56:59.216587,,climate-trace,,usgs3162623
38468954,Graymont Ltd. Green Bay Brown,"High-Calcium Quicklime,High-Calcium Hydrated Lime",AUS,manufacturing,lime,2022-05-01 00:00:00,2022-05-31 00:00:00,-27.4598348,153.043855,,co2,1.0886004906662736e-11,month,6.838481743083967e-12,t of lime,1.5918745294117649,t of CO2 per t of lime,1.2900481082442853e-11,t of lime,0.5300950948558751,,,,,,,,,,,,,,,,,,,,,2025-02-28 00:00:00,2025-08-12 22:56:59.216587,,climate-trace,,usgs3162623
38468954,Graymont Ltd. Green Bay Brown,"High-Calcium Quicklime,High-Calcium Hydrated Lime",AUS,manufacturing,lime,2022-06-01 00:00:00,2022-06-30 00:00:00,-27.4598348,153.043855,,co2,1.095350806761803e-11,month,6.880886568155351e-12,t of lime,1.5918745294117649,t of CO2 per t of lime,1.2980475833352428e-11,t of lime,0.5300950948558751,,,,,,,,,,,,,,,,,,,,,2025-02-28 00:00:00,2025-08-12 22:56:59.216587,,climate-trace,,usgs3162623
38468954,Graymont Ltd. Green Bay Brown,"High-Calcium Quicklime,High-Calcium Hydrated Lime",AUS,manufacturing,lime,2022-07-01 00:00:00,2022-07-31 00:00:00,-27.4598348,153.043855,,co2,1.0524790087453789e-11,month,6.611570128798372e-12,t of lime,1.5918745294117649,t of CO2 per t of lime,1.2472422765194532e-11,t of lime,0.5300950948558751,,,,,,,,,,,,,,,,,,,,,2025-02-28 00:00:00,2025-08-12 22:56:59.216587,,climate-trace,,usgs3162623
38468954,Graymont Ltd. Green Bay Brown,"High-Calcium Quicklime,High-Calcium Hydrated Lime",AUS,manufacturing,lime,2022-08-01 00:00:00,2022-08-31 00:00:00,-27.4598348,153.043855,,co2,1.0241021430114568e-11,month,6.433309435448325e-12,t of lime,1.5918745294117649,t of CO2 per t of lime,1.2136142171240887e-11,t of lime,0.5300950948558751,,,,,,,,,,,,,,,,,,,,,2025-02-28 00:00:00,2025-08-12 22:56:59.216587,,climate-trace,,usgs3162623
38468954,Graymont Ltd. Green Bay Brown,"High-Calcium Quicklime,High-Calcium Hydrated Lime",AUS,manufacturing,lime,2022-09-01 00:00:00,2022-09-30 00:00:00,-27.4598348,153.043855,,co2,1.0679367826938024e-11,month,6.708674351919119e-12,t of lime,1.5918745294117649,t of CO2 per t of lime,1.2655605413106314e-11,t of lime,0.5300950948558751,,,,,,,,,,,,,,,,,,,,,2025-02-28 00:00:00,2025-08-12 22:56:59.216587,,climate-trace,,usgs3162623
38468954,Graymont Ltd. Green Bay Brown,"High-Calcium Quicklime,High-Calcium Hydrated Lime",AUS,manufacturing,lime,2022-10-01 00:00:00,2022-10-31 00:00:00,-27.4598348,153.043855,,co2,1.0960928030826366e-11,month,6.885547716425044e-12,t of lime,1.5918745294117649,t of CO2 per t of lime,1.2989268875044239e-11,t of lime,0.5300950948558751,,,,,,,,,,,,,,,,,,,,,2025-02-28 00:00:00,2025-08-12 22:56:59.216587,,climate-trace,,usgs3162623
38468954,Graymont Ltd. Green Bay Brown,"High-Calcium Quicklime,High-Calcium Hydrated Lime",AUS,manufacturing,lime,2022-11-01 00:00:00,2022-11-30 00:00:00,-27.4598348,153.043855,,co2,1.090994186963006e-11,month,6.853518708953488e-12,t of lime,1.5918745294117649,t of CO2 per t of lime,1.2928847626512854e-11,t of lime,0.5300950948558751,,,,,,,,,,,,,,,,,,,,,2025-02-28 00:00:00,2025-08-12 22:56:59.216587,,climate-trace,,usgs3162623
38468954,Graymont Ltd. Green Bay Brown,"High-Calcium Quicklime,High-Calcium Hydrated Lime",AUS,manufacturing,lime,2022-12-01 00:00:00,2022-12-31 00:00:00,-27.4598348,153.043855,,co2,1.1003656121644636e-11,month,6.912389084905296e-12,t of lime,1.5918745294117649,t of CO2 per t of lime,1.303990388136806e-11,t of lime,0.5300950948558751,,,,,,,,,,,,,,,,,,,,,2025-02-28 00:00:00,2025-08-12 22:56:59.216587,,climate-trace,,usgs3162623
38468954,Graymont Ltd. Green Bay Brown,"High-Calcium Quicklime,High-Calcium Hydrated Lime",AUS,manufacturing,lime,2023-01-01 00:00:00,2023-01-31 00:00:00,-27.4598348,153.043855,,co2,1.1271572813202762e-11,month,6.664180450345285e-12,t of lime,1.6913666875000002,t of CO2 per t of lime,1.2571669715519956e-11,t of lime,0.5300950948558751,,,,,,,,,,,,,,,,,,,,,2025-02-28 00:00:00,2025-08-12 22:56:59.216587,,climate-trace,,usgs3162623
38468954,Graymont Ltd. Green Bay Brown,"High-Calcium Quicklime,High-Calcium Hydrated Lime",AUS,manufacturing,lime,2023-02-01 00:00:00,2023-02-28 00:00:00,-27.4598348,153.043855,,co2,1.1026084333037613e-11,month,6.519038369695696e-12,t of lime,1.6913666875000002,t of CO2 per t of lime,1.2297865860215372e-11,t of lime,0.5300950948558751,,,,,,,,,,,,,,,,,,,,,2025-02-28 00:00:00,2025-08-12 22:56:59.216587,,climate-trace,,usgs3162623
38468954,Graymont Ltd. Green Bay Brown,"High-Calcium Quicklime,High-Calcium Hydrated Lime",AUS,manufacturing,lime,2023-03-01 00:00:00,2023-03-31 00:00:00,-27.4598348,153.043855,,co2,1.1460687348810552e-11,month,6.7759921213480514e-12,t of lime,1.6913666875000002,t of CO2 per t of lime,1.2782597286983652e-11,t of lime,0.5300950948558751,,,,,,,,,,,,,,,,,,,,,2025-02-28 00:00:00,2025-08-12 22:56:59.216587,,climate-trace,,usgs3162623
38468954,Graymont Ltd. Green Bay Brown,"High-Calcium Quicklime,High-Calcium Hydrated Lime",AUS,manufacturing,lime,2023-04-01 00:00:00,2023-04-30 00:00:00,-27.4598348,153.043855,,co2,1.1672092809257422e-11,month,6.900983030776064e-12,t of lime,1.6913666875000002,t of CO2 per t of lime,1.301838688519149e-11,t of lime,0.5300950948558751,,,,,,,,,,,,,,,,,,,,,2025-02-28 00:00:00,2025-08-12 22:56:59.216587,,climate-trace,,usgs3162623
38468954,Graymont Ltd. Green Bay Brown,"High-Calcium Quicklime,High-Calcium Hydrated Lime",AUS,manufacturing,lime,2023-05-01 00:00:00,2023-05-31 00:00:00,-27.4598348,153.043855,,co2,1.1566380213329156e-11,month,6.838481743083967e-12,t of lime,1.6913666875000002,t of CO2 per t of lime,1.2900481082442853e-11,t of lime,0.5300950948558751,,,,,,,,,,,,,,,,,,,,,2025-02-28 00:00:00,2025-08-12 22:56:59.216587,,climate-trace,,usgs3162623
38468954,Graymont Ltd. Green Bay Brown,"High-Calcium Quicklime,High-Calcium Hydrated Lime",AUS,manufacturing,lime,2023-06-01 00:00:00,2023-06-30 00:00:00,-27.4598348,153.043855,,co2,1.1638102321844158e-11,month,6.880886568155351e-12,t of lime,1.6913666875000002,t of CO2 per t of lime,1.2980475833352428e-11,t of lime,0.5300950948558751,,,,,,,,,,,,,,,,,,,,,2025-02-28 00:00:00,2025-08-12 22:56:59.216587,,climate-trace,,usgs3162623
38468954,Graymont Ltd. Green Bay Brown,"High-Calcium Quicklime,High-Calcium Hydrated Lime",AUS,manufacturing,lime,2023-07-01 00:00:00,2023-07-31 00:00:00,-27.4598348,153.043855,,co2,1.1182589467919649e-11,month,6.611570128798372e-12,t of lime,1.6913666875000002,t of CO2 per t of lime,1.2472422765194532e-11,t of lime,0.5300950948558751,,,,,,,,,,,,,,,,,,,,,2025-02-28 00:00:00,2025-08-12 22:56:59.216587,,climate-trace,,usgs3162623
38468954,Graymont Ltd. Green Bay Brown,"High-Calcium Quicklime,High-Calcium Hydrated Lime",AUS,manufacturing,lime,2023-08-01 00:00:00,2023-08-31 00:00:00,-27.4598348,153.043855,,co2,1.088108526949673e-11,month,6.433309435448325e-12,t of lime,1.6913666875000002,t of CO2 per t of lime,1.2136142171240887e-11,t of lime,0.5300950948558751,,,,,,,,,,,,,,,,,,,,,2025-02-28 00:00:00,2025-08-12 22:56:59.216587,,climate-trace,,usgs3162623
38468954,Graymont Ltd. Green Bay Brown,"High-Calcium Quicklime,High-Calcium Hydrated Lime",AUS,manufacturing,lime,2023-09-01 00:00:00,2023-09-30 00:00:00,-27.4598348,153.043855,,co2,1.134682831612165e-11,month,6.708674351919119e-12,t of lime,1.6913666875000002,t of CO2 per t of lime,1.2655605413106314e-11,t of lime,0.5300950948558751,,,,,,,,,,,,,,,,,,,,,2025-02-28 00:00:00,2025-08-12 22:56:59.216587,,climate-trace,,usgs3162623
38468954,Graymont Ltd. Green Bay Brown,"High-Calcium Quicklime,High-Calcium Hydrated Lime",AUS,manufacturing,lime,2023-10-01 00:00:00,2023-10-31 00:00:00,-27.4598348,153.043855,,co2,1.1645986032753016e-11,month,6.885547716425044e-12,t of lime,1.6913666875000002,t of CO2 per t of lime,1.2989268875044239e-11,t of lime,0.5300950948558751,,,,,,,,,,,,,,,,,,,,,2025-02-28 00:00:00,2025-08-12 22:56:59.216587,,climate-trace,,usgs3162623
38468954,Graymont Ltd. Green Bay Brown,"High-Calcium Quicklime,High-Calcium Hydrated Lime",AUS,manufacturing,lime,2023-11-01 00:00:00,2023-11-30 00:00:00,-27.4598348,153.043855,,co2,1.1591813236481938e-11,month,6.853518708953488e-12,t of lime,1.6913666875000002,t of CO2 per t of lime,1.2928847626512854e-11,t of lime,0.5300950948558751,,,,,,,,,,,,,,,,,,,,,2025-02-28 00:00:00,2025-08-12 22:56:59.216587,,climate-trace,,usgs3162623
38468954,Graymont Ltd. Green Bay Brown,"High-Calcium Quicklime,High-Calcium Hydrated Lime",AUS,manufacturing,lime,2023-12-01 00:00:00,2023-12-31 00:00:00,-27.4598348,153.043855,,co2,1.1691384629247428e-11,month,6.912389084905296e-12,t of lime,1.6913666875000002,t of CO2 per t of lime,1.303990388136806e-11,t of lime,0.5300950948558751,,,,,,,,,,,,,,,,,,,,,2025-02-28 00:00:00,2025-08-12 22:56:59.216587,,climate-trace,,usgs3162623
38468954,Graymont Ltd. Green Bay Brown,"High-Calcium Quicklime,High-Calcium Hydrated Lime",AUS,manufacturing,lime,2024-01-01 00:00:00,2024-01-31 00:00:00,-27.4598348,153.043855,,co2,1.1271572813202762e-11,month,6.664180450345285e-12,t of lime,1.6913666875000002,t of CO2 per t of lime,1.2571669715519956e-11,t of lime,0.5300950948558751,,,,,,,,,,,,,,,,,,,,,2025-02-28 00:00:00,2025-08-12 22:56:59.216587,,climate-trace,,usgs3162623
38468954,Graymont Ltd. Green Bay Brown,"High-Calcium Quicklime,High-Calcium Hydrated Lime",AUS,manufacturing,lime,2024-02-01 00:00:00,2024-02-29 00:00:00,-27.4598348,153.043855,,co2,1.1026084333037613e-11,month,6.519038369695696e-12,t of lime,1.6913666875000002,t of CO2 per t of lime,1.2297865860215372e-11,t of lime,0.5300950948558751,,,,,,,,,,,,,,,,,,,,,2025-02-28 00:00:00,2025-08-12 22:56:59.216587,,climate-trace,,usgs3162623
38468954,Graymont Ltd. Green Bay Brown,"High-Calcium Quicklime,High-Calcium Hydrated Lime",AUS,manufacturing,lime,2024-03-01 00:00:00,2024-03-31 00:00:00,-27.4598348,153.043855,,co2,1.1460687348810552e-11,month,6.7759921213480514e-12,t of lime,1.6913666875000002,t of CO2 per t of lime,1.2782597286983652e-11,t of lime,0.5300950948558751,,,,,,,,,,,,,,,,,,,,,2025-02-28 00:00:00,2025-08-12 22:56:59.216587,,climate-trace,,usgs3162623
38468954,Graymont Ltd. Green Bay Brown,"High-Calcium Quicklime,High-Calcium Hydrated Lime",AUS,manufacturing,lime,2024-04-01 00:00:00,2024-04-30 00:00:00,-27.4598348,153.043855,,co2,1.1672092809257422e-11,month,6.900983030776064e-12,t of lime,1.6913666875000002,t of CO2 per t of lime,1.301838688519149e-11,t of lime,0.5300950948558751,,,,,,,,,,,,,,,,,,,,,2025-02-28 00:00:00,2025-08-12 22:56:59.216587,,climate-trace,,usgs3162623
38468954,Graymont Ltd. Green Bay Brown,"High-Calcium Quicklime,High-Calcium Hydrated Lime",AUS,manufacturing,lime,2024-05-01 00:00:00,2024-05-31 00:00:00,-27.4598348,153.043855,,co2,1.1566380213329156e-11,month,6.838481743083967e-12,t of lime,1.6913666875000002,t of CO2 per t of lime,1.2900481082442853e-11,t of lime,0.5300950948558751,,,,,,,,,,,,,,,,,,,,,2025-02-28 00:00:00,2025-08-12 22:56:59.216587,,climate-trace,,usgs3162623
38468954,Graymont Ltd. Green Bay Brown,"High-Calcium Quicklime,High-Calcium Hydrated Lime",AUS,manufacturing,lime,2024-06-01 00:00:00,2024-06-30 00:00:00,-27.4598348,153.043855,,co2,1.1638102321844158e-11,month,6.880886568155351e-12,t of lime,1.6913666875000002,t of CO2 per t of lime,1.2980475833352428e-11,t of lime,0.5300950948558751,,,,,,,,,,,,,,,,,,,,,2025-02-28 00:00:00,2025-08-12 22:56:59.216587,,climate-trace,,usgs3162623
38468954,Graymont Ltd. Green Bay Brown,"High-Calcium Quicklime,High-Calcium Hydrated Lime",AUS,manufacturing,lime,2024-07-01 00:00:00,2024-07-31 00:00:00,-27.4598348,153.043855,,co2,1.1182589467919649e-11,month,6.611570128798372e-12,t of lime,1.6913666875000002,t of CO2 per t of lime,1.2472422765194532e-11,t of lime,0.5300950948558751,,,,,,,,,,,,,,,,,,,,,2025-02-28 00:00:00,2025-08-12 22:56:59.216587,,climate-trace,,usgs3162623
38468954,Graymont Ltd. Green Bay Brown,"High-Calcium Quicklime,High-Calcium Hydrated Lime",AUS,manufacturing,lime,2024-08-01 00:00:00,2024-08-31 00:00:00,-27.4598348,153.043855,,co2,1.088108526949673e-11,month,6.433309435448325e-12,t of lime,1.6913666875000002,t of CO2 per t of lime,1.2136142171240887e-11,t of lime,0.5300950948558751,,,,,,,,,,,,,,,,,,,,,2025-02-28 00:00:00,2025-08-12 22:56:59.216587,,climate-trace,,usgs3162623
38468954,Graymont Ltd. Green Bay Brown,"High-Calcium Quicklime,High-Calcium Hydrated Lime",AUS,manufacturing,lime,2024-09-01 00:00:00,2024-09-30 00:00:00,-27.4598348,153.043855,,co2,1.134682831612165e-11,month,6.708674351919119e-12,t of lime,1.6913666875000002,t of CO2 per t of lime,1.2655605413106314e-11,t of lime,0.5300950948558751,,,,,,,,,,,,,,,,,,,,,2025-02-28 00:00:00,2025-08-12 22:56:59.216587,,climate-trace,,usgs3162623
38468954,Graymont Ltd. Green Bay Brown,"High-Calcium Quicklime,High-Calcium Hydrated Lime",AUS,manufacturing,lime,2024-10-01 00:00:00,2024-10-31 00:00:00,-27.4598348,153.043855,,co2,1.1645986032753016e-11,month,6.885547716425044e-12,t of lime,1.6913666875000002,t of CO2 per t of lime,1.2989268875044239e-11,t of lime,0.5300950948558751,,,,,,,,,,,,,,,,,,,,,2025-02-28 00:00:00,2025-08-12 22:56:59.216587,,climate-trace,,usgs3162623
38468954,Graymont Ltd. Green Bay Brown,"High-Calcium Quicklime,High-Calcium Hydrated Lime",AUS,manufacturing,lime,2024-11-01 00:00:00,2024-11-30 00:00:00,-27.4598348,153.043855,,co2,1.1591813236481938e-11,month,6.853518708953488e-12,t of lime,1.6913666875000002,t of CO2 per t of lime,1.2928847626512854e-11,t of lime,0.5300950948558751,,,,,,,,,,,,,,,,,,,,,2025-02-28 00:00:00,2025-08-12 22:56:59.216587,,climate-trace,,usgs3162623
38468954,Graymont Ltd. Green Bay Brown,"High-Calcium Quicklime,High-Calcium Hydrated Lime",AUS,manufacturing,lime,2024-12-01 00:00:00,2024-12-31 00:00:00,-27.4598348,153.043855,,co2,1.1691384629247428e-11,month,6.912389084905296e-12,t of lime,1.6913666875000002,t of CO2 per t of lime,1.303990388136806e-11,t of lime,0.5300950948558751,,,,,,,,,,,,,,,,,,,,,2025-02-28 00:00:00,2025-08-12 22:56:59.216587,,climate-trace,,usgs3162623
38468954,Graymont Ltd. Green Bay Brown,"High-Calcium Quicklime,High-Calcium Hydrated Lime",AUS,manufacturing,lime,2025-01-01 00:00:00,2025-01-31 00:00:00,-27.4598348,153.043855,,co2,1.1271572813202762e-11,month,6.664180450345285e-12,t of lime,1.6913666875000002,t of CO2 per t of lime,1.2571669715519956e-11,t of lime,0.5300950948558751,,,,,,,,,,,,,,,,,,,,,2025-02-28 00:00:00,2025-08-12 22:56:59.216587,,climate-trace,,usgs3162623
38468954,Graymont Ltd. Green Bay Brown,"High-Calcium Quicklime,High-Calcium Hydrated Lime",AUS,manufacturing,lime,2025-02-01 00:00:00,2025-02-28 00:00:00,-27.4598348,153.043855,,co2,1.1026084333037613e-11,month,6.519038369695696e-12,t of lime,1.6913666875000002,t of CO2 per t of lime,1.2297865860215372e-11,t of lime,0.5300950948558751,,,,,,,,,,,,,,,,,,,,,2025-02-28 00:00:00,2025-08-12 22:56:59.216587,,climate-trace,,usgs3162623
38468954,Graymont Ltd. Green Bay Brown,"High-Calcium Quicklime,High-Calcium Hydrated Lime",AUS,manufacturing,lime,2025-03-01 00:00:00,2025-03-31 00:00:00,-27.4598348,153.043855,,co2,1.1460687348810552e-11,month,6.7759921213480514e-12,t of lime,1.6913666875000002,t of CO2 per t of lime,1.2782597286983652e-11,t of lime,0.5300950948558751,,,,,,,,,,,,,,,,,,,,,2025-02-28 00:00:00,2025-08-12 22:56:59.216587,,climate-trace,,usgs3162623
38468954,Graymont Ltd. Green Bay Brown,"High-Calcium Quicklime,High-Calcium Hydrated Lime",AUS,manufacturing,lime,2025-04-01 00:00:00,2025-04-30 00:00:00,-27.4598348,153.043855,,co2,1.1672092809257422e-11,month,6.900983030776064e-12,t of lime,1.6913666875000002,t of CO2 per t of lime,1.301838688519149e-11,t of lime,0.5300950948558751,,,,,,,,,,,,,,,,,,,,,2025-02-28 00:00:00,2025-08-12 22:56:59.216587,,climate-trace,,usgs3162623
38468954,Graymont Ltd. Green Bay Brown,"High-Calcium Quicklime,High-Calcium Hydrated Lime",AUS,manufacturing,lime,2025-05-01 00:00:00,2025-05-31 00:00:00,-27.4598348,153.043855,,co2,1.1566380213329156e-11,month,6.838481743083967e-12,t of lime,1.6913666875000002,t of CO2 per t of lime,1.2900481082442853e-11,t of lime,0.5300950948558751,,,,,,,,,,,,,,,,,,,,,2025-02-28 00:00:00,2025-08-12 22:56:59.216587,,climate-trace,,usgs3162623
38468954,Graymont Ltd. Green Bay Brown,"High-Calcium Quicklime,High-Calcium Hydrated Lime",AUS,manufacturing,lime,2025-06-01 00:00:00,2025-06-30 00:00:00,-27.4598348,153.043855,,co2,1.1638102321844158e-11,month,6.880886568155351e-12,t of lime,1.6913666875000002,t of CO2 per t of lime,1.2980475833352428e-11,t of lime,0.5300950948558751,,,,,,,,,,,,,,,,,,,,,2025-02-28 00:00:00,2025-08-12 22:56:59.216587,,climate-trace,,usgs3162623
