iso3_country,sector,subsector,start_time,end_time,gas,emissions_quantity,emissions_quantity_units,temporal_granularity,created_date,modified_date
AUS,manufacturing,other-manufacturing,2015-01-01 00:00:00,2015-12-31 00:00:00,co2,5713287.277660382,,annual,,
AUS,manufacturing,other-manufacturing,2016-01-01 00:00:00,2016-12-31 00:00:00,co2,6454906.862775344,,annual,,
AUS,manufacturing,other-manufacturing,2017-01-01 00:00:00,2017-12-31 00:00:00,co2,6226425.390838845,,annual,,
AUS,manufacturing,other-manufacturing,2018-01-01 00:00:00,2018-12-31 00:00:00,co2,6561165.731214153,,annual,,
AUS,manufacturing,other-manufacturing,2019-01-01 00:00:00,2019-12-31 00:00:00,co2,6336038.679027626,,annual,,
AUS,manufacturing,other-manufacturing,2020-01-01 00:00:00,2020-12-31 00:00:00,co2,5951505.037691908,,annual,,
AUS,manufacturing,other-manufacturing,2021-01-01 00:00:00,2021-12-31 00:00:00,co2,6150000.031522471,,annual,,
AUS,manufacturing,other-manufacturing,2022-01-01 00:00:00,2022-12-31 00:00:00,co2,6051032.626885283,,annual,,
AUS,manufacturing,other-manufacturing,2023-01-01 00:00:00,2023-12-31 00:00:00,co2,6097614.401169419,,annual,,
AUS,manufacturing,other-manufacturing,2024-01-01 00:00:00,2024-12-31 00:00:00,co2,6097614.40116942,,annual,,
AUS,manufacturing,other-manufacturing,2025-01-01 00:00:00,2025-12-31 00:00:00,co2,3048807.2005847096,,annual,,
