iso3_country,sector,subsector,start_time,end_time,gas,emissions_quantity,emissions_quantity_units,temporal_granularity,created_date,modified_date
AUS,manufacturing,other-chemicals,2015-01-01 00:00:00,2015-12-31 00:00:00,co2,5943410.354637368,,annual,,
AUS,manufacturing,other-chemicals,2016-01-01 00:00:00,2016-12-31 00:00:00,co2,5556226.008985056,,annual,,
AUS,manufacturing,other-chemicals,2017-01-01 00:00:00,2017-12-31 00:00:00,co2,5535891.191763134,,annual,,
AUS,manufacturing,other-chemicals,2018-01-01 00:00:00,2018-12-31 00:00:00,co2,5409854.287506064,,annual,,
AUS,manufacturing,other-chemicals,2019-01-01 00:00:00,2019-12-31 00:00:00,co2,5732656.741598938,,annual,,
AUS,manufacturing,other-chemicals,2020-01-01 00:00:00,2020-12-31 00:00:00,co2,6081879.351297738,,annual,,
AUS,manufacturing,other-chemicals,2021-01-01 00:00:00,2021-12-31 00:00:00,co2,6612810.838155038,,annual,,
AUS,manufacturing,other-chemicals,2022-01-01 00:00:00,2022-12-31 00:00:00,co2,6257390.934117239,,annual,,
AUS,manufacturing,other-chemicals,2023-01-01 00:00:00,2023-12-31 00:00:00,co2,6080932.785539989,,annual,,
AUS,manufacturing,other-chemicals,2024-01-01 00:00:00,2024-12-31 00:00:00,co2,6080932.785539989,,annual,,
AUS,manufacturing,other-chemicals,2025-01-01 00:00:00,2025-12-31 00:00:00,co2,3040466.392769994,,annual,,
