iso3_country,sector,subsector,start_time,end_time,gas,emissions_quantity,emissions_quantity_units,temporal_granularity,created_date,modified_date
AUS,manufacturing,petrochemical-steam-cracking,2015-01-01 00:00:00,2015-12-31 00:00:00,co2,584972.9918218313,,annual,,
AUS,manufacturing,petrochemical-steam-cracking,2016-01-01 00:00:00,2016-12-31 00:00:00,co2,589532.171790004,,annual,,
AUS,manufacturing,petrochemical-steam-cracking,2017-01-01 00:00:00,2017-12-31 00:00:00,co2,622338.7074786549,,annual,,
AUS,manufacturing,petrochemical-steam-cracking,2018-01-01 00:00:00,2018-12-31 00:00:00,co2,598067.7082753548,,annual,,
AUS,manufacturing,petrochemical-steam-cracking,2019-01-01 00:00:00,2019-12-31 00:00:00,co2,591000.970764032,,annual,,
AUS,manufacturing,petrochemical-steam-cracking,2020-01-01 00:00:00,2020-12-31 00:00:00,co2,605606.0135332207,,annual,,
AUS,manufacturing,petrochemical-steam-cracking,2021-01-01 00:00:00,2021-12-31 00:00:00,co2,351199.15069999994,,annual,,
AUS,manufacturing,petrochemical-steam-cracking,2022-01-01 00:00:00,2022-12-31 00:00:00,co2,331409.3995599999,,annual,,
AUS,manufacturing,petrochemical-steam-cracking,2023-01-01 00:00:00,2023-12-31 00:00:00,co2,318246.1848,,annual,,
AUS,manufacturing,petrochemical-steam-cracking,2024-01-01 00:00:00,2024-12-31 00:00:00,co2,148785.33836249996,,annual,,
AUS,manufacturing,petrochemical-steam-cracking,2025-01-01 00:00:00,2025-12-31 00:00:00,co2,159123.09238499994,,annual,,
