parent_name,parent_entity_id,parent_entity_type,parent_lei,parent_permid,parent_registration_country,parent_headquarter_country,overall_share_percent,ownership_path,ownership_path_datasource_ids,immediate_source_owner,immediate_source_owner_entity_id,source_operator,source_operator_id,source_id,source_name,source_sector,source_subsector
ChemChina ,E100002011310,,,,,,,"ChemChina  -> Qenos Pty. Ltd., Altona ,Victoria [unknown %]",,ChemChina ,E100002011310,,,732019,"Qenos Pty. Ltd., Altona ,Victoria",Manufacturing,petrochemical-steam-cracking
Blackstone Group LP,E100001011401,legal entity,not found,not found,USA,USA,,"Blackstone Group LP -> Qenos Pty. Ltd., Altona ,Victoria [unknown %]",,Blackstone Group LP,E100001011401,,,732019,"Qenos Pty. Ltd., Altona ,Victoria",Manufacturing,petrochemical-steam-cracking
Blackstone Group Inc,E100000151565,legal entity,,5000056378,,,,"Blackstone Group Inc -> Qenos Pty. Ltd., Altona ,Victoria [unknown %]",,Blackstone Group Inc,E100000151565,,,732019,"Qenos Pty. Ltd., Altona ,Victoria",Manufacturing,petrochemical-steam-cracking
ChemChina ,E100002011310,,,,,,,"ChemChina  -> Qenos Pty. Ltd., Botany,NSW [unknown %]",,ChemChina ,E100002011310,,,732020,"Qenos Pty. Ltd., Botany,NSW",Manufacturing,petrochemical-steam-cracking
Blackstone Group LP,E100001011401,legal entity,not found,not found,USA,USA,,"Blackstone Group LP -> Qenos Pty. Ltd., Botany,NSW [unknown %]",,Blackstone Group LP,E100001011401,,,732020,"Qenos Pty. Ltd., Botany,NSW",Manufacturing,petrochemical-steam-cracking
Blackstone Group Inc,E100000151565,legal entity,,5000056378,,,,"Blackstone Group Inc -> Qenos Pty. Ltd., Botany,NSW [unknown %]",,Blackstone Group Inc,E100000151565,,,732020,"Qenos Pty. Ltd., Botany,NSW",Manufacturing,petrochemical-steam-cracking
