source_id,source_name,source_type,iso3_country,sector,subsector,start_time,end_time,lat,lon,geometry_ref,gas,emissions_quantity,temporal_granularity,activity,activity_units,emissions_factor,emissions_factor_units,capacity,capacity_units,capacity_factor,other1,other1_def,other2,other2_def,other3,other3_def,other4,other4_def,other5,other5_def,other6,other6_def,other7,other7_def,other8,other8_def,other9,other9_def,other10,other10_def,created_date,modified_date,sector_id,reporting_entity,lat_lon,native_source_id
732019,"Qenos Pty. Ltd., Altona ,Victoria",Natural Gas Liquids,AUS,manufacturing,petrochemical-steam-cracking,2021-01-01 00:00:00,2021-01-31 00:00:00,-37.84911,144.81027,,co2,8361.884541666663,month,7406.240395833331,tonnes of ethylene,1.1290322882809702,t of CO2 per tonnes of ethylene,8333.33333333333,t of ethylene,0.8887488474999999,,co-located petrochemical facility id,,,,,,,,,,,,,,,,,,,2024-07-01 00:00:00,2025-08-08 22:57:45.732589,,climate-trace,,229
732019,"Qenos Pty. Ltd., Altona ,Victoria",Natural Gas Liquids,AUS,manufacturing,petrochemical-steam-cracking,2021-02-01 00:00:00,2021-02-28 00:00:00,-37.84911,144.81027,,co2,8361.884541666663,month,7406.240395833331,tonnes of ethylene,1.1290322882809702,t of CO2 per tonnes of ethylene,8333.33333333333,t of ethylene,0.8887488474999999,,co-located petrochemical facility id,,,,,,,,,,,,,,,,,,,2024-07-01 00:00:00,2025-08-08 22:57:45.732589,,climate-trace,,229
732019,"Qenos Pty. Ltd., Altona ,Victoria",Natural Gas Liquids,AUS,manufacturing,petrochemical-steam-cracking,2021-03-01 00:00:00,2021-03-31 00:00:00,-37.84911,144.81027,,co2,8361.884541666663,month,7406.240395833331,tonnes of ethylene,1.1290322882809702,t of CO2 per tonnes of ethylene,8333.33333333333,t of ethylene,0.8887488474999999,,co-located petrochemical facility id,,,,,,,,,,,,,,,,,,,2024-07-01 00:00:00,2025-08-08 22:57:45.732589,,climate-trace,,229
732019,"Qenos Pty. Ltd., Altona ,Victoria",Natural Gas Liquids,AUS,manufacturing,petrochemical-steam-cracking,2021-04-01 00:00:00,2021-04-30 00:00:00,-37.84911,144.81027,,co2,8361.884541666663,month,7406.240395833331,tonnes of ethylene,1.1290322882809702,t of CO2 per tonnes of ethylene,8333.33333333333,t of ethylene,0.8887488474999999,,co-located petrochemical facility id,,,,,,,,,,,,,,,,,,,2024-07-01 00:00:00,2025-08-08 22:57:45.732589,,climate-trace,,229
732019,"Qenos Pty. Ltd., Altona ,Victoria",Natural Gas Liquids,AUS,manufacturing,petrochemical-steam-cracking,2021-05-01 00:00:00,2021-05-31 00:00:00,-37.84911,144.81027,,co2,8361.884541666663,month,7406.240395833331,tonnes of ethylene,1.1290322882809702,t of CO2 per tonnes of ethylene,8333.33333333333,t of ethylene,0.8887488474999999,,co-located petrochemical facility id,,,,,,,,,,,,,,,,,,,2024-07-01 00:00:00,2025-08-08 22:57:45.732589,,climate-trace,,229
732019,"Qenos Pty. Ltd., Altona ,Victoria",Natural Gas Liquids,AUS,manufacturing,petrochemical-steam-cracking,2021-06-01 00:00:00,2021-06-30 00:00:00,-37.84911,144.81027,,co2,8361.884541666663,month,7406.240395833331,tonnes of ethylene,1.1290322882809702,t of CO2 per tonnes of ethylene,8333.33333333333,t of ethylene,0.8887488474999999,,co-located petrochemical facility id,,,,,,,,,,,,,,,,,,,2024-07-01 00:00:00,2025-08-08 22:57:45.732589,,climate-trace,,229
732019,"Qenos Pty. Ltd., Altona ,Victoria",Natural Gas Liquids,AUS,manufacturing,petrochemical-steam-cracking,2021-07-01 00:00:00,2021-07-31 00:00:00,-37.84911,144.81027,,co2,8361.884541666663,month,7406.240395833331,tonnes of ethylene,1.1290322882809702,t of CO2 per tonnes of ethylene,8333.33333333333,t of ethylene,0.8887488474999999,,co-located petrochemical facility id,,,,,,,,,,,,,,,,,,,2024-07-01 00:00:00,2025-08-08 22:57:45.732589,,climate-trace,,229
732019,"Qenos Pty. Ltd., Altona ,Victoria",Natural Gas Liquids,AUS,manufacturing,petrochemical-steam-cracking,2021-08-01 00:00:00,2021-08-31 00:00:00,-37.84911,144.81027,,co2,8361.884541666663,month,7406.240395833331,tonnes of ethylene,1.1290322882809702,t of CO2 per tonnes of ethylene,8333.33333333333,t of ethylene,0.8887488474999999,,co-located petrochemical facility id,,,,,,,,,,,,,,,,,,,2024-07-01 00:00:00,2025-08-08 22:57:45.732589,,climate-trace,,229
732019,"Qenos Pty. Ltd., Altona ,Victoria",Natural Gas Liquids,AUS,manufacturing,petrochemical-steam-cracking,2021-09-01 00:00:00,2021-09-30 00:00:00,-37.84911,144.81027,,co2,8361.884541666663,month,7406.240395833331,tonnes of ethylene,1.1290322882809702,t of CO2 per tonnes of ethylene,8333.33333333333,t of ethylene,0.8887488474999999,,co-located petrochemical facility id,,,,,,,,,,,,,,,,,,,2024-07-01 00:00:00,2025-08-08 22:57:45.732589,,climate-trace,,229
732019,"Qenos Pty. Ltd., Altona ,Victoria",Natural Gas Liquids,AUS,manufacturing,petrochemical-steam-cracking,2021-10-01 00:00:00,2021-10-31 00:00:00,-37.84911,144.81027,,co2,8361.884541666663,month,7406.240395833331,tonnes of ethylene,1.1290322882809702,t of CO2 per tonnes of ethylene,8333.33333333333,t of ethylene,0.8887488474999999,,co-located petrochemical facility id,,,,,,,,,,,,,,,,,,,2024-07-01 00:00:00,2025-08-08 22:57:45.732589,,climate-trace,,229
732019,"Qenos Pty. Ltd., Altona ,Victoria",Natural Gas Liquids,AUS,manufacturing,petrochemical-steam-cracking,2021-11-01 00:00:00,2021-11-30 00:00:00,-37.84911,144.81027,,co2,8361.884541666663,month,7406.240395833331,tonnes of ethylene,1.1290322882809702,t of CO2 per tonnes of ethylene,8333.33333333333,t of ethylene,0.8887488474999999,,co-located petrochemical facility id,,,,,,,,,,,,,,,,,,,2024-07-01 00:00:00,2025-08-08 22:57:45.732589,,climate-trace,,229
732019,"Qenos Pty. Ltd., Altona ,Victoria",Natural Gas Liquids,AUS,manufacturing,petrochemical-steam-cracking,2021-12-01 00:00:00,2021-12-31 00:00:00,-37.84911,144.81027,,co2,8361.884541666663,month,7406.240395833331,tonnes of ethylene,1.1290322882809702,t of CO2 per tonnes of ethylene,8333.33333333333,t of ethylene,0.8887488474999999,,co-located petrochemical facility id,,,,,,,,,,,,,,,,,,,2024-07-01 00:00:00,2025-08-08 22:57:45.732589,,climate-trace,,229
732019,"Qenos Pty. Ltd., Altona ,Victoria",Natural Gas Liquids,AUS,manufacturing,petrochemical-steam-cracking,2022-01-01 00:00:00,2022-01-31 00:00:00,-37.84911,144.81027,,co2,7890.699988333331,month,6988.90551833333,tonnes of ethylene,1.129032288050598,t of CO2 per tonnes of ethylene,8333.33333333333,t of ethylene,0.8386686621999999,,co-located petrochemical facility id,,,,,,,,,,,,,,,,,,,2024-07-01 00:00:00,2025-08-08 22:57:45.732589,,climate-trace,,229
732019,"Qenos Pty. Ltd., Altona ,Victoria",Natural Gas Liquids,AUS,manufacturing,petrochemical-steam-cracking,2022-02-01 00:00:00,2022-02-28 00:00:00,-37.84911,144.81027,,co2,7890.699988333331,month,6988.90551833333,tonnes of ethylene,1.129032288050598,t of CO2 per tonnes of ethylene,8333.33333333333,t of ethylene,0.8386686621999999,,co-located petrochemical facility id,,,,,,,,,,,,,,,,,,,2024-07-01 00:00:00,2025-08-08 22:57:45.732589,,climate-trace,,229
732019,"Qenos Pty. Ltd., Altona ,Victoria",Natural Gas Liquids,AUS,manufacturing,petrochemical-steam-cracking,2022-03-01 00:00:00,2022-03-31 00:00:00,-37.84911,144.81027,,co2,7890.699988333331,month,6988.90551833333,tonnes of ethylene,1.129032288050598,t of CO2 per tonnes of ethylene,8333.33333333333,t of ethylene,0.8386686621999999,,co-located petrochemical facility id,,,,,,,,,,,,,,,,,,,2024-07-01 00:00:00,2025-08-08 22:57:45.732589,,climate-trace,,229
732019,"Qenos Pty. Ltd., Altona ,Victoria",Natural Gas Liquids,AUS,manufacturing,petrochemical-steam-cracking,2022-04-01 00:00:00,2022-04-30 00:00:00,-37.84911,144.81027,,co2,7890.699988333331,month,6988.90551833333,tonnes of ethylene,1.129032288050598,t of CO2 per tonnes of ethylene,8333.33333333333,t of ethylene,0.8386686621999999,,co-located petrochemical facility id,,,,,,,,,,,,,,,,,,,2024-07-01 00:00:00,2025-08-08 22:57:45.732589,,climate-trace,,229
732019,"Qenos Pty. Ltd., Altona ,Victoria",Natural Gas Liquids,AUS,manufacturing,petrochemical-steam-cracking,2022-05-01 00:00:00,2022-05-31 00:00:00,-37.84911,144.81027,,co2,7890.699988333331,month,6988.90551833333,tonnes of ethylene,1.129032288050598,t of CO2 per tonnes of ethylene,8333.33333333333,t of ethylene,0.8386686621999999,,co-located petrochemical facility id,,,,,,,,,,,,,,,,,,,2024-07-01 00:00:00,2025-08-08 22:57:45.732589,,climate-trace,,229
732019,"Qenos Pty. Ltd., Altona ,Victoria",Natural Gas Liquids,AUS,manufacturing,petrochemical-steam-cracking,2022-06-01 00:00:00,2022-06-30 00:00:00,-37.84911,144.81027,,co2,7890.699988333331,month,6988.90551833333,tonnes of ethylene,1.129032288050598,t of CO2 per tonnes of ethylene,8333.33333333333,t of ethylene,0.8386686621999999,,co-located petrochemical facility id,,,,,,,,,,,,,,,,,,,2024-07-01 00:00:00,2025-08-08 22:57:45.732589,,climate-trace,,229
732019,"Qenos Pty. Ltd., Altona ,Victoria",Natural Gas Liquids,AUS,manufacturing,petrochemical-steam-cracking,2022-07-01 00:00:00,2022-07-31 00:00:00,-37.84911,144.81027,,co2,7890.699988333331,month,6988.90551833333,tonnes of ethylene,1.129032288050598,t of CO2 per tonnes of ethylene,8333.33333333333,t of ethylene,0.8386686621999999,,co-located petrochemical facility id,,,,,,,,,,,,,,,,,,,2024-07-01 00:00:00,2025-08-08 22:57:45.732589,,climate-trace,,229
732019,"Qenos Pty. Ltd., Altona ,Victoria",Natural Gas Liquids,AUS,manufacturing,petrochemical-steam-cracking,2022-08-01 00:00:00,2022-08-31 00:00:00,-37.84911,144.81027,,co2,7890.699988333331,month,6988.90551833333,tonnes of ethylene,1.129032288050598,t of CO2 per tonnes of ethylene,8333.33333333333,t of ethylene,0.8386686621999999,,co-located petrochemical facility id,,,,,,,,,,,,,,,,,,,2024-07-01 00:00:00,2025-08-08 22:57:45.732589,,climate-trace,,229
732019,"Qenos Pty. Ltd., Altona ,Victoria",Natural Gas Liquids,AUS,manufacturing,petrochemical-steam-cracking,2022-09-01 00:00:00,2022-09-30 00:00:00,-37.84911,144.81027,,co2,7890.699988333331,month,6988.90551833333,tonnes of ethylene,1.129032288050598,t of CO2 per tonnes of ethylene,8333.33333333333,t of ethylene,0.8386686621999999,,co-located petrochemical facility id,,,,,,,,,,,,,,,,,,,2024-07-01 00:00:00,2025-08-08 22:57:45.732589,,climate-trace,,229
732019,"Qenos Pty. Ltd., Altona ,Victoria",Natural Gas Liquids,AUS,manufacturing,petrochemical-steam-cracking,2022-10-01 00:00:00,2022-10-31 00:00:00,-37.84911,144.81027,,co2,7890.699988333331,month,6988.90551833333,tonnes of ethylene,1.129032288050598,t of CO2 per tonnes of ethylene,8333.33333333333,t of ethylene,0.8386686621999999,,co-located petrochemical facility id,,,,,,,,,,,,,,,,,,,2024-07-01 00:00:00,2025-08-08 22:57:45.732589,,climate-trace,,229
732019,"Qenos Pty. Ltd., Altona ,Victoria",Natural Gas Liquids,AUS,manufacturing,petrochemical-steam-cracking,2022-11-01 00:00:00,2022-11-30 00:00:00,-37.84911,144.81027,,co2,7890.699988333331,month,6988.90551833333,tonnes of ethylene,1.129032288050598,t of CO2 per tonnes of ethylene,8333.33333333333,t of ethylene,0.8386686621999999,,co-located petrochemical facility id,,,,,,,,,,,,,,,,,,,2024-07-01 00:00:00,2025-08-08 22:57:45.732589,,climate-trace,,229
732019,"Qenos Pty. Ltd., Altona ,Victoria",Natural Gas Liquids,AUS,manufacturing,petrochemical-steam-cracking,2022-12-01 00:00:00,2022-12-31 00:00:00,-37.84911,144.81027,,co2,7890.699988333331,month,6988.90551833333,tonnes of ethylene,1.129032288050598,t of CO2 per tonnes of ethylene,8333.33333333333,t of ethylene,0.8386686621999999,,co-located petrochemical facility id,,,,,,,,,,,,,,,,,,,2024-07-01 00:00:00,2025-08-08 22:57:45.732589,,climate-trace,,229
732019,"Qenos Pty. Ltd., Altona ,Victoria",Natural Gas Liquids,AUS,manufacturing,petrochemical-steam-cracking,2023-01-01 00:00:00,2023-01-31 00:00:00,-37.84911,144.81027,,co2,7577.290114166663,month,6711.313922499998,tonnes of ethylene,1.1290322881132768,t of CO2 per tonnes of ethylene,8333.33333333333,t of ethylene,0.8053576707,,co-located petrochemical facility id,,,,,,,,,,,,,,,,,,,2024-07-01 00:00:00,2025-08-08 22:57:45.732589,,climate-trace,,229
732019,"Qenos Pty. Ltd., Altona ,Victoria",Natural Gas Liquids,AUS,manufacturing,petrochemical-steam-cracking,2023-02-01 00:00:00,2023-02-28 00:00:00,-37.84911,144.81027,,co2,7577.290114166663,month,6711.313922499998,tonnes of ethylene,1.1290322881132768,t of CO2 per tonnes of ethylene,8333.33333333333,t of ethylene,0.8053576707,,co-located petrochemical facility id,,,,,,,,,,,,,,,,,,,2024-07-01 00:00:00,2025-08-08 22:57:45.732589,,climate-trace,,229
732019,"Qenos Pty. Ltd., Altona ,Victoria",Natural Gas Liquids,AUS,manufacturing,petrochemical-steam-cracking,2023-03-01 00:00:00,2023-03-31 00:00:00,-37.84911,144.81027,,co2,7577.290114166663,month,6711.313922499998,tonnes of ethylene,1.1290322881132768,t of CO2 per tonnes of ethylene,8333.33333333333,t of ethylene,0.8053576707,,co-located petrochemical facility id,,,,,,,,,,,,,,,,,,,2024-07-01 00:00:00,2025-08-08 22:57:45.732589,,climate-trace,,229
732019,"Qenos Pty. Ltd., Altona ,Victoria",Natural Gas Liquids,AUS,manufacturing,petrochemical-steam-cracking,2023-04-01 00:00:00,2023-04-30 00:00:00,-37.84911,144.81027,,co2,7577.290114166663,month,6711.313922499998,tonnes of ethylene,1.1290322881132768,t of CO2 per tonnes of ethylene,8333.33333333333,t of ethylene,0.8053576707,,co-located petrochemical facility id,,,,,,,,,,,,,,,,,,,2024-07-01 00:00:00,2025-08-08 22:57:45.732589,,climate-trace,,229
732019,"Qenos Pty. Ltd., Altona ,Victoria",Natural Gas Liquids,AUS,manufacturing,petrochemical-steam-cracking,2023-05-01 00:00:00,2023-05-31 00:00:00,-37.84911,144.81027,,co2,7577.290114166663,month,6711.313922499998,tonnes of ethylene,1.1290322881132768,t of CO2 per tonnes of ethylene,8333.33333333333,t of ethylene,0.8053576707,,co-located petrochemical facility id,,,,,,,,,,,,,,,,,,,2024-07-01 00:00:00,2025-08-08 22:57:45.732589,,climate-trace,,229
732019,"Qenos Pty. Ltd., Altona ,Victoria",Natural Gas Liquids,AUS,manufacturing,petrochemical-steam-cracking,2023-06-01 00:00:00,2023-06-30 00:00:00,-37.84911,144.81027,,co2,7577.290114166663,month,6711.313922499998,tonnes of ethylene,1.1290322881132768,t of CO2 per tonnes of ethylene,8333.33333333333,t of ethylene,0.8053576707,,co-located petrochemical facility id,,,,,,,,,,,,,,,,,,,2024-07-01 00:00:00,2025-08-08 22:57:45.732589,,climate-trace,,229
732019,"Qenos Pty. Ltd., Altona ,Victoria",Natural Gas Liquids,AUS,manufacturing,petrochemical-steam-cracking,2023-07-01 00:00:00,2023-07-31 00:00:00,-37.84911,144.81027,,co2,7577.290114166663,month,6711.313922499998,tonnes of ethylene,1.1290322881132768,t of CO2 per tonnes of ethylene,8333.33333333333,t of ethylene,0.8053576707,,co-located petrochemical facility id,,,,,,,,,,,,,,,,,,,2024-07-01 00:00:00,2025-08-08 22:57:45.732589,,climate-trace,,229
732019,"Qenos Pty. Ltd., Altona ,Victoria",Natural Gas Liquids,AUS,manufacturing,petrochemical-steam-cracking,2023-08-01 00:00:00,2023-08-31 00:00:00,-37.84911,144.81027,,co2,7577.290114166663,month,6711.313922499998,tonnes of ethylene,1.1290322881132768,t of CO2 per tonnes of ethylene,8333.33333333333,t of ethylene,0.8053576707,,co-located petrochemical facility id,,,,,,,,,,,,,,,,,,,2024-07-01 00:00:00,2025-08-08 22:57:45.732589,,climate-trace,,229
732019,"Qenos Pty. Ltd., Altona ,Victoria",Natural Gas Liquids,AUS,manufacturing,petrochemical-steam-cracking,2023-09-01 00:00:00,2023-09-30 00:00:00,-37.84911,144.81027,,co2,7577.290114166663,month,6711.313922499998,tonnes of ethylene,1.1290322881132768,t of CO2 per tonnes of ethylene,8333.33333333333,t of ethylene,0.8053576707,,co-located petrochemical facility id,,,,,,,,,,,,,,,,,,,2024-07-01 00:00:00,2025-08-08 22:57:45.732589,,climate-trace,,229
732019,"Qenos Pty. Ltd., Altona ,Victoria",Natural Gas Liquids,AUS,manufacturing,petrochemical-steam-cracking,2023-10-01 00:00:00,2023-10-31 00:00:00,-37.84911,144.81027,,co2,7577.290114166663,month,6711.313922499998,tonnes of ethylene,1.1290322881132768,t of CO2 per tonnes of ethylene,8333.33333333333,t of ethylene,0.8053576707,,co-located petrochemical facility id,,,,,,,,,,,,,,,,,,,2024-07-01 00:00:00,2025-08-08 22:57:45.732589,,climate-trace,,229
732019,"Qenos Pty. Ltd., Altona ,Victoria",Natural Gas Liquids,AUS,manufacturing,petrochemical-steam-cracking,2023-11-01 00:00:00,2023-11-30 00:00:00,-37.84911,144.81027,,co2,7577.290114166663,month,6711.313922499998,tonnes of ethylene,1.1290322881132768,t of CO2 per tonnes of ethylene,8333.33333333333,t of ethylene,0.8053576707,,co-located petrochemical facility id,,,,,,,,,,,,,,,,,,,2024-07-01 00:00:00,2025-08-08 22:57:45.732589,,climate-trace,,229
732019,"Qenos Pty. Ltd., Altona ,Victoria",Natural Gas Liquids,AUS,manufacturing,petrochemical-steam-cracking,2023-12-01 00:00:00,2023-12-31 00:00:00,-37.84911,144.81027,,co2,7577.290114166663,month,6711.313922499998,tonnes of ethylene,1.1290322881132768,t of CO2 per tonnes of ethylene,8333.33333333333,t of ethylene,0.8053576707,,co-located petrochemical facility id,,,,,,,,,,,,,,,,,,,2024-07-01 00:00:00,2025-08-08 22:57:45.732589,,climate-trace,,229
732019,"Qenos Pty. Ltd., Altona ,Victoria",Natural Gas Liquids,AUS,manufacturing,petrochemical-steam-cracking,2024-01-01 00:00:00,2024-01-31 00:00:00,-37.84911,144.81027,,co2,7691.53246,month,6812.5,tonnes of ethylene,1.1290322881957189,t of CO2 per tonnes of ethylene,8333.33333,t of ethylene,0.8175,,co-located petrochemical facility id,,,,,,,,,,,,,,,,,,,2025-08-06 00:00:00,2025-08-08 22:57:45.732589,,climate-trace,,229
732019,"Qenos Pty. Ltd., Altona ,Victoria",Natural Gas Liquids,AUS,manufacturing,petrochemical-steam-cracking,2024-02-01 00:00:00,2024-02-29 00:00:00,-37.84911,144.81027,,co2,7691.53246,month,6812.5,tonnes of ethylene,1.1290322881957189,t of CO2 per tonnes of ethylene,8333.33333,t of ethylene,0.8175,,co-located petrochemical facility id,,,,,,,,,,,,,,,,,,,2025-08-06 00:00:00,2025-08-08 22:57:45.732589,,climate-trace,,229
732019,"Qenos Pty. Ltd., Altona ,Victoria",Natural Gas Liquids,AUS,manufacturing,petrochemical-steam-cracking,2024-03-01 00:00:00,2024-03-31 00:00:00,-37.84911,144.81027,,co2,7691.53246,month,6812.5,tonnes of ethylene,1.1290322881957189,t of CO2 per tonnes of ethylene,8333.33333,t of ethylene,0.8175,,co-located petrochemical facility id,,,,,,,,,,,,,,,,,,,2025-08-06 00:00:00,2025-08-08 22:57:45.732589,,climate-trace,,229
732019,"Qenos Pty. Ltd., Altona ,Victoria",Natural Gas Liquids,AUS,manufacturing,petrochemical-steam-cracking,2024-04-01 00:00:00,2024-04-30 00:00:00,-37.84911,144.81027,,co2,7691.53246,month,6812.5,tonnes of ethylene,1.1290322881957189,t of CO2 per tonnes of ethylene,8333.33333,t of ethylene,0.8175,,co-located petrochemical facility id,,,,,,,,,,,,,,,,,,,2025-05-05 00:00:00,2025-08-08 22:57:45.732589,,climate-trace,,229
732019,"Qenos Pty. Ltd., Altona ,Victoria",Natural Gas Liquids,AUS,manufacturing,petrochemical-steam-cracking,2024-05-01 00:00:00,2024-05-31 00:00:00,-37.84911,144.81027,,co2,7691.53246,month,6812.5,tonnes of ethylene,1.1290322881957189,t of CO2 per tonnes of ethylene,8333.33333,t of ethylene,0.8175,,co-located petrochemical facility id,,,,,,,,,,,,,,,,,,,2025-05-05 00:00:00,2025-08-08 22:57:45.732589,,climate-trace,,229
732019,"Qenos Pty. Ltd., Altona ,Victoria",Natural Gas Liquids,AUS,manufacturing,petrochemical-steam-cracking,2024-06-01 00:00:00,2024-06-30 00:00:00,-37.84911,144.81027,,co2,7691.53246,month,6812.5,tonnes of ethylene,1.1290322881957189,t of CO2 per tonnes of ethylene,8333.33333,t of ethylene,0.8175,,co-located petrochemical facility id,,,,,,,,,,,,,,,,,,,2025-05-05 00:00:00,2025-08-08 22:57:45.732589,,climate-trace,,229
732019,"Qenos Pty. Ltd., Altona ,Victoria",Natural Gas Liquids,AUS,manufacturing,petrochemical-steam-cracking,2024-07-01 00:00:00,2024-07-31 00:00:00,-37.84911,144.81027,,co2,7691.53246,month,6812.5,tonnes of ethylene,1.1290322881957189,t of CO2 per tonnes of ethylene,8333.33333,t of ethylene,0.8175,,co-located petrochemical facility id,,,,,,,,,,,,,,,,,,,2025-06-02 00:00:00,2025-08-08 22:57:45.732589,,climate-trace,,229
732019,"Qenos Pty. Ltd., Altona ,Victoria",Natural Gas Liquids,AUS,manufacturing,petrochemical-steam-cracking,2024-08-01 00:00:00,2024-08-31 00:00:00,-37.84911,144.81027,,co2,7691.53246,month,6812.5,tonnes of ethylene,1.1290322881957189,t of CO2 per tonnes of ethylene,8333.33333,t of ethylene,0.8175,,co-located petrochemical facility id,,,,,,,,,,,,,,,,,,,2025-06-02 00:00:00,2025-08-08 22:57:45.732589,,climate-trace,,229
732019,"Qenos Pty. Ltd., Altona ,Victoria",Natural Gas Liquids,AUS,manufacturing,petrochemical-steam-cracking,2024-09-01 00:00:00,2024-09-30 00:00:00,-37.84911,144.81027,,co2,7691.53246,month,6812.5,tonnes of ethylene,1.1290322881957189,t of CO2 per tonnes of ethylene,8333.33333,t of ethylene,0.8175,,co-located petrochemical facility id,,,,,,,,,,,,,,,,,,,2025-06-02 00:00:00,2025-08-08 22:57:45.732589,,climate-trace,,229
732019,"Qenos Pty. Ltd., Altona ,Victoria",Natural Gas Liquids,AUS,manufacturing,petrochemical-steam-cracking,2024-10-01 00:00:00,2024-10-31 00:00:00,-37.84911,144.81027,,co2,7577.290114166663,month,6711.313922499998,tonnes of ethylene,1.1290322881132768,t of CO2 per tonnes of ethylene,8333.33333333333,t of ethylene,0.8053576707,,co-located petrochemical facility id,,,,,,,,,,,,,,,,,,,2024-07-01 00:00:00,2025-08-08 22:57:45.732589,,climate-trace,,229
732019,"Qenos Pty. Ltd., Altona ,Victoria",Natural Gas Liquids,AUS,manufacturing,petrochemical-steam-cracking,2024-11-01 00:00:00,2024-11-30 00:00:00,-37.84911,144.81027,,co2,7577.290114166663,month,6711.313922499998,tonnes of ethylene,1.1290322881132768,t of CO2 per tonnes of ethylene,8333.33333333333,t of ethylene,0.8053576707,,co-located petrochemical facility id,,,,,,,,,,,,,,,,,,,2024-07-01 00:00:00,2025-08-08 22:57:45.732589,,climate-trace,,229
732019,"Qenos Pty. Ltd., Altona ,Victoria",Natural Gas Liquids,AUS,manufacturing,petrochemical-steam-cracking,2024-12-01 00:00:00,2024-12-31 00:00:00,-37.84911,144.81027,,co2,7577.290114166663,month,6711.313922499998,tonnes of ethylene,1.1290322881132768,t of CO2 per tonnes of ethylene,8333.33333333333,t of ethylene,0.8053576707,,co-located petrochemical facility id,,,,,,,,,,,,,,,,,,,2024-07-01 00:00:00,2025-08-08 22:57:45.732589,,climate-trace,,229
732019,"Qenos Pty. Ltd., Altona ,Victoria",Natural Gas Liquids,AUS,manufacturing,petrochemical-steam-cracking,2025-01-01 00:00:00,2025-01-31 00:00:00,-37.84911,144.81027,,co2,7577.290114166663,month,6711.313922499998,tonnes of ethylene,1.1290322881132768,t of CO2 per tonnes of ethylene,8333.33333333333,t of ethylene,0.8053576707,,co-located petrochemical facility id,,,,,,,,,,,,,,,,,,,2024-07-01 00:00:00,2025-08-08 22:57:45.732589,,climate-trace,,229
732019,"Qenos Pty. Ltd., Altona ,Victoria",Natural Gas Liquids,AUS,manufacturing,petrochemical-steam-cracking,2025-02-01 00:00:00,2025-02-28 00:00:00,-37.84911,144.81027,,co2,7577.290114166663,month,6711.313922499998,tonnes of ethylene,1.1290322881132768,t of CO2 per tonnes of ethylene,8333.33333333333,t of ethylene,0.8053576707,,co-located petrochemical facility id,,,,,,,,,,,,,,,,,,,2024-07-01 00:00:00,2025-08-08 22:57:45.732589,,climate-trace,,229
732019,"Qenos Pty. Ltd., Altona ,Victoria",Natural Gas Liquids,AUS,manufacturing,petrochemical-steam-cracking,2025-03-01 00:00:00,2025-03-31 00:00:00,-37.84911,144.81027,,co2,7577.290114166663,month,6711.313922499998,tonnes of ethylene,1.1290322881132768,t of CO2 per tonnes of ethylene,8333.33333333333,t of ethylene,0.8053576707,,co-located petrochemical facility id,,,,,,,,,,,,,,,,,,,2024-07-01 00:00:00,2025-08-08 22:57:45.732589,,climate-trace,,229
732019,"Qenos Pty. Ltd., Altona ,Victoria",Natural Gas Liquids,AUS,manufacturing,petrochemical-steam-cracking,2025-04-01 00:00:00,2025-04-30 00:00:00,-37.84911,144.81027,,co2,7577.290114166663,month,6711.313922499998,tonnes of ethylene,1.1290322881132768,t of CO2 per tonnes of ethylene,8333.33333333333,t of ethylene,0.8053576707,,co-located petrochemical facility id,,,,,,,,,,,,,,,,,,,2024-07-01 00:00:00,2025-08-08 22:57:45.732589,,climate-trace,,229
732019,"Qenos Pty. Ltd., Altona ,Victoria",Natural Gas Liquids,AUS,manufacturing,petrochemical-steam-cracking,2025-05-01 00:00:00,2025-05-31 00:00:00,-37.84911,144.81027,,co2,7577.290114166663,month,6711.313922499998,tonnes of ethylene,1.1290322881132768,t of CO2 per tonnes of ethylene,8333.33333333333,t of ethylene,0.8053576707,,co-located petrochemical facility id,,,,,,,,,,,,,,,,,,,2024-07-01 00:00:00,2025-08-08 22:57:45.732589,,climate-trace,,229
732019,"Qenos Pty. Ltd., Altona ,Victoria",Natural Gas Liquids,AUS,manufacturing,petrochemical-steam-cracking,2025-06-01 00:00:00,2025-06-30 00:00:00,-37.84911,144.81027,,co2,7577.290114166663,month,6711.313922499998,tonnes of ethylene,1.1290322881132768,t of CO2 per tonnes of ethylene,8333.33333333333,t of ethylene,0.8053576707,,co-located petrochemical facility id,,,,,,,,,,,,,,,,,,,2024-07-01 00:00:00,2025-08-08 22:57:45.732589,,climate-trace,,229
732020,"Qenos Pty. Ltd., Botany,NSW",Natural Gas Liquids,AUS,manufacturing,petrochemical-steam-cracking,2021-01-01 00:00:00,2021-01-31 00:00:00,-33.9531,151.21917,,co2,20904.71134999999,month,18515.60099166666,tonnes of ethylene,1.1290322879288983,t of CO2 per tonnes of ethylene,20833.333333333325,t of ethylene,0.8887488476,,co-located petrochemical facility id,,,,,,,,,,,,,,,,,,,2024-07-01 00:00:00,2025-08-08 22:57:45.732589,,climate-trace,,230
732020,"Qenos Pty. Ltd., Botany,NSW",Natural Gas Liquids,AUS,manufacturing,petrochemical-steam-cracking,2021-02-01 00:00:00,2021-02-28 00:00:00,-33.9531,151.21917,,co2,20904.71134999999,month,18515.60099166666,tonnes of ethylene,1.1290322879288983,t of CO2 per tonnes of ethylene,20833.333333333325,t of ethylene,0.8887488476,,co-located petrochemical facility id,,,,,,,,,,,,,,,,,,,2024-07-01 00:00:00,2025-08-08 22:57:45.732589,,climate-trace,,230
732020,"Qenos Pty. Ltd., Botany,NSW",Natural Gas Liquids,AUS,manufacturing,petrochemical-steam-cracking,2021-03-01 00:00:00,2021-03-31 00:00:00,-33.9531,151.21917,,co2,20904.71134999999,month,18515.60099166666,tonnes of ethylene,1.1290322879288983,t of CO2 per tonnes of ethylene,20833.333333333325,t of ethylene,0.8887488476,,co-located petrochemical facility id,,,,,,,,,,,,,,,,,,,2024-07-01 00:00:00,2025-08-08 22:57:45.732589,,climate-trace,,230
732020,"Qenos Pty. Ltd., Botany,NSW",Natural Gas Liquids,AUS,manufacturing,petrochemical-steam-cracking,2021-04-01 00:00:00,2021-04-30 00:00:00,-33.9531,151.21917,,co2,20904.71134999999,month,18515.60099166666,tonnes of ethylene,1.1290322879288983,t of CO2 per tonnes of ethylene,20833.333333333325,t of ethylene,0.8887488476,,co-located petrochemical facility id,,,,,,,,,,,,,,,,,,,2024-07-01 00:00:00,2025-08-08 22:57:45.732589,,climate-trace,,230
732020,"Qenos Pty. Ltd., Botany,NSW",Natural Gas Liquids,AUS,manufacturing,petrochemical-steam-cracking,2021-05-01 00:00:00,2021-05-31 00:00:00,-33.9531,151.21917,,co2,20904.71134999999,month,18515.60099166666,tonnes of ethylene,1.1290322879288983,t of CO2 per tonnes of ethylene,20833.333333333325,t of ethylene,0.8887488476,,co-located petrochemical facility id,,,,,,,,,,,,,,,,,,,2024-07-01 00:00:00,2025-08-08 22:57:45.732589,,climate-trace,,230
732020,"Qenos Pty. Ltd., Botany,NSW",Natural Gas Liquids,AUS,manufacturing,petrochemical-steam-cracking,2021-06-01 00:00:00,2021-06-30 00:00:00,-33.9531,151.21917,,co2,20904.71134999999,month,18515.60099166666,tonnes of ethylene,1.1290322879288983,t of CO2 per tonnes of ethylene,20833.333333333325,t of ethylene,0.8887488476,,co-located petrochemical facility id,,,,,,,,,,,,,,,,,,,2024-07-01 00:00:00,2025-08-08 22:57:45.732589,,climate-trace,,230
732020,"Qenos Pty. Ltd., Botany,NSW",Natural Gas Liquids,AUS,manufacturing,petrochemical-steam-cracking,2021-07-01 00:00:00,2021-07-31 00:00:00,-33.9531,151.21917,,co2,20904.71134999999,month,18515.60099166666,tonnes of ethylene,1.1290322879288983,t of CO2 per tonnes of ethylene,20833.333333333325,t of ethylene,0.8887488476,,co-located petrochemical facility id,,,,,,,,,,,,,,,,,,,2024-07-01 00:00:00,2025-08-08 22:57:45.732589,,climate-trace,,230
732020,"Qenos Pty. Ltd., Botany,NSW",Natural Gas Liquids,AUS,manufacturing,petrochemical-steam-cracking,2021-08-01 00:00:00,2021-08-31 00:00:00,-33.9531,151.21917,,co2,20904.71134999999,month,18515.60099166666,tonnes of ethylene,1.1290322879288983,t of CO2 per tonnes of ethylene,20833.333333333325,t of ethylene,0.8887488476,,co-located petrochemical facility id,,,,,,,,,,,,,,,,,,,2024-07-01 00:00:00,2025-08-08 22:57:45.732589,,climate-trace,,230
732020,"Qenos Pty. Ltd., Botany,NSW",Natural Gas Liquids,AUS,manufacturing,petrochemical-steam-cracking,2021-09-01 00:00:00,2021-09-30 00:00:00,-33.9531,151.21917,,co2,20904.71134999999,month,18515.60099166666,tonnes of ethylene,1.1290322879288983,t of CO2 per tonnes of ethylene,20833.333333333325,t of ethylene,0.8887488476,,co-located petrochemical facility id,,,,,,,,,,,,,,,,,,,2024-07-01 00:00:00,2025-08-08 22:57:45.732589,,climate-trace,,230
732020,"Qenos Pty. Ltd., Botany,NSW",Natural Gas Liquids,AUS,manufacturing,petrochemical-steam-cracking,2021-10-01 00:00:00,2021-10-31 00:00:00,-33.9531,151.21917,,co2,20904.71134999999,month,18515.60099166666,tonnes of ethylene,1.1290322879288983,t of CO2 per tonnes of ethylene,20833.333333333325,t of ethylene,0.8887488476,,co-located petrochemical facility id,,,,,,,,,,,,,,,,,,,2024-07-01 00:00:00,2025-08-08 22:57:45.732589,,climate-trace,,230
732020,"Qenos Pty. Ltd., Botany,NSW",Natural Gas Liquids,AUS,manufacturing,petrochemical-steam-cracking,2021-11-01 00:00:00,2021-11-30 00:00:00,-33.9531,151.21917,,co2,20904.71134999999,month,18515.60099166666,tonnes of ethylene,1.1290322879288983,t of CO2 per tonnes of ethylene,20833.333333333325,t of ethylene,0.8887488476,,co-located petrochemical facility id,,,,,,,,,,,,,,,,,,,2024-07-01 00:00:00,2025-08-08 22:57:45.732589,,climate-trace,,230
732020,"Qenos Pty. Ltd., Botany,NSW",Natural Gas Liquids,AUS,manufacturing,petrochemical-steam-cracking,2021-12-01 00:00:00,2021-12-31 00:00:00,-33.9531,151.21917,,co2,20904.71134999999,month,18515.60099166666,tonnes of ethylene,1.1290322879288983,t of CO2 per tonnes of ethylene,20833.333333333325,t of ethylene,0.8887488476,,co-located petrochemical facility id,,,,,,,,,,,,,,,,,,,2024-07-01 00:00:00,2025-08-08 22:57:45.732589,,climate-trace,,230
732020,"Qenos Pty. Ltd., Botany,NSW",Natural Gas Liquids,AUS,manufacturing,petrochemical-steam-cracking,2022-01-01 00:00:00,2022-01-31 00:00:00,-33.9531,151.21917,,co2,19726.74997499999,month,17472.26379166666,tonnes of ethylene,1.129032288558315,t of CO2 per tonnes of ethylene,20833.333333333325,t of ethylene,0.838668662,,co-located petrochemical facility id,,,,,,,,,,,,,,,,,,,2024-07-01 00:00:00,2025-08-08 22:57:45.732589,,climate-trace,,230
732020,"Qenos Pty. Ltd., Botany,NSW",Natural Gas Liquids,AUS,manufacturing,petrochemical-steam-cracking,2022-02-01 00:00:00,2022-02-28 00:00:00,-33.9531,151.21917,,co2,19726.74997499999,month,17472.26379166666,tonnes of ethylene,1.129032288558315,t of CO2 per tonnes of ethylene,20833.333333333325,t of ethylene,0.838668662,,co-located petrochemical facility id,,,,,,,,,,,,,,,,,,,2024-07-01 00:00:00,2025-08-08 22:57:45.732589,,climate-trace,,230
732020,"Qenos Pty. Ltd., Botany,NSW",Natural Gas Liquids,AUS,manufacturing,petrochemical-steam-cracking,2022-03-01 00:00:00,2022-03-31 00:00:00,-33.9531,151.21917,,co2,19726.74997499999,month,17472.26379166666,tonnes of ethylene,1.129032288558315,t of CO2 per tonnes of ethylene,20833.333333333325,t of ethylene,0.838668662,,co-located petrochemical facility id,,,,,,,,,,,,,,,,,,,2024-07-01 00:00:00,2025-08-08 22:57:45.732589,,climate-trace,,230
732020,"Qenos Pty. Ltd., Botany,NSW",Natural Gas Liquids,AUS,manufacturing,petrochemical-steam-cracking,2022-04-01 00:00:00,2022-04-30 00:00:00,-33.9531,151.21917,,co2,19726.74997499999,month,17472.26379166666,tonnes of ethylene,1.129032288558315,t of CO2 per tonnes of ethylene,20833.333333333325,t of ethylene,0.838668662,,co-located petrochemical facility id,,,,,,,,,,,,,,,,,,,2024-07-01 00:00:00,2025-08-08 22:57:45.732589,,climate-trace,,230
732020,"Qenos Pty. Ltd., Botany,NSW",Natural Gas Liquids,AUS,manufacturing,petrochemical-steam-cracking,2022-05-01 00:00:00,2022-05-31 00:00:00,-33.9531,151.21917,,co2,19726.74997499999,month,17472.26379166666,tonnes of ethylene,1.129032288558315,t of CO2 per tonnes of ethylene,20833.333333333325,t of ethylene,0.838668662,,co-located petrochemical facility id,,,,,,,,,,,,,,,,,,,2024-07-01 00:00:00,2025-08-08 22:57:45.732589,,climate-trace,,230
732020,"Qenos Pty. Ltd., Botany,NSW",Natural Gas Liquids,AUS,manufacturing,petrochemical-steam-cracking,2022-06-01 00:00:00,2022-06-30 00:00:00,-33.9531,151.21917,,co2,19726.74997499999,month,17472.26379166666,tonnes of ethylene,1.129032288558315,t of CO2 per tonnes of ethylene,20833.333333333325,t of ethylene,0.838668662,,co-located petrochemical facility id,,,,,,,,,,,,,,,,,,,2024-07-01 00:00:00,2025-08-08 22:57:45.732589,,climate-trace,,230
732020,"Qenos Pty. Ltd., Botany,NSW",Natural Gas Liquids,AUS,manufacturing,petrochemical-steam-cracking,2022-07-01 00:00:00,2022-07-31 00:00:00,-33.9531,151.21917,,co2,19726.74997499999,month,17472.26379166666,tonnes of ethylene,1.129032288558315,t of CO2 per tonnes of ethylene,20833.333333333325,t of ethylene,0.838668662,,co-located petrochemical facility id,,,,,,,,,,,,,,,,,,,2024-07-01 00:00:00,2025-08-08 22:57:45.732589,,climate-trace,,230
732020,"Qenos Pty. Ltd., Botany,NSW",Natural Gas Liquids,AUS,manufacturing,petrochemical-steam-cracking,2022-08-01 00:00:00,2022-08-31 00:00:00,-33.9531,151.21917,,co2,19726.74997499999,month,17472.26379166666,tonnes of ethylene,1.129032288558315,t of CO2 per tonnes of ethylene,20833.333333333325,t of ethylene,0.838668662,,co-located petrochemical facility id,,,,,,,,,,,,,,,,,,,2024-07-01 00:00:00,2025-08-08 22:57:45.732589,,climate-trace,,230
732020,"Qenos Pty. Ltd., Botany,NSW",Natural Gas Liquids,AUS,manufacturing,petrochemical-steam-cracking,2022-09-01 00:00:00,2022-09-30 00:00:00,-33.9531,151.21917,,co2,19726.74997499999,month,17472.26379166666,tonnes of ethylene,1.129032288558315,t of CO2 per tonnes of ethylene,20833.333333333325,t of ethylene,0.838668662,,co-located petrochemical facility id,,,,,,,,,,,,,,,,,,,2024-07-01 00:00:00,2025-08-08 22:57:45.732589,,climate-trace,,230
732020,"Qenos Pty. Ltd., Botany,NSW",Natural Gas Liquids,AUS,manufacturing,petrochemical-steam-cracking,2022-10-01 00:00:00,2022-10-31 00:00:00,-33.9531,151.21917,,co2,19726.74997499999,month,17472.26379166666,tonnes of ethylene,1.129032288558315,t of CO2 per tonnes of ethylene,20833.333333333325,t of ethylene,0.838668662,,co-located petrochemical facility id,,,,,,,,,,,,,,,,,,,2024-07-01 00:00:00,2025-08-08 22:57:45.732589,,climate-trace,,230
732020,"Qenos Pty. Ltd., Botany,NSW",Natural Gas Liquids,AUS,manufacturing,petrochemical-steam-cracking,2022-11-01 00:00:00,2022-11-30 00:00:00,-33.9531,151.21917,,co2,19726.74997499999,month,17472.26379166666,tonnes of ethylene,1.129032288558315,t of CO2 per tonnes of ethylene,20833.333333333325,t of ethylene,0.838668662,,co-located petrochemical facility id,,,,,,,,,,,,,,,,,,,2024-07-01 00:00:00,2025-08-08 22:57:45.732589,,climate-trace,,230
732020,"Qenos Pty. Ltd., Botany,NSW",Natural Gas Liquids,AUS,manufacturing,petrochemical-steam-cracking,2022-12-01 00:00:00,2022-12-31 00:00:00,-33.9531,151.21917,,co2,19726.74997499999,month,17472.26379166666,tonnes of ethylene,1.129032288558315,t of CO2 per tonnes of ethylene,20833.333333333325,t of ethylene,0.838668662,,co-located petrochemical facility id,,,,,,,,,,,,,,,,,,,2024-07-01 00:00:00,2025-08-08 22:57:45.732589,,climate-trace,,230
732020,"Qenos Pty. Ltd., Botany,NSW",Natural Gas Liquids,AUS,manufacturing,petrochemical-steam-cracking,2023-01-01 00:00:00,2023-01-31 00:00:00,-33.9531,151.21917,,co2,18943.22528333333,month,16778.284808333327,tonnes of ethylene,1.1290322878489183,t of CO2 per tonnes of ethylene,20833.333333333325,t of ethylene,0.8053576708,,co-located petrochemical facility id,,,,,,,,,,,,,,,,,,,2024-07-01 00:00:00,2025-08-08 22:57:45.732589,,climate-trace,,230
732020,"Qenos Pty. Ltd., Botany,NSW",Natural Gas Liquids,AUS,manufacturing,petrochemical-steam-cracking,2023-02-01 00:00:00,2023-02-28 00:00:00,-33.9531,151.21917,,co2,18943.22528333333,month,16778.284808333327,tonnes of ethylene,1.1290322878489183,t of CO2 per tonnes of ethylene,20833.333333333325,t of ethylene,0.8053576708,,co-located petrochemical facility id,,,,,,,,,,,,,,,,,,,2024-07-01 00:00:00,2025-08-08 22:57:45.732589,,climate-trace,,230
732020,"Qenos Pty. Ltd., Botany,NSW",Natural Gas Liquids,AUS,manufacturing,petrochemical-steam-cracking,2023-03-01 00:00:00,2023-03-31 00:00:00,-33.9531,151.21917,,co2,18943.22528333333,month,16778.284808333327,tonnes of ethylene,1.1290322878489183,t of CO2 per tonnes of ethylene,20833.333333333325,t of ethylene,0.8053576708,,co-located petrochemical facility id,,,,,,,,,,,,,,,,,,,2024-07-01 00:00:00,2025-08-08 22:57:45.732589,,climate-trace,,230
732020,"Qenos Pty. Ltd., Botany,NSW",Natural Gas Liquids,AUS,manufacturing,petrochemical-steam-cracking,2023-04-01 00:00:00,2023-04-30 00:00:00,-33.9531,151.21917,,co2,18943.22528333333,month,16778.284808333327,tonnes of ethylene,1.1290322878489183,t of CO2 per tonnes of ethylene,20833.333333333325,t of ethylene,0.8053576708,,co-located petrochemical facility id,,,,,,,,,,,,,,,,,,,2024-07-01 00:00:00,2025-08-08 22:57:45.732589,,climate-trace,,230
732020,"Qenos Pty. Ltd., Botany,NSW",Natural Gas Liquids,AUS,manufacturing,petrochemical-steam-cracking,2023-05-01 00:00:00,2023-05-31 00:00:00,-33.9531,151.21917,,co2,18943.22528333333,month,16778.284808333327,tonnes of ethylene,1.1290322878489183,t of CO2 per tonnes of ethylene,20833.333333333325,t of ethylene,0.8053576708,,co-located petrochemical facility id,,,,,,,,,,,,,,,,,,,2024-07-01 00:00:00,2025-08-08 22:57:45.732589,,climate-trace,,230
732020,"Qenos Pty. Ltd., Botany,NSW",Natural Gas Liquids,AUS,manufacturing,petrochemical-steam-cracking,2023-06-01 00:00:00,2023-06-30 00:00:00,-33.9531,151.21917,,co2,18943.22528333333,month,16778.284808333327,tonnes of ethylene,1.1290322878489183,t of CO2 per tonnes of ethylene,20833.333333333325,t of ethylene,0.8053576708,,co-located petrochemical facility id,,,,,,,,,,,,,,,,,,,2024-07-01 00:00:00,2025-08-08 22:57:45.732589,,climate-trace,,230
732020,"Qenos Pty. Ltd., Botany,NSW",Natural Gas Liquids,AUS,manufacturing,petrochemical-steam-cracking,2023-07-01 00:00:00,2023-07-31 00:00:00,-33.9531,151.21917,,co2,18943.22528333333,month,16778.284808333327,tonnes of ethylene,1.1290322878489183,t of CO2 per tonnes of ethylene,20833.333333333325,t of ethylene,0.8053576708,,co-located petrochemical facility id,,,,,,,,,,,,,,,,,,,2024-07-01 00:00:00,2025-08-08 22:57:45.732589,,climate-trace,,230
732020,"Qenos Pty. Ltd., Botany,NSW",Natural Gas Liquids,AUS,manufacturing,petrochemical-steam-cracking,2023-08-01 00:00:00,2023-08-31 00:00:00,-33.9531,151.21917,,co2,18943.22528333333,month,16778.284808333327,tonnes of ethylene,1.1290322878489183,t of CO2 per tonnes of ethylene,20833.333333333325,t of ethylene,0.8053576708,,co-located petrochemical facility id,,,,,,,,,,,,,,,,,,,2024-07-01 00:00:00,2025-08-08 22:57:45.732589,,climate-trace,,230
732020,"Qenos Pty. Ltd., Botany,NSW",Natural Gas Liquids,AUS,manufacturing,petrochemical-steam-cracking,2023-09-01 00:00:00,2023-09-30 00:00:00,-33.9531,151.21917,,co2,18943.22528333333,month,16778.284808333327,tonnes of ethylene,1.1290322878489183,t of CO2 per tonnes of ethylene,20833.333333333325,t of ethylene,0.8053576708,,co-located petrochemical facility id,,,,,,,,,,,,,,,,,,,2024-07-01 00:00:00,2025-08-08 22:57:45.732589,,climate-trace,,230
732020,"Qenos Pty. Ltd., Botany,NSW",Natural Gas Liquids,AUS,manufacturing,petrochemical-steam-cracking,2023-10-01 00:00:00,2023-10-31 00:00:00,-33.9531,151.21917,,co2,18943.22528333333,month,16778.284808333327,tonnes of ethylene,1.1290322878489183,t of CO2 per tonnes of ethylene,20833.333333333325,t of ethylene,0.8053576708,,co-located petrochemical facility id,,,,,,,,,,,,,,,,,,,2024-07-01 00:00:00,2025-08-08 22:57:45.732589,,climate-trace,,230
732020,"Qenos Pty. Ltd., Botany,NSW",Natural Gas Liquids,AUS,manufacturing,petrochemical-steam-cracking,2023-11-01 00:00:00,2023-11-30 00:00:00,-33.9531,151.21917,,co2,18943.22528333333,month,16778.284808333327,tonnes of ethylene,1.1290322878489183,t of CO2 per tonnes of ethylene,20833.333333333325,t of ethylene,0.8053576708,,co-located petrochemical facility id,,,,,,,,,,,,,,,,,,,2024-07-01 00:00:00,2025-08-08 22:57:45.732589,,climate-trace,,230
732020,"Qenos Pty. Ltd., Botany,NSW",Natural Gas Liquids,AUS,manufacturing,petrochemical-steam-cracking,2023-12-01 00:00:00,2023-12-31 00:00:00,-33.9531,151.21917,,co2,18943.22528333333,month,16778.284808333327,tonnes of ethylene,1.1290322878489183,t of CO2 per tonnes of ethylene,20833.333333333325,t of ethylene,0.8053576708,,co-located petrochemical facility id,,,,,,,,,,,,,,,,,,,2024-07-01 00:00:00,2025-08-08 22:57:45.732589,,climate-trace,,230
732020,"Qenos Pty. Ltd., Botany,NSW",Natural Gas Liquids,AUS,manufacturing,petrochemical-steam-cracking,2024-01-01 00:00:00,2024-01-31 00:00:00,-33.9531,151.21917,,co2,0.0,month,0.0,tonnes of ethylene,0.0,t of CO2 per tonnes of ethylene,20833.33333,t of ethylene,0.0,,co-located petrochemical facility id,,,,,,,,,,,,,,,,,,,2025-08-06 00:00:00,2025-08-08 22:57:45.732589,,climate-trace,,230
732020,"Qenos Pty. Ltd., Botany,NSW",Natural Gas Liquids,AUS,manufacturing,petrochemical-steam-cracking,2024-02-01 00:00:00,2024-02-29 00:00:00,-33.9531,151.21917,,co2,0.0,month,0.0,tonnes of ethylene,0.0,t of CO2 per tonnes of ethylene,20833.33333,t of ethylene,0.0,,co-located petrochemical facility id,,,,,,,,,,,,,,,,,,,2025-08-06 00:00:00,2025-08-08 22:57:45.732589,,climate-trace,,230
732020,"Qenos Pty. Ltd., Botany,NSW",Natural Gas Liquids,AUS,manufacturing,petrochemical-steam-cracking,2024-03-01 00:00:00,2024-03-31 00:00:00,-33.9531,151.21917,,co2,0.0,month,0.0,tonnes of ethylene,0.0,t of CO2 per tonnes of ethylene,20833.33333,t of ethylene,0.0,,co-located petrochemical facility id,,,,,,,,,,,,,,,,,,,2025-08-06 00:00:00,2025-08-08 22:57:45.732589,,climate-trace,,230
732020,"Qenos Pty. Ltd., Botany,NSW",Natural Gas Liquids,AUS,manufacturing,petrochemical-steam-cracking,2024-04-01 00:00:00,2024-04-30 00:00:00,-33.9531,151.21917,,co2,0.0,month,0.0,tonnes of ethylene,0.0,t of CO2 per tonnes of ethylene,20833.33333,t of ethylene,0.0,,co-located petrochemical facility id,,,,,,,,,,,,,,,,,,,2025-05-05 00:00:00,2025-08-08 22:57:45.732589,,climate-trace,,230
732020,"Qenos Pty. Ltd., Botany,NSW",Natural Gas Liquids,AUS,manufacturing,petrochemical-steam-cracking,2024-05-01 00:00:00,2024-05-31 00:00:00,-33.9531,151.21917,,co2,0.0,month,0.0,tonnes of ethylene,0.0,t of CO2 per tonnes of ethylene,20833.33333,t of ethylene,0.0,,co-located petrochemical facility id,,,,,,,,,,,,,,,,,,,2025-05-05 00:00:00,2025-08-08 22:57:45.732589,,climate-trace,,230
732020,"Qenos Pty. Ltd., Botany,NSW",Natural Gas Liquids,AUS,manufacturing,petrochemical-steam-cracking,2024-06-01 00:00:00,2024-06-30 00:00:00,-33.9531,151.21917,,co2,0.0,month,0.0,tonnes of ethylene,0.0,t of CO2 per tonnes of ethylene,20833.33333,t of ethylene,0.0,,co-located petrochemical facility id,,,,,,,,,,,,,,,,,,,2025-05-05 00:00:00,2025-08-08 22:57:45.732589,,climate-trace,,230
732020,"Qenos Pty. Ltd., Botany,NSW",Natural Gas Liquids,AUS,manufacturing,petrochemical-steam-cracking,2024-07-01 00:00:00,2024-07-31 00:00:00,-33.9531,151.21917,,co2,0.0,month,0.0,tonnes of ethylene,0.0,t of CO2 per tonnes of ethylene,20833.33333,t of ethylene,0.0,,co-located petrochemical facility id,,,,,,,,,,,,,,,,,,,2025-06-02 00:00:00,2025-08-08 22:57:45.732589,,climate-trace,,230
732020,"Qenos Pty. Ltd., Botany,NSW",Natural Gas Liquids,AUS,manufacturing,petrochemical-steam-cracking,2024-08-01 00:00:00,2024-08-31 00:00:00,-33.9531,151.21917,,co2,0.0,month,0.0,tonnes of ethylene,0.0,t of CO2 per tonnes of ethylene,20833.33333,t of ethylene,0.0,,co-located petrochemical facility id,,,,,,,,,,,,,,,,,,,2025-06-02 00:00:00,2025-08-08 22:57:45.732589,,climate-trace,,230
732020,"Qenos Pty. Ltd., Botany,NSW",Natural Gas Liquids,AUS,manufacturing,petrochemical-steam-cracking,2024-09-01 00:00:00,2024-09-30 00:00:00,-33.9531,151.21917,,co2,0.0,month,0.0,tonnes of ethylene,0.0,t of CO2 per tonnes of ethylene,20833.33333,t of ethylene,0.0,,co-located petrochemical facility id,,,,,,,,,,,,,,,,,,,2025-06-02 00:00:00,2025-08-08 22:57:45.732589,,climate-trace,,230
732020,"Qenos Pty. Ltd., Botany,NSW",Natural Gas Liquids,AUS,manufacturing,petrochemical-steam-cracking,2024-10-01 00:00:00,2024-10-31 00:00:00,-33.9531,151.21917,,co2,18943.22528333333,month,16778.284808333327,tonnes of ethylene,1.1290322878489183,t of CO2 per tonnes of ethylene,20833.333333333325,t of ethylene,0.8053576708,,co-located petrochemical facility id,,,,,,,,,,,,,,,,,,,2024-07-01 00:00:00,2025-08-08 22:57:45.732589,,climate-trace,,230
732020,"Qenos Pty. Ltd., Botany,NSW",Natural Gas Liquids,AUS,manufacturing,petrochemical-steam-cracking,2024-11-01 00:00:00,2024-11-30 00:00:00,-33.9531,151.21917,,co2,18943.22528333333,month,16778.284808333327,tonnes of ethylene,1.1290322878489183,t of CO2 per tonnes of ethylene,20833.333333333325,t of ethylene,0.8053576708,,co-located petrochemical facility id,,,,,,,,,,,,,,,,,,,2024-07-01 00:00:00,2025-08-08 22:57:45.732589,,climate-trace,,230
732020,"Qenos Pty. Ltd., Botany,NSW",Natural Gas Liquids,AUS,manufacturing,petrochemical-steam-cracking,2024-12-01 00:00:00,2024-12-31 00:00:00,-33.9531,151.21917,,co2,18943.22528333333,month,16778.284808333327,tonnes of ethylene,1.1290322878489183,t of CO2 per tonnes of ethylene,20833.333333333325,t of ethylene,0.8053576708,,co-located petrochemical facility id,,,,,,,,,,,,,,,,,,,2024-07-01 00:00:00,2025-08-08 22:57:45.732589,,climate-trace,,230
732020,"Qenos Pty. Ltd., Botany,NSW",Natural Gas Liquids,AUS,manufacturing,petrochemical-steam-cracking,2025-01-01 00:00:00,2025-01-31 00:00:00,-33.9531,151.21917,,co2,18943.22528333333,month,16778.284808333327,tonnes of ethylene,1.1290322878489183,t of CO2 per tonnes of ethylene,20833.333333333325,t of ethylene,0.8053576708,,co-located petrochemical facility id,,,,,,,,,,,,,,,,,,,2024-07-01 00:00:00,2025-08-08 22:57:45.732589,,climate-trace,,230
732020,"Qenos Pty. Ltd., Botany,NSW",Natural Gas Liquids,AUS,manufacturing,petrochemical-steam-cracking,2025-02-01 00:00:00,2025-02-28 00:00:00,-33.9531,151.21917,,co2,18943.22528333333,month,16778.284808333327,tonnes of ethylene,1.1290322878489183,t of CO2 per tonnes of ethylene,20833.333333333325,t of ethylene,0.8053576708,,co-located petrochemical facility id,,,,,,,,,,,,,,,,,,,2024-07-01 00:00:00,2025-08-08 22:57:45.732589,,climate-trace,,230
732020,"Qenos Pty. Ltd., Botany,NSW",Natural Gas Liquids,AUS,manufacturing,petrochemical-steam-cracking,2025-03-01 00:00:00,2025-03-31 00:00:00,-33.9531,151.21917,,co2,18943.22528333333,month,16778.284808333327,tonnes of ethylene,1.1290322878489183,t of CO2 per tonnes of ethylene,20833.333333333325,t of ethylene,0.8053576708,,co-located petrochemical facility id,,,,,,,,,,,,,,,,,,,2024-07-01 00:00:00,2025-08-08 22:57:45.732589,,climate-trace,,230
732020,"Qenos Pty. Ltd., Botany,NSW",Natural Gas Liquids,AUS,manufacturing,petrochemical-steam-cracking,2025-04-01 00:00:00,2025-04-30 00:00:00,-33.9531,151.21917,,co2,18943.22528333333,month,16778.284808333327,tonnes of ethylene,1.1290322878489183,t of CO2 per tonnes of ethylene,20833.333333333325,t of ethylene,0.8053576708,,co-located petrochemical facility id,,,,,,,,,,,,,,,,,,,2024-07-01 00:00:00,2025-08-08 22:57:45.732589,,climate-trace,,230
732020,"Qenos Pty. Ltd., Botany,NSW",Natural Gas Liquids,AUS,manufacturing,petrochemical-steam-cracking,2025-05-01 00:00:00,2025-05-31 00:00:00,-33.9531,151.21917,,co2,18943.22528333333,month,16778.284808333327,tonnes of ethylene,1.1290322878489183,t of CO2 per tonnes of ethylene,20833.333333333325,t of ethylene,0.8053576708,,co-located petrochemical facility id,,,,,,,,,,,,,,,,,,,2024-07-01 00:00:00,2025-08-08 22:57:45.732589,,climate-trace,,230
732020,"Qenos Pty. Ltd., Botany,NSW",Natural Gas Liquids,AUS,manufacturing,petrochemical-steam-cracking,2025-06-01 00:00:00,2025-06-30 00:00:00,-33.9531,151.21917,,co2,18943.22528333333,month,16778.284808333327,tonnes of ethylene,1.1290322878489183,t of CO2 per tonnes of ethylene,20833.333333333325,t of ethylene,0.8053576708,,co-located petrochemical facility id,,,,,,,,,,,,,,,,,,,2024-07-01 00:00:00,2025-08-08 22:57:45.732589,,climate-trace,,230
