iso3_country,sector,subsector,start_time,end_time,gas,emissions_quantity,emissions_quantity_units,temporal_granularity,created_date,modified_date
AUS,manufacturing,textiles-leather-apparel,2015-01-01 00:00:00,2015-12-31 00:00:00,co2,372963.6842024528,,annual,,
AUS,manufacturing,textiles-leather-apparel,2016-01-01 00:00:00,2016-12-31 00:00:00,co2,367591.80973808287,,annual,,
AUS,manufacturing,textiles-leather-apparel,2017-01-01 00:00:00,2017-12-31 00:00:00,co2,374247.4090867568,,annual,,
AUS,manufacturing,textiles-leather-apparel,2018-01-01 00:00:00,2018-12-31 00:00:00,co2,403129.05875487294,,annual,,
AUS,manufacturing,textiles-leather-apparel,2019-01-01 00:00:00,2019-12-31 00:00:00,co2,378487.2024232049,,annual,,
AUS,manufacturing,textiles-leather-apparel,2020-01-01 00:00:00,2020-12-31 00:00:00,co2,309511.8035692599,,annual,,
AUS,manufacturing,textiles-leather-apparel,2021-01-01 00:00:00,2021-12-31 00:00:00,co2,313073.81869988306,,annual,,
AUS,manufacturing,textiles-leather-apparel,2022-01-01 00:00:00,2022-12-31 00:00:00,co2,303683.71152465005,,annual,,
AUS,manufacturing,textiles-leather-apparel,2023-01-01 00:00:00,2023-12-31 00:00:00,co2,285839.23677385,,annual,,
AUS,manufacturing,textiles-leather-apparel,2024-01-01 00:00:00,2024-12-31 00:00:00,co2,285839.23677385,,annual,,
AUS,manufacturing,textiles-leather-apparel,2025-01-01 00:00:00,2025-12-31 00:00:00,co2,142919.618386925,,annual,,
