iso3_country,sector,subsector,start_time,end_time,gas,emissions_quantity,emissions_quantity_units,temporal_granularity,created_date,modified_date
AUS,manufacturing,wood-and-wood-products,2015-01-01 00:00:00,2015-12-31 00:00:00,co2,184327.802754198,,annual,,
AUS,manufacturing,wood-and-wood-products,2016-01-01 00:00:00,2016-12-31 00:00:00,co2,167899.53473071507,,annual,,
AUS,manufacturing,wood-and-wood-products,2017-01-01 00:00:00,2017-12-31 00:00:00,co2,182453.10335085995,,annual,,
AUS,manufacturing,wood-and-wood-products,2018-01-01 00:00:00,2018-12-31 00:00:00,co2,179442.73278829097,,annual,,
AUS,manufacturing,wood-and-wood-products,2019-01-01 00:00:00,2019-12-31 00:00:00,co2,173383.22124534703,,annual,,
AUS,manufacturing,wood-and-wood-products,2020-01-01 00:00:00,2020-12-31 00:00:00,co2,156420.985229444,,annual,,
AUS,manufacturing,wood-and-wood-products,2021-01-01 00:00:00,2021-12-31 00:00:00,co2,141636.29290529797,,annual,,
AUS,manufacturing,wood-and-wood-products,2022-01-01 00:00:00,2022-12-31 00:00:00,co2,155182.46548852496,,annual,,
AUS,manufacturing,wood-and-wood-products,2023-01-01 00:00:00,2023-12-31 00:00:00,co2,148225.903854764,,annual,,
AUS,manufacturing,wood-and-wood-products,2024-01-01 00:00:00,2024-12-31 00:00:00,co2,148225.903854764,,annual,,
AUS,manufacturing,wood-and-wood-products,2025-01-01 00:00:00,2025-12-31 00:00:00,co2,74112.951927382,,annual,,
