iso3_country,sector,subsector,start_time,end_time,gas,emissions_quantity,emissions_quantity_units,temporal_granularity,created_date,modified_date
AUS,transportation,domestic-shipping,2015-01-01 00:00:00,2015-12-31 00:00:00,co2,4465178.58568788,,annual,,
AUS,transportation,domestic-shipping,2016-01-01 00:00:00,2016-12-31 00:00:00,co2,5469634.29733943,,annual,,
AUS,transportation,domestic-shipping,2017-01-01 00:00:00,2017-12-31 00:00:00,co2,6545659.413192335,,annual,,
AUS,transportation,domestic-shipping,2018-01-01 00:00:00,2018-12-31 00:00:00,co2,7233444.062281719,,annual,,
AUS,transportation,domestic-shipping,2019-01-01 00:00:00,2019-12-31 00:00:00,co2,8055599.622776402,,annual,,
AUS,transportation,domestic-shipping,2020-01-01 00:00:00,2020-12-31 00:00:00,co2,8541443.44289068,,annual,,
AUS,transportation,domestic-shipping,2021-01-01 00:00:00,2021-12-31 00:00:00,co2,8556103.890437303,,annual,,
AUS,transportation,domestic-shipping,2022-01-01 00:00:00,2022-12-31 00:00:00,co2,9862966.687976256,,annual,,
AUS,transportation,domestic-shipping,2023-01-01 00:00:00,2023-12-31 00:00:00,co2,10008507.609860752,,annual,,
AUS,transportation,domestic-shipping,2024-01-01 00:00:00,2024-12-31 00:00:00,co2,10082394.102736536,,annual,,
AUS,transportation,domestic-shipping,2025-01-01 00:00:00,2025-12-31 00:00:00,co2,4659789.6953438185,,annual,,
