iso3_country,sector,subsector,start_time,end_time,gas,emissions_quantity,emissions_quantity_units,temporal_granularity,created_date,modified_date
AUS,transportation,domestic-aviation,2015-01-01 00:00:00,2015-12-31 00:00:00,co2,7241041.084507591,,annual,,
AUS,transportation,domestic-aviation,2016-01-01 00:00:00,2016-12-31 00:00:00,co2,7315622.965814892,,annual,,
AUS,transportation,domestic-aviation,2017-01-01 00:00:00,2017-12-31 00:00:00,co2,7246296.367163352,,annual,,
AUS,transportation,domestic-aviation,2018-01-01 00:00:00,2018-12-31 00:00:00,co2,7230879.939196816,,annual,,
AUS,transportation,domestic-aviation,2019-01-01 00:00:00,2019-12-31 00:00:00,co2,7225384.060062679,,annual,,
AUS,transportation,domestic-aviation,2020-01-01 00:00:00,2020-12-31 00:00:00,co2,3085967.928440125,,annual,,
AUS,transportation,domestic-aviation,2021-01-01 00:00:00,2021-12-31 00:00:00,co2,4005718.706496521,,annual,,
AUS,transportation,domestic-aviation,2022-01-01 00:00:00,2022-12-31 00:00:00,co2,6234457.018344602,,annual,,
AUS,transportation,domestic-aviation,2023-01-01 00:00:00,2023-12-31 00:00:00,co2,6960148.999009925,,annual,,
AUS,transportation,domestic-aviation,2024-01-01 00:00:00,2024-12-31 00:00:00,co2,6942539.4258492,,annual,,
AUS,transportation,domestic-aviation,2025-01-01 00:00:00,2025-12-31 00:00:00,co2,3373951.307958436,,annual,,
