parent_name,parent_entity_id,parent_entity_type,parent_lei,parent_permid,parent_registration_country,parent_headquarter_country,overall_share_percent,ownership_path,ownership_path_datasource_ids,immediate_source_owner,immediate_source_owner_entity_id,source_operator,source_operator_id,source_id,source_name,source_sector,source_subsector
,,,,,,,,,,,,Air New Zealand; Solomon Airlines; Singapore Airlines; Malaysia Airlines; Fiji Airways,E100002014309; E100002014921; E100002014895; E100002014733; E100002014558,3165475,Adelaide International Airport,transportation,international-aviation
,,,,,,,,,,,,Qatar Airways,E100002014831,3165666,Avalon Airport,transportation,international-aviation
,,,,,,,,,,,,United Airlines; FlexFlight; Qatar Airways; Cathay Pacific Airways; Air New Zealand; China Airlines; EVA Airways; Singapore Airlines; Batik Air Malaysia; Malaysia Airlines; Malindo Airways; Air Vanuatu; Philippine Airlines; Emirates; Air Caledonie International; Air Canada; Fiji Airways; Nauru Airlines; Pacific Air Express,E100002015025; E100002014565; E100002014831; E100002014465; E100002014309; E100002014478; E100002014549; E100002014895; E100002014420; E100002014733; E100002014735; E100002014332; E100002014816; E100002014537; E100002014266; E100002014267; E100002014558; E100002014762; E100002014797,3165860,Brisbane International Airport,transportation,international-aviation
,,,,,,,,,,,,Air New Zealand; Singapore Airlines,E100002014309; E100002014895,3166177,Cairns International Airport,transportation,international-aviation
,,,,,,,,,,,,Cathay Pacific Airways; Singapore Airlines; Jetstar Asia,E100002014465; E100002014895; E100002014674,3166418,Darwin International Airport / RAAF Darwin,transportation,international-aviation
,,,,,,,,,,,,Air New Zealand; Scoot,E100002014309; E100002014873,3168451,Gold Coast Airport,transportation,international-aviation
,,,,,,,,,,,,Air New Zealand,E100002014309,3166888,Hobart International Airport,transportation,international-aviation
,,,,,,,,,,,,China Eastern Airlines; China Southern Airlines; United Airlines; Etihad Airways; Air India; Japan Airlines; Air New Zealand; Garuda Indonesia; China Airlines; Singapore Airlines; Batik Air Malaysia; Malaysia Airlines; Malindo Airways; Air Vanuatu; Philippine Airlines; Pakistan International Airlines; Airasia X; Emirates; Thai Airways International; Bamboo Airways; Fiji Airways; Thai Air Asia X; Scoot; Royal Brunei Airlines,E100002014481; E100002014484; E100002015025; E100002014545; E100002014292; E100002014663; E100002014309; E100002014597; E100002014478; E100002014895; E100002014420; E100002014733; E100002014735; E100002014332; E100002014816; E100002014800; E100002014336; E100002014537; E100002014977; E100002014416; E100002014558; E100002014975; E100002014873; E100002014851,3167934,Melbourne Airport,transportation,international-aviation
,,,,,,,,,,,,Batik Air; Qatar Airways; Cathay Pacific Airways; Vietnam Airlines; Xiamen Airlines; Air New Zealand; Garuda Indonesia; Singapore Airlines; Batik Air Malaysia; Malaysia Airlines; Malindo Airways; Indonesia AirAsia; Airasia X; Emirates; Thai Airways International; Air Mauritius; Scoot; Jetstar Asia,E100002014419; E100002014831; E100002014465; E100002015039; E100002015070; E100002014309; E100002014597; E100002014895; E100002014420; E100002014733; E100002014735; E100002014648; E100002014336; E100002014537; E100002014977; E100002014305; E100002014873; E100002014674,3168563,Perth International Airport,transportation,international-aviation
,,,,,,,,,,,,Royal Brunei Airlines,E100002014851,3168931,Rockhampton Airport,transportation,international-aviation
,,,,,,,,,,,,Air New Zealand,E100002014309,3167912,Sunshine Coast Airport,transportation,international-aviation
,,,,,,,,,,,,China Eastern Airlines; China Southern Airlines; American Airlines; Delta Air Lines Inc; United Airlines; British Airways; Vietnam Airlines; LATAM Airlines Group; Hainan Airlines; Etihad Airways; Air India; All Nippon Airways; Japan Airlines; Air New Zealand; Garuda Indonesia; Asiana Airlines; China Airlines; Korean Air; Singapore Airlines; Batik Air Malaysia; Malaysia Airlines; Hawaiian Airlines; Air Vanuatu; Philippine Airlines; Cebu Pacific Air; Pakistan International Airlines; Airasia X; Emirates; Thai Airways International; Bamboo Airways; Air Niugini; Air Caledonie International; Air Canada; Fiji Airways; Thai Air Asia X; Tasman Cargo Airlines; Scoot; Tway Air,E100002014481; E100002014484; E100002014369; E100002013851; E100002015025; E100002014442; E100002015039; E100002014710; E100002014620; E100002014545; E100002014292; E100002014358; E100002014663; E100002014309; E100002014597; E100002014383; E100002014478; E100002014697; E100002014895; E100002014420; E100002014733; E100002014622; E100002014332; E100002014816; E100002014468; E100002014800; E100002014336; E100002014537; E100002014977; E100002014416; E100002014310; E100002014266; E100002014267; E100002014558; E100002014975; E100002014970; E100002014873; E100002015017,3169293,Sydney Kingsford Smith International Airport,transportation,international-aviation
