iso3_country,sector,subsector,start_time,end_time,gas,emissions_quantity,emissions_quantity_units,temporal_granularity,created_date,modified_date
AUS,transportation,international-aviation,2015-01-01 00:00:00,2015-12-31 00:00:00,co2,12631279.36166415,,annual,,
AUS,transportation,international-aviation,2016-01-01 00:00:00,2016-12-31 00:00:00,co2,13888775.03677961,,annual,,
AUS,transportation,international-aviation,2017-01-01 00:00:00,2017-12-31 00:00:00,co2,14840228.993124744,,annual,,
AUS,transportation,international-aviation,2018-01-01 00:00:00,2018-12-31 00:00:00,co2,15616243.419559848,,annual,,
AUS,transportation,international-aviation,2019-01-01 00:00:00,2019-12-31 00:00:00,co2,15093571.217672782,,annual,,
AUS,transportation,international-aviation,2020-01-01 00:00:00,2020-12-31 00:00:00,co2,5238837.399264365,,annual,,
AUS,transportation,international-aviation,2021-01-01 00:00:00,2021-12-31 00:00:00,co2,3249912.2318642964,,annual,,
AUS,transportation,international-aviation,2022-01-01 00:00:00,2022-12-31 00:00:00,co2,7281893.79842856,,annual,,
AUS,transportation,international-aviation,2023-01-01 00:00:00,2023-12-31 00:00:00,co2,11864828.785792354,,annual,,
AUS,transportation,international-aviation,2024-01-01 00:00:00,2024-12-31 00:00:00,co2,13626985.541895552,,annual,,
AUS,transportation,international-aviation,2025-01-01 00:00:00,2025-12-31 00:00:00,co2,7166428.290082756,,annual,,
