iso3_country,sector,subsector,start_time,end_time,gas,emissions_quantity,emissions_quantity_units,temporal_granularity,created_date,modified_date
AUS,transportation,international-shipping,2015-01-01 00:00:00,2015-12-31 00:00:00,co2,14165492.824620675,,annual,,
AUS,transportation,international-shipping,2016-01-01 00:00:00,2016-12-31 00:00:00,co2,16010616.455345608,,annual,,
AUS,transportation,international-shipping,2017-01-01 00:00:00,2017-12-31 00:00:00,co2,17353519.185207833,,annual,,
AUS,transportation,international-shipping,2018-01-01 00:00:00,2018-12-31 00:00:00,co2,18390772.35607047,,annual,,
AUS,transportation,international-shipping,2019-01-01 00:00:00,2019-12-31 00:00:00,co2,18999180.124086957,,annual,,
AUS,transportation,international-shipping,2020-01-01 00:00:00,2020-12-31 00:00:00,co2,19064353.628157653,,annual,,
AUS,transportation,international-shipping,2021-01-01 00:00:00,2021-12-31 00:00:00,co2,21781391.120482706,,annual,,
AUS,transportation,international-shipping,2022-01-01 00:00:00,2022-12-31 00:00:00,co2,22287185.607416306,,annual,,
AUS,transportation,international-shipping,2023-01-01 00:00:00,2023-12-31 00:00:00,co2,21888768.9675483,,annual,,
AUS,transportation,international-shipping,2024-01-01 00:00:00,2024-12-31 00:00:00,co2,20766844.9200609,,annual,,
AUS,transportation,international-shipping,2025-01-01 00:00:00,2025-12-31 00:00:00,co2,9313667.452899069,,annual,,
