iso3_country,sector,subsector,start_time,end_time,gas,emissions_quantity,emissions_quantity_units,temporal_granularity,created_date,modified_date
AUS,transportation,other-transport,2015-01-01 00:00:00,2015-12-31 00:00:00,co2,1173382.9700000002,,annual,,
AUS,transportation,other-transport,2016-01-01 00:00:00,2016-12-31 00:00:00,co2,1286815.847,,annual,,
AUS,transportation,other-transport,2017-01-01 00:00:00,2017-12-31 00:00:00,co2,1273498.512,,annual,,
AUS,transportation,other-transport,2018-01-01 00:00:00,2018-12-31 00:00:00,co2,1361018.3690000002,,annual,,
AUS,transportation,other-transport,2019-01-01 00:00:00,2019-12-31 00:00:00,co2,1516150.041000001,,annual,,
AUS,transportation,other-transport,2020-01-01 00:00:00,2020-12-31 00:00:00,co2,1441553.9400000004,,annual,,
AUS,transportation,other-transport,2021-01-01 00:00:00,2021-12-31 00:00:00,co2,1509185.7170000004,,annual,,
AUS,transportation,other-transport,2022-01-01 00:00:00,2022-12-31 00:00:00,co2,1592148.8510000005,,annual,,
AUS,transportation,other-transport,2023-01-01 00:00:00,2023-12-31 00:00:00,co2,1566288.0480000004,,annual,,
AUS,transportation,other-transport,2024-01-01 00:00:00,2024-12-31 00:00:00,co2,1566288.0480000004,,annual,,
AUS,transportation,other-transport,2025-01-01 00:00:00,2025-12-31 00:00:00,co2,783144.0240000002,,annual,,
