iso3_country,sector,subsector,start_time,end_time,gas,emissions_quantity,emissions_quantity_units,temporal_granularity,created_date,modified_date
AUS,transportation,railways,2015-01-01 00:00:00,2015-12-31 00:00:00,co2,3222251.135,,annual,,
AUS,transportation,railways,2016-01-01 00:00:00,2016-12-31 00:00:00,co2,3315736.6400000006,,annual,,
AUS,transportation,railways,2017-01-01 00:00:00,2017-12-31 00:00:00,co2,3459912.2840000005,,annual,,
AUS,transportation,railways,2018-01-01 00:00:00,2018-12-31 00:00:00,co2,3536744.0030000005,,annual,,
AUS,transportation,railways,2019-01-01 00:00:00,2019-12-31 00:00:00,co2,3538254.187000001,,annual,,
AUS,transportation,railways,2020-01-01 00:00:00,2020-12-31 00:00:00,co2,3473796.147000001,,annual,,
AUS,transportation,railways,2021-01-01 00:00:00,2021-12-31 00:00:00,co2,3618461.987000001,,annual,,
AUS,transportation,railways,2022-01-01 00:00:00,2022-12-31 00:00:00,co2,3578563.526000001,,annual,,
AUS,transportation,railways,2023-01-01 00:00:00,2023-12-31 00:00:00,co2,3786881.8,,annual,,
AUS,transportation,railways,2024-01-01 00:00:00,2024-12-31 00:00:00,co2,3786881.800000001,,annual,,
AUS,transportation,railways,2025-01-01 00:00:00,2025-12-31 00:00:00,co2,1893440.9000000008,,annual,,
