iso3_country,sector,subsector,start_time,end_time,gas,emissions_quantity,emissions_quantity_units,temporal_granularity,created_date,modified_date
AUS,transportation,road-transportation,2015-01-01 00:00:00,2015-12-31 00:00:00,co2,111267489.07460631,,annual,,
AUS,transportation,road-transportation,2016-01-01 00:00:00,2016-12-31 00:00:00,co2,112272431.21353307,,annual,,
AUS,transportation,road-transportation,2017-01-01 00:00:00,2017-12-31 00:00:00,co2,113831585.98520644,,annual,,
AUS,transportation,road-transportation,2018-01-01 00:00:00,2018-12-31 00:00:00,co2,116705553.34355052,,annual,,
AUS,transportation,road-transportation,2019-01-01 00:00:00,2019-12-31 00:00:00,co2,116836724.45120928,,annual,,
AUS,transportation,road-transportation,2020-01-01 00:00:00,2020-12-31 00:00:00,co2,109983897.38686356,,annual,,
AUS,transportation,road-transportation,2021-01-01 00:00:00,2021-12-31 00:00:00,co2,108011580.94514568,,annual,,
AUS,transportation,road-transportation,2022-01-01 00:00:00,2022-12-31 00:00:00,co2,108687628.85227214,,annual,,
AUS,transportation,road-transportation,2023-01-01 00:00:00,2023-12-31 00:00:00,co2,109682836.70266671,,annual,,
AUS,transportation,road-transportation,2024-01-01 00:00:00,2024-12-31 00:00:00,co2,111907600.0271274,,annual,,
AUS,transportation,road-transportation,2025-01-01 00:00:00,2025-12-31 00:00:00,co2,55953038.40060126,,annual,,
