parent_name,parent_entity_id,parent_entity_type,parent_lei,parent_permid,parent_registration_country,parent_headquarter_country,overall_share_percent,ownership_path,ownership_path_datasource_ids,immediate_source_owner,immediate_source_owner_entity_id,source_operator,source_operator_id,source_id,source_name,source_sector,source_subsector
Blackrock Advisors LLC,E100001015833,legal entity,5493001LN9MRM6A35J74,4296341404,,,,Blackrock Advisors LLC -> BlackRock Inc [5.07%] -> Rio Tinto PLC [8.38%] -> Amrun Mine [unknown %],108147.0,Rio Tinto PLC,E100000001119,,,42233031,Amrun Mine,mineral-extraction,bauxite-mining
small shareholder(s) ,E100001015587,unknown entity,not applicable,not applicable,,,,small shareholder(s)  -> Rio Tinto PLC [77.6%] -> Amrun Mine [unknown %],,Rio Tinto PLC,E100000001119,,,42233031,Amrun Mine,mineral-extraction,bauxite-mining
Shining Prospect Pte Ltd,E100001016292,legal entity,9845006D3Q7084448980,4297766835,SGP,SGP,,Shining Prospect Pte Ltd -> Rio Tinto PLC [14.02%] -> Amrun Mine [unknown %],,Rio Tinto PLC,E100000001119,,,42233031,Amrun Mine,mineral-extraction,bauxite-mining
Rio Tinto PLC,E100000001119,legal entity,213800YOEO5OQ72G2R82,4295894786,GBR,GBR,,Rio Tinto PLC -> Amrun Mine [unknown %],,Rio Tinto PLC,E100000001119,,,42233031,Amrun Mine,mineral-extraction,bauxite-mining
BlackRock Inc,E100001000348,legal entity,549300LRIF3NWCU26A80,4295900990,USA,USA,,BlackRock Inc -> Rio Tinto PLC [8.38%] -> Amrun Mine [unknown %],,Rio Tinto PLC,E100000001119,,,42233031,Amrun Mine,mineral-extraction,bauxite-mining
The Vanguard Group Inc,E100001010595,legal entity,5493002789CX3L0CJP65,4297651992,USA,USA,,The Vanguard Group Inc -> BlackRock Inc [8.66%] -> Rio Tinto PLC [8.38%] -> Amrun Mine [unknown %],108147.0,Rio Tinto PLC,E100000001119,,,42233031,Amrun Mine,mineral-extraction,bauxite-mining
Blackrock Advisors LLC,E100001015833,legal entity,5493001LN9MRM6A35J74,4296341404,,,,Blackrock Advisors LLC -> BlackRock Inc [5.07%] -> Rio Tinto PLC [8.38%] -> Andoom Mine [unknown %],108147.0,Rio Tinto PLC,E100000001119,,,42233032,Andoom Mine,mineral-extraction,bauxite-mining
small shareholder(s) ,E100001015587,unknown entity,not applicable,not applicable,,,,small shareholder(s)  -> Rio Tinto PLC [77.6%] -> Andoom Mine [unknown %],,Rio Tinto PLC,E100000001119,,,42233032,Andoom Mine,mineral-extraction,bauxite-mining
Shining Prospect Pte Ltd,E100001016292,legal entity,9845006D3Q7084448980,4297766835,SGP,SGP,,Shining Prospect Pte Ltd -> Rio Tinto PLC [14.02%] -> Andoom Mine [unknown %],,Rio Tinto PLC,E100000001119,,,42233032,Andoom Mine,mineral-extraction,bauxite-mining
Rio Tinto PLC,E100000001119,legal entity,213800YOEO5OQ72G2R82,4295894786,GBR,GBR,,Rio Tinto PLC -> Andoom Mine [unknown %],,Rio Tinto PLC,E100000001119,,,42233032,Andoom Mine,mineral-extraction,bauxite-mining
BlackRock Inc,E100001000348,legal entity,549300LRIF3NWCU26A80,4295900990,USA,USA,,BlackRock Inc -> Rio Tinto PLC [8.38%] -> Andoom Mine [unknown %],,Rio Tinto PLC,E100000001119,,,42233032,Andoom Mine,mineral-extraction,bauxite-mining
The Vanguard Group Inc,E100001010595,legal entity,5493002789CX3L0CJP65,4297651992,USA,USA,,The Vanguard Group Inc -> BlackRock Inc [8.66%] -> Rio Tinto PLC [8.38%] -> Andoom Mine [unknown %],108147.0,Rio Tinto PLC,E100000001119,,,42233032,Andoom Mine,mineral-extraction,bauxite-mining
Australian Bauxite Ltd,E100002011076,,,,,,,Australian Bauxite Ltd -> Bald Hill Mine [unknown %],,Australian Bauxite Ltd,E100002011076,,,42233033,Bald Hill Mine,mineral-extraction,bauxite-mining
Metro Mining Ltd,E100002011077,,,,,,,Metro Mining Ltd -> Bauxite Hills Mine [unknown %],,Metro Mining Ltd,E100002011077,,,42233034,Bauxite Hills Mine,mineral-extraction,bauxite-mining
Blackrock Advisors LLC,E100001015833,legal entity,5493001LN9MRM6A35J74,4296341404,,,,Blackrock Advisors LLC -> BlackRock Inc [5.07%] -> Rio Tinto PLC [8.38%] -> Gove Mine [unknown %],108147.0,Rio Tinto PLC,E100000001119,,,42233035,Gove Mine,mineral-extraction,bauxite-mining
small shareholder(s) ,E100001015587,unknown entity,not applicable,not applicable,,,,small shareholder(s)  -> Rio Tinto PLC [77.6%] -> Gove Mine [unknown %],,Rio Tinto PLC,E100000001119,,,42233035,Gove Mine,mineral-extraction,bauxite-mining
Shining Prospect Pte Ltd,E100001016292,legal entity,9845006D3Q7084448980,4297766835,SGP,SGP,,Shining Prospect Pte Ltd -> Rio Tinto PLC [14.02%] -> Gove Mine [unknown %],,Rio Tinto PLC,E100000001119,,,42233035,Gove Mine,mineral-extraction,bauxite-mining
Rio Tinto PLC,E100000001119,legal entity,213800YOEO5OQ72G2R82,4295894786,GBR,GBR,,Rio Tinto PLC -> Gove Mine [unknown %],,Rio Tinto PLC,E100000001119,,,42233035,Gove Mine,mineral-extraction,bauxite-mining
BlackRock Inc,E100001000348,legal entity,549300LRIF3NWCU26A80,4295900990,USA,USA,,BlackRock Inc -> Rio Tinto PLC [8.38%] -> Gove Mine [unknown %],,Rio Tinto PLC,E100000001119,,,42233035,Gove Mine,mineral-extraction,bauxite-mining
The Vanguard Group Inc,E100001010595,legal entity,5493002789CX3L0CJP65,4297651992,USA,USA,,The Vanguard Group Inc -> BlackRock Inc [8.66%] -> Rio Tinto PLC [8.38%] -> Gove Mine [unknown %],108147.0,Rio Tinto PLC,E100000001119,,,42233035,Gove Mine,mineral-extraction,bauxite-mining
Metallica Minerals Ltd,E100002011078,,,,,,,Metallica Minerals Ltd -> Hey Point Mine [unknown %],,Metallica Minerals Ltd,E100002011078,,,42233036,Hey Point Mine,mineral-extraction,bauxite-mining
Alcoa Corp,E100001000636,legal entity,549300T12EZ1F6PWWU29,5051045063,USA,USA,,Alcoa Corp -> Huntly Mine [unknown %],,Alcoa Corp,E100001000636,Alcoa World Alumina & Chemicals,E100002012118,42233037,Huntly Mine,mineral-extraction,bauxite-mining
Blackrock Advisors LLC,E100001015833,legal entity,5493001LN9MRM6A35J74,4296341404,,,,Blackrock Advisors LLC -> BlackRock Inc [5.07%] -> Alcoa Corp [12.1%] -> Huntly Mine [unknown %],100708.0,Alcoa Corp,E100001000636,Alcoa World Alumina & Chemicals,E100002012118,42233037,Huntly Mine,mineral-extraction,bauxite-mining
Allan Gray Australia Pty Ltd,E100002010596,legal entity,549300UTMGTU1R96AJ14,5000286444,AUS,AUS,,Allan Gray Australia Pty Ltd -> Alcoa Corp [6.2%] -> Huntly Mine [unknown %],,Alcoa Corp,E100001000636,Alcoa World Alumina & Chemicals,E100002012118,42233037,Huntly Mine,mineral-extraction,bauxite-mining
Eagle Capital Management LLC,E100002010594,legal entity,not found,not found,USA,USA,,Eagle Capital Management LLC -> Alcoa Corp [5.98%] -> Huntly Mine [unknown %],,Alcoa Corp,E100001000636,Alcoa World Alumina & Chemicals,E100002012118,42233037,Huntly Mine,mineral-extraction,bauxite-mining
small shareholder(s) ,E100001015587,unknown entity,not applicable,not applicable,,,,small shareholder(s)  -> Alcoa Corp [65.66%] -> Huntly Mine [unknown %],,Alcoa Corp,E100001000636,Alcoa World Alumina & Chemicals,E100002012118,42233037,Huntly Mine,mineral-extraction,bauxite-mining
BlackRock Inc,E100001000348,legal entity,549300LRIF3NWCU26A80,4295900990,USA,USA,,BlackRock Inc -> Alcoa Corp [12.1%] -> Huntly Mine [unknown %],,Alcoa Corp,E100001000636,Alcoa World Alumina & Chemicals,E100002012118,42233037,Huntly Mine,mineral-extraction,bauxite-mining
The Vanguard Group Inc,E100001010595,legal entity,5493002789CX3L0CJP65,4297651992,USA,USA,,The Vanguard Group Inc -> Alcoa Corp [10.06%] -> Huntly Mine [unknown %],,Alcoa Corp,E100001000636,Alcoa World Alumina & Chemicals,E100002012118,42233037,Huntly Mine,mineral-extraction,bauxite-mining
Blackrock Advisors LLC,E100001015833,legal entity,5493001LN9MRM6A35J74,4296341404,,,,Blackrock Advisors LLC -> BlackRock Inc [5.07%] -> Rio Tinto PLC [8.38%] -> Weipa-Ely Mine [unknown %],108147.0,Rio Tinto PLC,E100000001119,,,42233038,Weipa-Ely Mine,mineral-extraction,bauxite-mining
small shareholder(s) ,E100001015587,unknown entity,not applicable,not applicable,,,,small shareholder(s)  -> Rio Tinto PLC [77.6%] -> Weipa-Ely Mine [unknown %],,Rio Tinto PLC,E100000001119,,,42233038,Weipa-Ely Mine,mineral-extraction,bauxite-mining
Shining Prospect Pte Ltd,E100001016292,legal entity,9845006D3Q7084448980,4297766835,SGP,SGP,,Shining Prospect Pte Ltd -> Rio Tinto PLC [14.02%] -> Weipa-Ely Mine [unknown %],,Rio Tinto PLC,E100000001119,,,42233038,Weipa-Ely Mine,mineral-extraction,bauxite-mining
Rio Tinto PLC,E100000001119,legal entity,213800YOEO5OQ72G2R82,4295894786,GBR,GBR,,Rio Tinto PLC -> Weipa-Ely Mine [unknown %],,Rio Tinto PLC,E100000001119,,,42233038,Weipa-Ely Mine,mineral-extraction,bauxite-mining
BlackRock Inc,E100001000348,legal entity,549300LRIF3NWCU26A80,4295900990,USA,USA,,BlackRock Inc -> Rio Tinto PLC [8.38%] -> Weipa-Ely Mine [unknown %],,Rio Tinto PLC,E100000001119,,,42233038,Weipa-Ely Mine,mineral-extraction,bauxite-mining
The Vanguard Group Inc,E100001010595,legal entity,5493002789CX3L0CJP65,4297651992,USA,USA,,The Vanguard Group Inc -> BlackRock Inc [8.66%] -> Rio Tinto PLC [8.38%] -> Weipa-Ely Mine [unknown %],108147.0,Rio Tinto PLC,E100000001119,,,42233038,Weipa-Ely Mine,mineral-extraction,bauxite-mining
Alcoa Corp,E100001000636,legal entity,549300T12EZ1F6PWWU29,5051045063,USA,USA,,Alcoa Corp -> Willowdale Mine [unknown %],,Alcoa Corp,E100001000636,Alcoa World Alumina & Chemicals,E100002012118,42233039,Willowdale Mine,mineral-extraction,bauxite-mining
Blackrock Advisors LLC,E100001015833,legal entity,5493001LN9MRM6A35J74,4296341404,,,,Blackrock Advisors LLC -> BlackRock Inc [5.07%] -> Alcoa Corp [12.1%] -> Willowdale Mine [unknown %],100708.0,Alcoa Corp,E100001000636,Alcoa World Alumina & Chemicals,E100002012118,42233039,Willowdale Mine,mineral-extraction,bauxite-mining
Allan Gray Australia Pty Ltd,E100002010596,legal entity,549300UTMGTU1R96AJ14,5000286444,AUS,AUS,,Allan Gray Australia Pty Ltd -> Alcoa Corp [6.2%] -> Willowdale Mine [unknown %],,Alcoa Corp,E100001000636,Alcoa World Alumina & Chemicals,E100002012118,42233039,Willowdale Mine,mineral-extraction,bauxite-mining
Eagle Capital Management LLC,E100002010594,legal entity,not found,not found,USA,USA,,Eagle Capital Management LLC -> Alcoa Corp [5.98%] -> Willowdale Mine [unknown %],,Alcoa Corp,E100001000636,Alcoa World Alumina & Chemicals,E100002012118,42233039,Willowdale Mine,mineral-extraction,bauxite-mining
small shareholder(s) ,E100001015587,unknown entity,not applicable,not applicable,,,,small shareholder(s)  -> Alcoa Corp [65.66%] -> Willowdale Mine [unknown %],,Alcoa Corp,E100001000636,Alcoa World Alumina & Chemicals,E100002012118,42233039,Willowdale Mine,mineral-extraction,bauxite-mining
BlackRock Inc,E100001000348,legal entity,549300LRIF3NWCU26A80,4295900990,USA,USA,,BlackRock Inc -> Alcoa Corp [12.1%] -> Willowdale Mine [unknown %],,Alcoa Corp,E100001000636,Alcoa World Alumina & Chemicals,E100002012118,42233039,Willowdale Mine,mineral-extraction,bauxite-mining
The Vanguard Group Inc,E100001010595,legal entity,5493002789CX3L0CJP65,4297651992,USA,USA,,The Vanguard Group Inc -> Alcoa Corp [10.06%] -> Willowdale Mine [unknown %],,Alcoa Corp,E100001000636,Alcoa World Alumina & Chemicals,E100002012118,42233039,Willowdale Mine,mineral-extraction,bauxite-mining
Blackrock Advisors LLC,E100001015833,legal entity,5493001LN9MRM6A35J74,4296341404,,,,Blackrock Advisors LLC -> BlackRock Inc [5.07%] -> South32 Ltd [6.84%] -> Worsley Operation [unknown %],109656.0,South32 Ltd,E100001010133,South32 Worsley Alumina Ltd,E100000121326,42233040,Worsley Operation,mineral-extraction,bauxite-mining
small shareholder(s) ,E100001015587,unknown entity,not applicable,not applicable,,,,small shareholder(s)  -> South32 Ltd [88.08%] -> Worsley Operation [unknown %],,South32 Ltd,E100001010133,South32 Worsley Alumina Ltd,E100000121326,42233040,Worsley Operation,mineral-extraction,bauxite-mining
South32 Ltd,E100001010133,legal entity,213800LAZNPXSBKVHR17,5000260289,AUS,AUS,,South32 Ltd -> Worsley Operation [unknown %],,South32 Ltd,E100001010133,South32 Worsley Alumina Ltd,E100000121326,42233040,Worsley Operation,mineral-extraction,bauxite-mining
BlackRock Inc,E100001000348,legal entity,549300LRIF3NWCU26A80,4295900990,USA,USA,,BlackRock Inc -> South32 Ltd [6.84%] -> Worsley Operation [unknown %],,South32 Ltd,E100001010133,South32 Worsley Alumina Ltd,E100000121326,42233040,Worsley Operation,mineral-extraction,bauxite-mining
The Vanguard Group Inc,E100001010595,legal entity,5493002789CX3L0CJP65,4297651992,USA,USA,,The Vanguard Group Inc -> South32 Ltd [5.08%] -> Worsley Operation [unknown %],,South32 Ltd,E100001010133,South32 Worsley Alumina Ltd,E100000121326,42233040,Worsley Operation,mineral-extraction,bauxite-mining
