parent_name,parent_entity_id,parent_entity_type,parent_lei,parent_permid,parent_registration_country,parent_headquarter_country,overall_share_percent,ownership_path,ownership_path_datasource_ids,immediate_source_owner,immediate_source_owner_entity_id,source_operator,source_operator_id,source_id,source_name,source_sector,source_subsector
BlackRock Inc,E100001000348,legal entity,549300LRIF3NWCU26A80,4295900990,USA,USA,,BlackRock Inc -> BHP Group Ltd [6.9%] -> Ankata Mine [unknown %],,BHP Group Ltd,E100000000015,,,42233296,Ankata Mine,mineral-extraction,copper-mining
Dodge & Cox ,E100001015644,legal entity,549300SV2HIB7EJR0U84,5000666594,USA,USA,,Dodge & Cox  -> State Street Corp [6.6%] -> BHP Group Ltd [5.08%] -> Ankata Mine [unknown %],108594,BHP Group Ltd,E100000000015,,,42233296,Ankata Mine,mineral-extraction,copper-mining
State Street Corp,E100001010596,legal entity,549300ZFEEJ2IP5VME73,4295904976,USA,USA,,State Street Corp -> BHP Group Ltd [5.08%] -> Ankata Mine [unknown %],,BHP Group Ltd,E100000000015,,,42233296,Ankata Mine,mineral-extraction,copper-mining
small shareholder(s) ,E100001015587,unknown entity,not applicable,not applicable,,,,small shareholder(s)  -> BHP Group Ltd [unknown %] -> Ankata Mine [unknown %],,BHP Group Ltd,E100000000015,,,42233296,Ankata Mine,mineral-extraction,copper-mining
BHP Group Ltd,E100000000015,legal entity,WZE1WSENV6JSZFK0JC28,4295856983,AUS,AUS,,BHP Group Ltd -> Ankata Mine [unknown %],,BHP Group Ltd,E100000000015,,,42233296,Ankata Mine,mineral-extraction,copper-mining
The Vanguard Group Inc,E100001010595,legal entity,5493002789CX3L0CJP65,4297651992,USA,USA,,The Vanguard Group Inc -> BHP Group Ltd [5.36%] -> Ankata Mine [unknown %],,BHP Group Ltd,E100000000015,,,42233296,Ankata Mine,mineral-extraction,copper-mining
Blackrock Advisors LLC,E100001015833,legal entity,5493001LN9MRM6A35J74,4296341404,,,,Blackrock Advisors LLC -> BlackRock Inc [5.07%] -> BHP Group Ltd [6.9%] -> Ankata Mine [unknown %],108592,BHP Group Ltd,E100000000015,,,42233296,Ankata Mine,mineral-extraction,copper-mining
Citigroup Global Markets Australia Pte Ltd,E100001016392,legal entity,,5000053829,AUS,AUS,,Citigroup Global Markets Australia Pte Ltd -> BHP Group Ltd [6.3%] -> Ankata Mine [unknown %],,BHP Group Ltd,E100000000015,,,42233296,Ankata Mine,mineral-extraction,copper-mining
Austral Resources Australia Ltd,E100002010860,,,,,,,Austral Resources Australia Ltd -> Anthill Mine [unknown %],,Austral Resources Australia Ltd,E100002010860,,,42233297,Anthill Mine,mineral-extraction,copper-mining
Lachlan Resources NL ,E100002010861,,,,,,,Lachlan Resources NL  -> Balcooma Mine [unknown %],,Lachlan Resources NL ,E100002010861,Aurora Metals Ltd,E100002010867,42233298,Balcooma Mine,mineral-extraction,copper-mining
Newmont Corp,E100000001597,legal entity,549300VSP3RIX7FGDZ51,4295904618,USA,USA,,Newmont Corp -> Boddington Mine [unknown %],,Newmont Corp,E100000001597,,,42233301,Boddington Mine,mineral-extraction,copper-mining
Shenzhen Zhongjin Lingnan Nonfemet Co Ltd,E100002010862,,,,,,,Shenzhen Zhongjin Lingnan Nonfemet Co Ltd -> Broken Hill Operation [unknown %],,Shenzhen Zhongjin Lingnan Nonfemet Co Ltd,E100002010862,,,42233347,Broken Hill Operation,mineral-extraction,copper-mining
Metal Acquisition Corp,E100002010864,,,,,,,Metal Acquisition Corp -> CSA Mine [unknown %],,Metal Acquisition Corp,E100002010864,Cobar Management Pty Ltd,E100002013654,42233307,CSA Mine,mineral-extraction,copper-mining
Newmont Corp,E100000001597,legal entity,549300VSP3RIX7FGDZ51,4295904618,USA,USA,,Newmont Corp -> Newcrest Mining Ltd [unknown %] -> Cadia Valley Operation [unknown %],,Newcrest Mining Ltd,E100001011230,Cadia Holdings Pty Ltd,E100002013653,42233302,Cadia East Mine,mineral-extraction,copper-mining
29Metals Ltd,E100002010863,,,,,,,29Metals Ltd -> Capricorn Mine [unknown %],,29Metals Ltd,E100002010863,,,42233304,Capricorn Mine,mineral-extraction,copper-mining
The Vanguard Group Inc,E100001010595,legal entity,5493002789CX3L0CJP65,4297651992,USA,USA,,The Vanguard Group Inc -> BHP Group Ltd [5.36%] -> Carrapateena Mine [unknown %],,BHP Group Ltd,E100000000015,,,42233305,Carrapateena Mine,mineral-extraction,copper-mining
Blackrock Advisors LLC,E100001015833,legal entity,5493001LN9MRM6A35J74,4296341404,,,,Blackrock Advisors LLC -> BlackRock Inc [5.07%] -> BHP Group Ltd [6.9%] -> Carrapateena Mine [unknown %],108592,BHP Group Ltd,E100000000015,,,42233305,Carrapateena Mine,mineral-extraction,copper-mining
Citigroup Global Markets Australia Pte Ltd,E100001016392,legal entity,,5000053829,AUS,AUS,,Citigroup Global Markets Australia Pte Ltd -> BHP Group Ltd [6.3%] -> Carrapateena Mine [unknown %],,BHP Group Ltd,E100000000015,,,42233305,Carrapateena Mine,mineral-extraction,copper-mining
Dodge & Cox ,E100001015644,legal entity,549300SV2HIB7EJR0U84,5000666594,USA,USA,,Dodge & Cox  -> State Street Corp [6.6%] -> BHP Group Ltd [5.08%] -> Carrapateena Mine [unknown %],108594,BHP Group Ltd,E100000000015,,,42233305,Carrapateena Mine,mineral-extraction,copper-mining
State Street Corp,E100001010596,legal entity,549300ZFEEJ2IP5VME73,4295904976,USA,USA,,State Street Corp -> BHP Group Ltd [5.08%] -> Carrapateena Mine [unknown %],,BHP Group Ltd,E100000000015,,,42233305,Carrapateena Mine,mineral-extraction,copper-mining
small shareholder(s) ,E100001015587,unknown entity,not applicable,not applicable,,,,small shareholder(s)  -> BHP Group Ltd [unknown %] -> Carrapateena Mine [unknown %],,BHP Group Ltd,E100000000015,,,42233305,Carrapateena Mine,mineral-extraction,copper-mining
BlackRock Inc,E100001000348,legal entity,549300LRIF3NWCU26A80,4295900990,USA,USA,,BlackRock Inc -> BHP Group Ltd [6.9%] -> Carrapateena Mine [unknown %],,BHP Group Ltd,E100000000015,,,42233305,Carrapateena Mine,mineral-extraction,copper-mining
BHP Group Ltd,E100000000015,legal entity,WZE1WSENV6JSZFK0JC28,4295856983,AUS,AUS,,BHP Group Ltd -> Carrapateena Mine [unknown %],,BHP Group Ltd,E100000000015,,,42233305,Carrapateena Mine,mineral-extraction,copper-mining
Sandfire Resources Ltd,E100002010866,,,,,,,Sandfire Resources Ltd -> DeGrussa Operation [unknown %],,Sandfire Resources Ltd,E100002010866,,,42233349,DeGrussa Operation,mineral-extraction,copper-mining
Silver Lake Resources Ltd,E100002010865,,,,,,,Silver Lake Resources Ltd -> Deflector Operation [unknown %],,Silver Lake Resources Ltd,E100002010865,,,42233348,Deflector Operation,mineral-extraction,copper-mining
Aurora Metals Ltd,E100002010867,,,,,,,Aurora Metals Ltd -> Dry River South Mine [unknown %],,Aurora Metals Ltd,E100002010867,,,42233308,Dry River South Mine,mineral-extraction,copper-mining
MMG Ltd,E100002010868,,,,,,,MMG Ltd -> Dugald River Mine [unknown %],,MMG Ltd,E100002010868,,,42233309,Dugald River Mine,mineral-extraction,copper-mining
AIC Mines Ltd,E100002010869,,,,,,,AIC Mines Ltd -> Eloise Mine [unknown %],,AIC Mines Ltd,E100002010869,,,42233311,Eloise Mine,mineral-extraction,copper-mining
Evolution Mining ,E100002005563,,,,,,,Evolution Mining  -> Ernest Henry Mine [unknown %],,Evolution Mining ,E100002005563,Ernest Henry Mining Pty Ltd,E100002013655,42233312,Ernest Henry Mine,mineral-extraction,copper-mining
29Metals Ltd,E100002010863,,,,,,,29Metals Ltd -> Golden Grove Mine [unknown %],,29Metals Ltd,E100002010863,Golden Grove Operations Pty Ltd,E100002013656,42233314,Golden Grove Mine,mineral-extraction,copper-mining
NQ Minerals PLC,E100002010870,,,,,,,NQ Minerals PLC -> Hellyer Mine [unknown %],,NQ Minerals PLC,E100002010870,,,42233315,Hellyer Mine,mineral-extraction,copper-mining
Aurelia Metals Ltd,E100002010871,,,,,,,Aurelia Metals Ltd -> Hera Mine [unknown %],,Aurelia Metals Ltd,E100002010871,Hera Resources Pty Ltd,E100002013657,42233316,Hera Mine,mineral-extraction,copper-mining
Aeris Resources Ltd,E100002011926,legal entity,,,,,,Aeris Resources Ltd -> Jaguar Mine [unknown %],,Aeris Resources Ltd,E100002011926,Round Oak Minerals Pty Ltd,E100002013658,42233317,Jaguar Mine,mineral-extraction,copper-mining
Hillgrove Resources Ltd,E100002010872,,,,,,,Hillgrove Resources Ltd -> Kanmantoo Mine [unknown %],,Hillgrove Resources Ltd,E100002010872,Hillgrove Copper Pty Ltd,E100002013659,42233318,Kanmantoo Mine,mineral-extraction,copper-mining
Tembo Capital Group ,E100002010873,,,,,,,Tembo Capital Group  -> Lanfranchi Mine [unknown %],,Tembo Capital Group ,E100002010873,,,42233320,Lanfranchi Mine,mineral-extraction,copper-mining
Aeris Resources Ltd,E100002011926,legal entity,,,,,,Aeris Resources Ltd -> Larsens/Hartmans/North East Mine [unknown %],,Aeris Resources Ltd,E100002011926,,,42233321,Larsens/Hartmans/North East Mine,mineral-extraction,copper-mining
Wyloo Metals Pty Ltd,E100002010876,,,,,,,Wyloo Metals Pty Ltd -> Northern Operations [unknown %],,Wyloo Metals Pty Ltd,E100002010876,,,42233322,Long Mine,mineral-extraction,copper-mining
The Vanguard Group Inc,E100001010595,legal entity,5493002789CX3L0CJP65,4297651992,USA,USA,,The Vanguard Group Inc -> BHP Group Ltd [5.36%] -> Malu Mine [unknown %],,BHP Group Ltd,E100000000015,,,42233323,Malu Mine,mineral-extraction,copper-mining
Blackrock Advisors LLC,E100001015833,legal entity,5493001LN9MRM6A35J74,4296341404,,,,Blackrock Advisors LLC -> BlackRock Inc [5.07%] -> BHP Group Ltd [6.9%] -> Malu Mine [unknown %],108592,BHP Group Ltd,E100000000015,,,42233323,Malu Mine,mineral-extraction,copper-mining
Citigroup Global Markets Australia Pte Ltd,E100001016392,legal entity,,5000053829,AUS,AUS,,Citigroup Global Markets Australia Pte Ltd -> BHP Group Ltd [6.3%] -> Malu Mine [unknown %],,BHP Group Ltd,E100000000015,,,42233323,Malu Mine,mineral-extraction,copper-mining
BHP Group Ltd,E100000000015,legal entity,WZE1WSENV6JSZFK0JC28,4295856983,AUS,AUS,,BHP Group Ltd -> Malu Mine [unknown %],,BHP Group Ltd,E100000000015,,,42233323,Malu Mine,mineral-extraction,copper-mining
Dodge & Cox ,E100001015644,legal entity,549300SV2HIB7EJR0U84,5000666594,USA,USA,,Dodge & Cox  -> State Street Corp [6.6%] -> BHP Group Ltd [5.08%] -> Malu Mine [unknown %],108594,BHP Group Ltd,E100000000015,,,42233323,Malu Mine,mineral-extraction,copper-mining
State Street Corp,E100001010596,legal entity,549300ZFEEJ2IP5VME73,4295904976,USA,USA,,State Street Corp -> BHP Group Ltd [5.08%] -> Malu Mine [unknown %],,BHP Group Ltd,E100000000015,,,42233323,Malu Mine,mineral-extraction,copper-mining
small shareholder(s) ,E100001015587,unknown entity,not applicable,not applicable,,,,small shareholder(s)  -> BHP Group Ltd [unknown %] -> Malu Mine [unknown %],,BHP Group Ltd,E100000000015,,,42233323,Malu Mine,mineral-extraction,copper-mining
BlackRock Inc,E100001000348,legal entity,549300LRIF3NWCU26A80,4295900990,USA,USA,,BlackRock Inc -> BHP Group Ltd [6.9%] -> Malu Mine [unknown %],,BHP Group Ltd,E100000000015,,,42233323,Malu Mine,mineral-extraction,copper-mining
Navarre Minerals Ltd,E100002010874,,,,,,,Navarre Minerals Ltd -> Mount Carlton Mine [unknown %],,Navarre Minerals Ltd,E100002010874,,,42233326,Mount Carlton Mine,mineral-extraction,copper-mining
Aeris Resources Ltd,E100002011926,legal entity,,,,,,Aeris Resources Ltd -> Mount Colin Mine [unknown %],,Aeris Resources Ltd,E100002011926,,,42233327,Mount Colin Mine,mineral-extraction,copper-mining
Aurora Metals Ltd,E100002010867,,,,,,,Aurora Metals Ltd -> Mount Garnet Mine [unknown %],,Aurora Metals Ltd,E100002010867,Aurora Metals Ltd,E100002010867,42233328,Mount Garnet Mine,mineral-extraction,copper-mining
Blackrock Advisors LLC,E100001015833,legal entity,5493001LN9MRM6A35J74,4296341404,,,,Blackrock Advisors LLC -> BlackRock Inc [5.07%] -> Glencore PLC [7.29%] -> Mount Isa Operation [unknown %],108350,Glencore PLC,E100001000400,,,42233350,Mount Isa Operation,mineral-extraction,copper-mining
The Capital Group Companies Inc,E100001000901,legal entity,5493007PLZSLIFWICM52,5000006076,USA,USA,,The Capital Group Companies Inc -> Glencore PLC [5.19%] -> Mount Isa Operation [unknown %],,Glencore PLC,E100001000400,,,42233350,Mount Isa Operation,mineral-extraction,copper-mining
Qatar Holding LLC,E100001000330,legal entity,549300ZQMTBNHCK6R412,5035487758,QAT,QAT,,Qatar Holding LLC -> Glencore PLC [8.57%] -> Mount Isa Operation [unknown %],,Glencore PLC,E100001000400,,,42233350,Mount Isa Operation,mineral-extraction,copper-mining
Glencore PLC,E100001000400,legal entity,2138002658CPO9NBH955,5034844193,JEY,CHE,,Glencore PLC -> Mount Isa Operation [unknown %],,Glencore PLC,E100001000400,,,42233350,Mount Isa Operation,mineral-extraction,copper-mining
small shareholder(s) ,E100001015587,unknown entity,not applicable,not applicable,,,,small shareholder(s)  -> Glencore PLC [69.02%] -> Mount Isa Operation [unknown %],,Glencore PLC,E100001000400,,,42233350,Mount Isa Operation,mineral-extraction,copper-mining
BlackRock Inc,E100001000348,legal entity,549300LRIF3NWCU26A80,4295900990,USA,USA,,BlackRock Inc -> Glencore PLC [7.29%] -> Mount Isa Operation [unknown %],,Glencore PLC,E100001000400,,,42233350,Mount Isa Operation,mineral-extraction,copper-mining
natural person(s) ,E100000123261,person,not applicable,not applicable,,,,natural person(s)  -> Glencore PLC [9.93%] -> Mount Isa Operation [unknown %],,Glencore PLC,E100001000400,,,42233350,Mount Isa Operation,mineral-extraction,copper-mining
The Vanguard Group Inc,E100001010595,legal entity,5493002789CX3L0CJP65,4297651992,USA,USA,,The Vanguard Group Inc -> BlackRock Inc [8.66%] -> Glencore PLC [7.29%] -> Mount Isa Operation [unknown %],108350,Glencore PLC,E100001000400,,,42233350,Mount Isa Operation,mineral-extraction,copper-mining
Government of Qatar ,E100000000839,state,not found,4296555045,,QAT,,Government of Qatar  -> Qatar Investment Authority  [100.0%] -> Qatar Holding LLC [100.0%] -> Glencore PLC [8.57%] -> Mount Isa Operation [unknown %],"5608,109045,108350",Glencore PLC,E100001000400,,,42233350,Mount Isa Operation,mineral-extraction,copper-mining
Qatar Investment Authority ,E100000000845,state body,5493008JZL5CRK3VS565,5000009556,,QAT,,Qatar Investment Authority  -> Qatar Holding LLC [100.0%] -> Glencore PLC [8.57%] -> Mount Isa Operation [unknown %],108350,Glencore PLC,E100001000400,,,42233350,Mount Isa Operation,mineral-extraction,copper-mining
natural person(s) ,E100000123261,person,not applicable,not applicable,,,,natural person(s)  -> Vedanta Inc [100.0%] -> Vedanta Resources Ltd [65.73%] -> Mount Lyell Mine [unknown %],107913,Vedanta Resources Ltd,E100000121514,Copper Mines of Tasmania Pty Ltd,E100002013660,42233329,Mount Lyell Mine,mineral-extraction,copper-mining
Vedanta Inc,E100001010756,legal entity,213800V1LKF52CA44390,5000038595,BHS,BHS,,Vedanta Inc -> Vedanta Resources Ltd [65.73%] -> Mount Lyell Mine [unknown %],,Vedanta Resources Ltd,E100000121514,Copper Mines of Tasmania Pty Ltd,E100002013660,42233329,Mount Lyell Mine,mineral-extraction,copper-mining
Aurora Metals Ltd,E100002010867,,,,,,,Aurora Metals Ltd -> Mungana Mine [unknown %],,Aurora Metals Ltd,E100002010867,,,42233330,Mungana Mine,mineral-extraction,copper-mining
Cyprium Metals Ltd,E100002010875,,,,,,,Cyprium Metals Ltd -> Nifty Mine [unknown %],,Cyprium Metals Ltd,E100002010875,Nifty Copper Pty Ltd,E100002013661,42233331,Nifty Mine,mineral-extraction,copper-mining
CMOC Group Ltd,E100002010877,,,,,,,CMOC Group Ltd -> Northparkes Mine [unknown %],,CMOC Group Ltd,E100002010877,CMOC Mining Pty Ltd,E100002013662,42233332,Northparkes Mine,mineral-extraction,copper-mining
IGO Ltd,E100002010878,,,,,,,IGO Ltd -> Nova Mine [unknown %],,IGO Ltd,E100002010878,,,42233333,Nova Mine,mineral-extraction,copper-mining
The Vanguard Group Inc,E100001010595,legal entity,5493002789CX3L0CJP65,4297651992,USA,USA,,The Vanguard Group Inc -> BHP Group Ltd [5.36%] -> Olympic Dam Mine [unknown %],,BHP Group Ltd,E100000000015,BHP Billiton Olympic Dam Corporation Pty Ltd,E100002013663,42233334,Olympic Dam Mine,mineral-extraction,copper-mining
Blackrock Advisors LLC,E100001015833,legal entity,5493001LN9MRM6A35J74,4296341404,,,,Blackrock Advisors LLC -> BlackRock Inc [5.07%] -> BHP Group Ltd [6.9%] -> Olympic Dam Mine [unknown %],108592,BHP Group Ltd,E100000000015,BHP Billiton Olympic Dam Corporation Pty Ltd,E100002013663,42233334,Olympic Dam Mine,mineral-extraction,copper-mining
Citigroup Global Markets Australia Pte Ltd,E100001016392,legal entity,,5000053829,AUS,AUS,,Citigroup Global Markets Australia Pte Ltd -> BHP Group Ltd [6.3%] -> Olympic Dam Mine [unknown %],,BHP Group Ltd,E100000000015,BHP Billiton Olympic Dam Corporation Pty Ltd,E100002013663,42233334,Olympic Dam Mine,mineral-extraction,copper-mining
BHP Group Ltd,E100000000015,legal entity,WZE1WSENV6JSZFK0JC28,4295856983,AUS,AUS,,BHP Group Ltd -> Olympic Dam Mine [unknown %],,BHP Group Ltd,E100000000015,BHP Billiton Olympic Dam Corporation Pty Ltd,E100002013663,42233334,Olympic Dam Mine,mineral-extraction,copper-mining
Dodge & Cox ,E100001015644,legal entity,549300SV2HIB7EJR0U84,5000666594,USA,USA,,Dodge & Cox  -> State Street Corp [6.6%] -> BHP Group Ltd [5.08%] -> Olympic Dam Mine [unknown %],108594,BHP Group Ltd,E100000000015,BHP Billiton Olympic Dam Corporation Pty Ltd,E100002013663,42233334,Olympic Dam Mine,mineral-extraction,copper-mining
State Street Corp,E100001010596,legal entity,549300ZFEEJ2IP5VME73,4295904976,USA,USA,,State Street Corp -> BHP Group Ltd [5.08%] -> Olympic Dam Mine [unknown %],,BHP Group Ltd,E100000000015,BHP Billiton Olympic Dam Corporation Pty Ltd,E100002013663,42233334,Olympic Dam Mine,mineral-extraction,copper-mining
small shareholder(s) ,E100001015587,unknown entity,not applicable,not applicable,,,,small shareholder(s)  -> BHP Group Ltd [unknown %] -> Olympic Dam Mine [unknown %],,BHP Group Ltd,E100000000015,BHP Billiton Olympic Dam Corporation Pty Ltd,E100002013663,42233334,Olympic Dam Mine,mineral-extraction,copper-mining
BlackRock Inc,E100001000348,legal entity,549300LRIF3NWCU26A80,4295900990,USA,USA,,BlackRock Inc -> BHP Group Ltd [6.9%] -> Olympic Dam Mine [unknown %],,BHP Group Ltd,E100000000015,BHP Billiton Olympic Dam Corporation Pty Ltd,E100002013663,42233334,Olympic Dam Mine,mineral-extraction,copper-mining
Aurelia Metals Ltd,E100002010871,,,,,,,Aurelia Metals Ltd -> Peak Mine [unknown %],,Aurelia Metals Ltd,E100002010871,,,42233336,Peak Mine,mineral-extraction,copper-mining
Benagerie Gold and Copper Pty Ltd,E100002010879,,,,,,,Benagerie Gold and Copper Pty Ltd -> Portia Mine [unknown %],,Benagerie Gold and Copper Pty Ltd,E100002010879,,,42233337,Portia Mine,mineral-extraction,copper-mining
Metals X Ltd,E100002010880,,,,,,,Metals X Ltd -> Renison Mine [unknown %],,Metals X Ltd,E100002010880,Bluestone Mines Tasmania Joint Venture Pty Ltd,E100002013664,42233338,Renison Mine,mineral-extraction,copper-mining
Copper Resources Australia Pty Ltd,E100002010881,,,,,,,Copper Resources Australia Pty Ltd -> Rocklands Mine [unknown %],,Copper Resources Australia Pty Ltd,E100002010881,Copper Resources Australia Pty Ltd,E100002010881,42233340,Rocklands Mine,mineral-extraction,copper-mining
MMG Ltd,E100002010868,,,,,,,MMG Ltd -> Rosebery Mine [unknown %],,MMG Ltd,E100002010868,,,42233341,Rosebery Mine,mineral-extraction,copper-mining
Panoramic Resources Ltd,E100002010882,,,,,,,Panoramic Resources Ltd -> Savannah Mine [unknown %],,Panoramic Resources Ltd,E100002010882,,,42233342,Savannah Mine,mineral-extraction,copper-mining
Aurora Metals Ltd,E100002010867,,,,,,,Aurora Metals Ltd -> Surveyor Mine [unknown %],,Aurora Metals Ltd,E100002010867,,,42233343,Surveyor Mine,mineral-extraction,copper-mining
Newmont Corp,E100000001597,legal entity,549300VSP3RIX7FGDZ51,4295904618,USA,USA,,Newmont Corp -> Newcrest Mining Ltd [unknown %] -> Telfer Operation [unknown %],,Newcrest Mining Ltd,E100001011230,,,42233351,Telfer Operation,mineral-extraction,copper-mining
Red River Resources Ltd,E100002010883,,,,,,,Red River Resources Ltd -> Thalanga Operation [unknown %],,Red River Resources Ltd,E100002010883,,,42233352,Thalanga Operation,mineral-extraction,copper-mining
Aeris Resources Ltd,E100002011926,legal entity,,,,,,Aeris Resources Ltd -> Tritton Operation [unknown %],,Aeris Resources Ltd,E100002011926,Tritton Resources Pty Ltd,E100002013665,42233353,Tritton Operation,mineral-extraction,copper-mining
TNT Mines Ltd,E100002010884,,,,,,,TNT Mines Ltd -> Warriedar Mine [unknown %],,TNT Mines Ltd,E100002010884,,,42233344,Warriedar Mine,mineral-extraction,copper-mining
Fox Resources Ltd,E100002010885,,,,,,,Fox Resources Ltd -> Whundo Mine [unknown %],,Fox Resources Ltd,E100002010885,,,42233345,Whundo Mine,mineral-extraction,copper-mining
Develop Global Ltd,E100002010886,,,,,,,Develop Global Ltd -> Woodlawn Mine [unknown %],,Develop Global Ltd,E100002010886,,,42233346,Woodlawn Mine,mineral-extraction,copper-mining
