iso3_country,sector,subsector,start_time,end_time,gas,emissions_quantity,emissions_quantity_units,temporal_granularity,created_date,modified_date
AUS,mineral-extraction,copper-mining,2015-01-01 00:00:00,2015-12-31 00:00:00,co2e_100yr,2336283.188571596,,annual,,
AUS,mineral-extraction,copper-mining,2016-01-01 00:00:00,2016-12-31 00:00:00,co2e_100yr,2223691.2276765797,,annual,,
AUS,mineral-extraction,copper-mining,2017-01-01 00:00:00,2017-12-31 00:00:00,co2e_100yr,1991470.308330608,,annual,,
AUS,mineral-extraction,copper-mining,2018-01-01 00:00:00,2018-12-31 00:00:00,co2e_100yr,2136901.591153337,,annual,,
AUS,mineral-extraction,copper-mining,2019-01-01 00:00:00,2019-12-31 00:00:00,co2e_100yr,2190851.905748866,,annual,,
AUS,mineral-extraction,copper-mining,2020-01-01 00:00:00,2020-12-31 00:00:00,co2e_100yr,2539310.188155976,,annual,,
AUS,mineral-extraction,copper-mining,2021-01-01 00:00:00,2021-12-31 00:00:00,co2e_100yr,2464563.4727288517,,annual,,
AUS,mineral-extraction,copper-mining,2022-01-01 00:00:00,2022-12-31 00:00:00,co2e_100yr,2308729.4727288517,,annual,,
AUS,mineral-extraction,copper-mining,2023-01-01 00:00:00,2023-12-31 00:00:00,co2e_100yr,2681558.0,,annual,,
AUS,mineral-extraction,copper-mining,2024-01-01 00:00:00,2024-12-31 00:00:00,co2e_100yr,2681558.0,,annual,,
AUS,mineral-extraction,copper-mining,2025-01-01 00:00:00,2025-12-31 00:00:00,co2e_100yr,1340779.0,,annual,,
