iso3_country,sector,subsector,start_time,end_time,gas,emissions_quantity,emissions_quantity_units,temporal_granularity,created_date,modified_date
AUS,mineral-extraction,other-mining-quarrying,2015-01-01 00:00:00,2015-12-31 00:00:00,co2e_100yr,31912.495531187604,,annual,,
AUS,mineral-extraction,other-mining-quarrying,2016-01-01 00:00:00,2016-12-31 00:00:00,co2e_100yr,31228.48002465859,,annual,,
AUS,mineral-extraction,other-mining-quarrying,2017-01-01 00:00:00,2017-12-31 00:00:00,co2e_100yr,32115.57826575484,,annual,,
AUS,mineral-extraction,other-mining-quarrying,2018-01-01 00:00:00,2018-12-31 00:00:00,co2e_100yr,35172.32533502559,,annual,,
AUS,mineral-extraction,other-mining-quarrying,2019-01-01 00:00:00,2019-12-31 00:00:00,co2e_100yr,36212.70955865038,,annual,,
AUS,mineral-extraction,other-mining-quarrying,2020-01-01 00:00:00,2020-12-31 00:00:00,co2e_100yr,39224.8269801674,,annual,,
AUS,mineral-extraction,other-mining-quarrying,2021-01-01 00:00:00,2021-12-31 00:00:00,co2e_100yr,41112.59286635594,,annual,,
AUS,mineral-extraction,other-mining-quarrying,2022-01-01 00:00:00,2022-12-31 00:00:00,co2e_100yr,42813.04541807853,,annual,,
AUS,mineral-extraction,other-mining-quarrying,2023-01-01 00:00:00,2023-12-31 00:00:00,co2e_100yr,44699.32730503597,,annual,,
AUS,mineral-extraction,other-mining-quarrying,2024-01-01 00:00:00,2024-12-31 00:00:00,co2e_100yr,44699.32730503598,,annual,,
AUS,mineral-extraction,other-mining-quarrying,2025-01-01 00:00:00,2025-12-31 00:00:00,co2e_100yr,22349.663652517986,,annual,,
