iso3_country,sector,subsector,start_time,end_time,gas,emissions_quantity,emissions_quantity_units,temporal_granularity,created_date,modified_date
AUS,buildings,non-residential-onsite-fuel-usage,2015-01-01 00:00:00,2015-12-31 00:00:00,co2e_100yr,2635645.0752,,annual,,
AUS,buildings,non-residential-onsite-fuel-usage,2016-01-01 00:00:00,2016-12-31 00:00:00,co2e_100yr,2702019.3288000003,,annual,,
AUS,buildings,non-residential-onsite-fuel-usage,2017-01-01 00:00:00,2017-12-31 00:00:00,co2e_100yr,2752932.8678,,annual,,
AUS,buildings,non-residential-onsite-fuel-usage,2018-01-01 00:00:00,2018-12-31 00:00:00,co2e_100yr,2788030.2334000007,,annual,,
AUS,buildings,non-residential-onsite-fuel-usage,2019-01-01 00:00:00,2019-12-31 00:00:00,co2e_100yr,2675586.8602000005,,annual,,
AUS,buildings,non-residential-onsite-fuel-usage,2020-01-01 00:00:00,2020-12-31 00:00:00,co2e_100yr,2654764.2898,,annual,,
AUS,buildings,non-residential-onsite-fuel-usage,2021-01-01 00:00:00,2021-12-31 00:00:00,co2e_100yr,2586659.0688,,annual,,
AUS,buildings,non-residential-onsite-fuel-usage,2022-01-01 00:00:00,2022-12-31 00:00:00,co2e_100yr,2724438.5908000004,,annual,,
AUS,buildings,non-residential-onsite-fuel-usage,2023-01-01 00:00:00,2023-12-31 00:00:00,co2e_100yr,2757272.209,,annual,,
AUS,buildings,non-residential-onsite-fuel-usage,2024-01-01 00:00:00,2024-12-31 00:00:00,co2e_100yr,2757272.209,,annual,,
AUS,buildings,non-residential-onsite-fuel-usage,2025-01-01 00:00:00,2025-12-31 00:00:00,co2e_100yr,1324549.2596,,annual,,
