iso3_country,sector,subsector,start_time,end_time,gas,emissions_quantity,emissions_quantity_units,temporal_granularity,created_date,modified_date
AUS,buildings,other-onsite-fuel-usage,2015-01-01 00:00:00,2015-12-31 00:00:00,co2e_100yr,7466772.031993285,,annual,,
AUS,buildings,other-onsite-fuel-usage,2016-01-01 00:00:00,2016-12-31 00:00:00,co2e_100yr,7993527.004947619,,annual,,
AUS,buildings,other-onsite-fuel-usage,2017-01-01 00:00:00,2017-12-31 00:00:00,co2e_100yr,8632653.293561239,,annual,,
AUS,buildings,other-onsite-fuel-usage,2018-01-01 00:00:00,2018-12-31 00:00:00,co2e_100yr,9396475.444158372,,annual,,
AUS,buildings,other-onsite-fuel-usage,2019-01-01 00:00:00,2019-12-31 00:00:00,co2e_100yr,10097000.5769404,,annual,,
AUS,buildings,other-onsite-fuel-usage,2020-01-01 00:00:00,2020-12-31 00:00:00,co2e_100yr,10370035.186937498,,annual,,
AUS,buildings,other-onsite-fuel-usage,2021-01-01 00:00:00,2021-12-31 00:00:00,co2e_100yr,10167293.17046852,,annual,,
AUS,buildings,other-onsite-fuel-usage,2022-01-01 00:00:00,2022-12-31 00:00:00,co2e_100yr,10053601.915140994,,annual,,
AUS,buildings,other-onsite-fuel-usage,2023-01-01 00:00:00,2023-12-31 00:00:00,co2e_100yr,10638850.434042849,,annual,,
AUS,buildings,other-onsite-fuel-usage,2024-01-01 00:00:00,2024-12-31 00:00:00,co2e_100yr,10638850.434042849,,annual,,
AUS,buildings,other-onsite-fuel-usage,2025-01-01 00:00:00,2025-12-31 00:00:00,co2e_100yr,5002073.345117551,,annual,,
