iso3_country,sector,subsector,start_time,end_time,gas,emissions_quantity,emissions_quantity_units,temporal_granularity,created_date,modified_date
AUS,buildings,residential-onsite-fuel-usage,2015-01-01 00:00:00,2015-12-31 00:00:00,co2e_100yr,19582901.627946835,,annual,,
AUS,buildings,residential-onsite-fuel-usage,2016-01-01 00:00:00,2016-12-31 00:00:00,co2e_100yr,20149431.182184715,,annual,,
AUS,buildings,residential-onsite-fuel-usage,2017-01-01 00:00:00,2017-12-31 00:00:00,co2e_100yr,20679941.839977317,,annual,,
AUS,buildings,residential-onsite-fuel-usage,2018-01-01 00:00:00,2018-12-31 00:00:00,co2e_100yr,20768792.558896087,,annual,,
AUS,buildings,residential-onsite-fuel-usage,2019-01-01 00:00:00,2019-12-31 00:00:00,co2e_100yr,19335505.447708104,,annual,,
AUS,buildings,residential-onsite-fuel-usage,2020-01-01 00:00:00,2020-12-31 00:00:00,co2e_100yr,18788954.479305957,,annual,,
AUS,buildings,residential-onsite-fuel-usage,2021-01-01 00:00:00,2021-12-31 00:00:00,co2e_100yr,18420016.467570003,,annual,,
AUS,buildings,residential-onsite-fuel-usage,2022-01-01 00:00:00,2022-12-31 00:00:00,co2e_100yr,19417709.1324,,annual,,
AUS,buildings,residential-onsite-fuel-usage,2023-01-01 00:00:00,2023-12-31 00:00:00,co2e_100yr,19697551.8192,,annual,,
AUS,buildings,residential-onsite-fuel-usage,2024-01-01 00:00:00,2024-12-31 00:00:00,co2e_100yr,19697551.8192,,annual,,
AUS,buildings,residential-onsite-fuel-usage,2025-01-01 00:00:00,2025-12-31 00:00:00,co2e_100yr,9481002.6468,,annual,,
