parent_name,parent_entity_id,parent_entity_type,parent_lei,parent_permid,parent_registration_country,parent_headquarter_country,overall_share_percent,ownership_path,ownership_path_datasource_ids,immediate_source_owner,immediate_source_owner_entity_id,source_operator,source_operator_id,source_id,source_name,source_sector,source_subsector
Rio Tinto (Bell Bay) Ltd,E100002013535,,,,,,,Rio Tinto (Bell Bay) Ltd -> Bell Bay aluminium plant [unknown %],,Rio Tinto (Bell Bay) Ltd,E100002013535,,,3672941,Bell Bay aluminium plant,Manufacturing,aluminum
Boyne Smelters Ltd,E100002013537,legal entity,,,,,,Boyne Smelters Ltd -> Boyne Island aluminium plant [unknown %],,Boyne Smelters Ltd,E100002013537,,,3672944,Boyne Island aluminium plant,Manufacturing,aluminum
Kazakhstan Aluminium Works ,E100002013594,legal entity,,,,,,Kazakhstan Aluminium Works  -> Portland aluminium plant [unknown %],,Kazakhstan Aluminium Works ,E100002013594,,,3672942,Portland aluminium plant,Manufacturing,aluminum
Tomago Aluminium Company Pty Ltd,E100002013626,,,,,,,Tomago Aluminium Company Pty Ltd -> Tomago aluminium plant [unknown %],,Tomago Aluminium Company Pty Ltd,E100002013626,,,3672943,Tomago aluminium plant,Manufacturing,aluminum
