iso3_country,sector,subsector,start_time,end_time,gas,emissions_quantity,emissions_quantity_units,temporal_granularity,created_date,modified_date
AUS,manufacturing,aluminum,2015-01-01 00:00:00,2015-12-31 00:00:00,co2e_100yr,38338524.06593992,,annual,,
AUS,manufacturing,aluminum,2016-01-01 00:00:00,2016-12-31 00:00:00,co2e_100yr,41446187.25929934,,annual,,
AUS,manufacturing,aluminum,2017-01-01 00:00:00,2017-12-31 00:00:00,co2e_100yr,40524653.94023236,,annual,,
AUS,manufacturing,aluminum,2018-01-01 00:00:00,2018-12-31 00:00:00,co2e_100yr,40294922.732712425,,annual,,
AUS,manufacturing,aluminum,2019-01-01 00:00:00,2019-12-31 00:00:00,co2e_100yr,37638123.443625726,,annual,,
AUS,manufacturing,aluminum,2020-01-01 00:00:00,2020-12-31 00:00:00,co2e_100yr,40674328.329578444,,annual,,
AUS,manufacturing,aluminum,2021-01-01 00:00:00,2021-12-31 00:00:00,co2e_100yr,38920357.7,,annual,,
AUS,manufacturing,aluminum,2022-01-01 00:00:00,2022-12-31 00:00:00,co2e_100yr,38720705.44,,annual,,
AUS,manufacturing,aluminum,2023-01-01 00:00:00,2023-12-31 00:00:00,co2e_100yr,36480391.74,,annual,,
AUS,manufacturing,aluminum,2024-01-01 00:00:00,2024-12-31 00:00:00,co2e_100yr,33987891.11,,annual,,
AUS,manufacturing,aluminum,2025-01-01 00:00:00,2025-12-31 00:00:00,co2e_100yr,17040823.408511367,,annual,,
