parent_name,parent_entity_id,parent_entity_type,parent_lei,parent_permid,parent_registration_country,parent_headquarter_country,overall_share_percent,ownership_path,ownership_path_datasource_ids,immediate_source_owner,immediate_source_owner_entity_id,source_operator,source_operator_id,source_id,source_name,source_sector,source_subsector
Barro Group Pty Ltd,E100002001513,legal entity,not found,4296714838,AUS,AUS,43.0,Barro Group Pty Ltd -> Adbri Pty Ltd [43.0%] -> Adelaide Brighton Cement Ltd [100.0%] -> Angaston Cement Plant [100.0%],119461,Adelaide Brighton Cement Ltd,E100002015362,,,32437232,Angaston Cement Plant,manufacturing,cement
Blackrock Advisors LLC,E100001015833,legal entity,5493001LN9MRM6A35J74,4296341404,,,0.16,Blackrock Advisors LLC -> BlackRock Inc [5.07%] -> CRH PLC [5.6%] -> Adbri Pty Ltd [57.0%] -> Adelaide Brighton Cement Ltd [100.0%] -> Angaston Cement Plant [100.0%],"160753,119386,119387,119461",Adelaide Brighton Cement Ltd,E100002015362,,,32437232,Angaston Cement Plant,manufacturing,cement
CRH PLC,E100000131458,legal entity,549300MIDJNNTH068E74,4295874867,IRL,IRL,57.0,CRH PLC -> Adbri Pty Ltd [57.0%] -> Adelaide Brighton Cement Ltd [100.0%] -> Angaston Cement Plant [100.0%],119461,Adelaide Brighton Cement Ltd,E100002015362,,,32437232,Angaston Cement Plant,manufacturing,cement
The Vanguard Group Inc,E100001010595,legal entity,5493002789CX3L0CJP65,4297651992,USA,USA,3.25,The Vanguard Group Inc -> CRH PLC [5.71%] -> Adbri Pty Ltd [57.0%] -> Adelaide Brighton Cement Ltd [100.0%] -> Angaston Cement Plant [100.0%],"119386,119387,119461",Adelaide Brighton Cement Ltd,E100002015362,,,32437232,Angaston Cement Plant,manufacturing,cement
BlackRock Inc,E100001000348,legal entity,549300LRIF3NWCU26A80,4295900990,USA,USA,3.19,BlackRock Inc -> CRH PLC [5.6%] -> Adbri Pty Ltd [57.0%] -> Adelaide Brighton Cement Ltd [100.0%] -> Angaston Cement Plant [100.0%],"119386,119387,119461",Adelaide Brighton Cement Ltd,E100002015362,,,32437232,Angaston Cement Plant,manufacturing,cement
FMR LLC,E100001014849,legal entity,6X064LF7Y6B4DKF2GZ26,4298009434,USA,USA,3.02,FMR LLC -> CRH PLC [5.3%] -> Adbri Pty Ltd [57.0%] -> Adelaide Brighton Cement Ltd [100.0%] -> Angaston Cement Plant [100.0%],"119386,119387,119461",Adelaide Brighton Cement Ltd,E100002015362,,,32437232,Angaston Cement Plant,manufacturing,cement
natural person(s) ,E100000123261,person,not applicable,not applicable,,,,natural person(s)  -> FMR LLC [unknown %] -> CRH PLC [5.3%] -> Adbri Pty Ltd [57.0%] -> Adelaide Brighton Cement Ltd [100.0%] -> Angaston Cement Plant [100.0%],"119386,160755,119461,119387",Adelaide Brighton Cement Ltd,E100002015362,,,32437232,Angaston Cement Plant,manufacturing,cement
small shareholder(s) ,E100001015587,unknown entity,not applicable,not applicable,,,,small shareholder(s)  -> CRH PLC [unknown %] -> Adbri Pty Ltd [57.0%] -> Adelaide Brighton Cement Ltd [100.0%] -> Angaston Cement Plant [100.0%],"119386,119387,119461",Adelaide Brighton Cement Ltd,E100002015362,,,32437232,Angaston Cement Plant,manufacturing,cement
Barro Group Pty Ltd,E100002001513,legal entity,not found,4296714838,AUS,AUS,43.0,Barro Group Pty Ltd -> Adbri Pty Ltd [43.0%] -> Adelaide Brighton Cement Ltd [100.0%] -> Birkenhead Cement Plant [100.0%],119461,Adelaide Brighton Cement Ltd,E100002015362,,,1895133,Birkenhead Cement Plant,manufacturing,cement
Blackrock Advisors LLC,E100001015833,legal entity,5493001LN9MRM6A35J74,4296341404,,,0.16,Blackrock Advisors LLC -> BlackRock Inc [5.07%] -> CRH PLC [5.6%] -> Adbri Pty Ltd [57.0%] -> Adelaide Brighton Cement Ltd [100.0%] -> Birkenhead Cement Plant [100.0%],"160753,119386,119387,119461",Adelaide Brighton Cement Ltd,E100002015362,,,1895133,Birkenhead Cement Plant,manufacturing,cement
CRH PLC,E100000131458,legal entity,549300MIDJNNTH068E74,4295874867,IRL,IRL,57.0,CRH PLC -> Adbri Pty Ltd [57.0%] -> Adelaide Brighton Cement Ltd [100.0%] -> Birkenhead Cement Plant [100.0%],119461,Adelaide Brighton Cement Ltd,E100002015362,,,1895133,Birkenhead Cement Plant,manufacturing,cement
The Vanguard Group Inc,E100001010595,legal entity,5493002789CX3L0CJP65,4297651992,USA,USA,3.25,The Vanguard Group Inc -> CRH PLC [5.71%] -> Adbri Pty Ltd [57.0%] -> Adelaide Brighton Cement Ltd [100.0%] -> Birkenhead Cement Plant [100.0%],"119386,119387,119461",Adelaide Brighton Cement Ltd,E100002015362,,,1895133,Birkenhead Cement Plant,manufacturing,cement
BlackRock Inc,E100001000348,legal entity,549300LRIF3NWCU26A80,4295900990,USA,USA,3.19,BlackRock Inc -> CRH PLC [5.6%] -> Adbri Pty Ltd [57.0%] -> Adelaide Brighton Cement Ltd [100.0%] -> Birkenhead Cement Plant [100.0%],"119386,119387,119461",Adelaide Brighton Cement Ltd,E100002015362,,,1895133,Birkenhead Cement Plant,manufacturing,cement
FMR LLC,E100001014849,legal entity,6X064LF7Y6B4DKF2GZ26,4298009434,USA,USA,3.02,FMR LLC -> CRH PLC [5.3%] -> Adbri Pty Ltd [57.0%] -> Adelaide Brighton Cement Ltd [100.0%] -> Birkenhead Cement Plant [100.0%],"119386,119387,119461",Adelaide Brighton Cement Ltd,E100002015362,,,1895133,Birkenhead Cement Plant,manufacturing,cement
natural person(s) ,E100000123261,person,not applicable,not applicable,,,,natural person(s)  -> FMR LLC [unknown %] -> CRH PLC [5.3%] -> Adbri Pty Ltd [57.0%] -> Adelaide Brighton Cement Ltd [100.0%] -> Birkenhead Cement Plant [100.0%],"119386,160755,119461,119387",Adelaide Brighton Cement Ltd,E100002015362,,,1895133,Birkenhead Cement Plant,manufacturing,cement
small shareholder(s) ,E100001015587,unknown entity,not applicable,not applicable,,,,small shareholder(s)  -> CRH PLC [unknown %] -> Adbri Pty Ltd [57.0%] -> Adelaide Brighton Cement Ltd [100.0%] -> Birkenhead Cement Plant [100.0%],"119386,119387,119461",Adelaide Brighton Cement Ltd,E100002015362,,,1895133,Birkenhead Cement Plant,manufacturing,cement
Blackrock Advisors LLC,E100001015833,legal entity,5493001LN9MRM6A35J74,4296341404,,,0.13,Blackrock Advisors LLC -> BlackRock Inc [5.07%] -> Holcim AG [5.16%] -> Cement Australia Holdings Pty Ltd [50.0%] -> Gladstone Cement Plant [100.0%],"109113,160351",Cement Australia Holdings Pty Ltd,E100000131474,,,1895145,Gladstone Cement Plant,manufacturing,cement
Spohn Cement Beteiligungen GmbH,E100002001932,legal entity,529900Q8QDLROX2R5K71,5061010655,DEU,DEU,,Spohn Cement Beteiligungen GmbH -> Heidelberg Materials AG [25.64%] -> Heidelberg Materials Uk Holding Ltd [unknown %] -> Lehigh Uk Ltd [unknown %] -> Hanson Ltd [unknown %] -> Cement Australia Holdings Pty Ltd [50.0%] -> Gladstone Cement Plant [100.0%],"109113,149068",Cement Australia Holdings Pty Ltd,E100000131474,,,1895145,Gladstone Cement Plant,manufacturing,cement
Artisan Partners Asset Management Inc,E100002001934,legal entity,549300T1FUI6JF63XU51,5037941054,USA,USA,,Artisan Partners Asset Management Inc -> Heidelberg Materials AG [5.47%] -> Heidelberg Materials Uk Holding Ltd [unknown %] -> Lehigh Uk Ltd [unknown %] -> Hanson Ltd [unknown %] -> Cement Australia Holdings Pty Ltd [50.0%] -> Gladstone Cement Plant [100.0%],"109113,149068",Cement Australia Holdings Pty Ltd,E100000131474,,,1895145,Gladstone Cement Plant,manufacturing,cement
The Vanguard Group Inc,E100001010595,legal entity,5493002789CX3L0CJP65,4297651992,USA,USA,0.22,The Vanguard Group Inc -> BlackRock Inc [8.66%] -> Holcim AG [5.16%] -> Cement Australia Holdings Pty Ltd [50.0%] -> Gladstone Cement Plant [100.0%],"109113,160351",Cement Australia Holdings Pty Ltd,E100000131474,,,1895145,Gladstone Cement Plant,manufacturing,cement
BlackRock Inc,E100001000348,legal entity,549300LRIF3NWCU26A80,4295900990,USA,USA,2.58,BlackRock Inc -> Holcim AG [5.16%] -> Cement Australia Holdings Pty Ltd [50.0%] -> Gladstone Cement Plant [100.0%],109113,Cement Australia Holdings Pty Ltd,E100000131474,,,1895145,Gladstone Cement Plant,manufacturing,cement
Heidelberg Materials AG,E100000000414,legal entity,LZ2C6E0W5W7LQMX5ZI37,4295868961,DEU,DEU,,Heidelberg Materials AG -> Heidelberg Materials Uk Holding Ltd [unknown %] -> Lehigh Uk Ltd [unknown %] -> Hanson Ltd [unknown %] -> Cement Australia Holdings Pty Ltd [50.0%] -> Gladstone Cement Plant [100.0%],"109113,149068",Cement Australia Holdings Pty Ltd,E100000131474,,,1895145,Gladstone Cement Plant,manufacturing,cement
UBS Fund Management (Switzerland) AG,E100002006770,legal entity,5493003QNP1E68GGMZ05,5000045580,CHE,CHE,2.82,UBS Fund Management (Switzerland) AG -> Holcim AG [5.65%] -> Cement Australia Holdings Pty Ltd [50.0%] -> Gladstone Cement Plant [100.0%],109113,Cement Australia Holdings Pty Ltd,E100000131474,,,1895145,Gladstone Cement Plant,manufacturing,cement
natural person(s) ,E100000123261,person,not applicable,not applicable,,,3.2,natural person(s)  -> Holcim AG [6.41%] -> Cement Australia Holdings Pty Ltd [50.0%] -> Gladstone Cement Plant [100.0%],109113,Cement Australia Holdings Pty Ltd,E100000131474,,,1895145,Gladstone Cement Plant,manufacturing,cement
small shareholder(s) ,E100001015587,unknown entity,not applicable,not applicable,,,41.39,small shareholder(s)  -> Holcim AG [82.78%] -> Cement Australia Holdings Pty Ltd [50.0%] -> Gladstone Cement Plant [100.0%],109113,Cement Australia Holdings Pty Ltd,E100000131474,,,1895145,Gladstone Cement Plant,manufacturing,cement
Holcim AG,E100001000571,legal entity,529900EHPFPYHV6IQO98,4295890620,CHE,CHE,50.0,Holcim AG -> Cement Australia Holdings Pty Ltd [50.0%] -> Gladstone Cement Plant [100.0%],,Cement Australia Holdings Pty Ltd,E100000131474,,,1895145,Gladstone Cement Plant,manufacturing,cement
Boral Ltd,E100002001599,legal entity,549300KLCHOLFEMSPR08,4295857155,AUS,AUS,100.0,Boral Ltd -> Boral Cement Ltd [100.0%] -> New Berrima Cement Plant [100.0%],,Boral Cement Ltd,E100002001598,,,1895142,New Berrima Cement Plant,manufacturing,cement
Blackrock Advisors LLC,E100001015833,legal entity,5493001LN9MRM6A35J74,4296341404,,,0.13,Blackrock Advisors LLC -> BlackRock Inc [5.07%] -> Holcim AG [5.16%] -> Cement Australia Holdings Pty Ltd [50.0%] -> Railton Cement Plant [100.0%],"109113,160351",Cement Australia Holdings Pty Ltd,E100000131474,,,1895146,Railton Cement Plant,manufacturing,cement
Spohn Cement Beteiligungen GmbH,E100002001932,legal entity,529900Q8QDLROX2R5K71,5061010655,DEU,DEU,,Spohn Cement Beteiligungen GmbH -> Heidelberg Materials AG [25.64%] -> Heidelberg Materials Uk Holding Ltd [unknown %] -> Lehigh Uk Ltd [unknown %] -> Hanson Ltd [unknown %] -> Cement Australia Holdings Pty Ltd [50.0%] -> Railton Cement Plant [100.0%],"109113,149068",Cement Australia Holdings Pty Ltd,E100000131474,,,1895146,Railton Cement Plant,manufacturing,cement
Artisan Partners Asset Management Inc,E100002001934,legal entity,549300T1FUI6JF63XU51,5037941054,USA,USA,,Artisan Partners Asset Management Inc -> Heidelberg Materials AG [5.47%] -> Heidelberg Materials Uk Holding Ltd [unknown %] -> Lehigh Uk Ltd [unknown %] -> Hanson Ltd [unknown %] -> Cement Australia Holdings Pty Ltd [50.0%] -> Railton Cement Plant [100.0%],"109113,149068",Cement Australia Holdings Pty Ltd,E100000131474,,,1895146,Railton Cement Plant,manufacturing,cement
The Vanguard Group Inc,E100001010595,legal entity,5493002789CX3L0CJP65,4297651992,USA,USA,0.22,The Vanguard Group Inc -> BlackRock Inc [8.66%] -> Holcim AG [5.16%] -> Cement Australia Holdings Pty Ltd [50.0%] -> Railton Cement Plant [100.0%],"109113,160351",Cement Australia Holdings Pty Ltd,E100000131474,,,1895146,Railton Cement Plant,manufacturing,cement
BlackRock Inc,E100001000348,legal entity,549300LRIF3NWCU26A80,4295900990,USA,USA,2.58,BlackRock Inc -> Holcim AG [5.16%] -> Cement Australia Holdings Pty Ltd [50.0%] -> Railton Cement Plant [100.0%],109113,Cement Australia Holdings Pty Ltd,E100000131474,,,1895146,Railton Cement Plant,manufacturing,cement
Heidelberg Materials AG,E100000000414,legal entity,LZ2C6E0W5W7LQMX5ZI37,4295868961,DEU,DEU,,Heidelberg Materials AG -> Heidelberg Materials Uk Holding Ltd [unknown %] -> Lehigh Uk Ltd [unknown %] -> Hanson Ltd [unknown %] -> Cement Australia Holdings Pty Ltd [50.0%] -> Railton Cement Plant [100.0%],"109113,149068",Cement Australia Holdings Pty Ltd,E100000131474,,,1895146,Railton Cement Plant,manufacturing,cement
UBS Fund Management (Switzerland) AG,E100002006770,legal entity,5493003QNP1E68GGMZ05,5000045580,CHE,CHE,2.82,UBS Fund Management (Switzerland) AG -> Holcim AG [5.65%] -> Cement Australia Holdings Pty Ltd [50.0%] -> Railton Cement Plant [100.0%],109113,Cement Australia Holdings Pty Ltd,E100000131474,,,1895146,Railton Cement Plant,manufacturing,cement
natural person(s) ,E100000123261,person,not applicable,not applicable,,,3.2,natural person(s)  -> Holcim AG [6.41%] -> Cement Australia Holdings Pty Ltd [50.0%] -> Railton Cement Plant [100.0%],109113,Cement Australia Holdings Pty Ltd,E100000131474,,,1895146,Railton Cement Plant,manufacturing,cement
small shareholder(s) ,E100001015587,unknown entity,not applicable,not applicable,,,41.39,small shareholder(s)  -> Holcim AG [82.78%] -> Cement Australia Holdings Pty Ltd [50.0%] -> Railton Cement Plant [100.0%],109113,Cement Australia Holdings Pty Ltd,E100000131474,,,1895146,Railton Cement Plant,manufacturing,cement
Holcim AG,E100001000571,legal entity,529900EHPFPYHV6IQO98,4295890620,CHE,CHE,50.0,Holcim AG -> Cement Australia Holdings Pty Ltd [50.0%] -> Railton Cement Plant [100.0%],,Cement Australia Holdings Pty Ltd,E100000131474,,,1895146,Railton Cement Plant,manufacturing,cement
