iso3_country,sector,subsector,start_time,end_time,gas,emissions_quantity,emissions_quantity_units,temporal_granularity,created_date,modified_date
AUS,manufacturing,cement,2015-01-01 00:00:00,2015-12-31 00:00:00,co2e_100yr,5130000.0,,annual,,
AUS,manufacturing,cement,2016-01-01 00:00:00,2016-12-31 00:00:00,co2e_100yr,5184000.0,,annual,,
AUS,manufacturing,cement,2017-01-01 00:00:00,2017-12-31 00:00:00,co2e_100yr,5238000.0,,annual,,
AUS,manufacturing,cement,2018-01-01 00:00:00,2018-12-31 00:00:00,co2e_100yr,5508000.0,,annual,,
AUS,manufacturing,cement,2019-01-01 00:00:00,2019-12-31 00:00:00,co2e_100yr,5346000.0,,annual,,
AUS,manufacturing,cement,2020-01-01 00:00:00,2020-12-31 00:00:00,co2e_100yr,5184000.0,,annual,,
AUS,manufacturing,cement,2021-01-01 00:00:00,2021-12-31 00:00:00,co2e_100yr,5291999.999999999,,annual,,
AUS,manufacturing,cement,2022-01-01 00:00:00,2022-12-31 00:00:00,co2e_100yr,5400000.0,,annual,,
AUS,manufacturing,cement,2023-01-01 00:00:00,2023-12-31 00:00:00,co2e_100yr,5400000.0,,annual,,
AUS,manufacturing,cement,2024-01-01 00:00:00,2024-12-31 00:00:00,co2e_100yr,5399999.999999999,,annual,,
AUS,manufacturing,cement,2025-01-01 00:00:00,2025-12-31 00:00:00,co2e_100yr,2849137.602511554,,annual,,
