source_id,source_name,source_type,iso3_country,sector,subsector,start_time,end_time,lat,lon,geometry_ref,gas,emissions_quantity,temporal_granularity,activity,activity_units,emissions_factor,emissions_factor_units,capacity,capacity_units,capacity_factor,other1,other1_def,other2,other2_def,other3,other3_def,other4,other4_def,other5,other5_def,other6,other6_def,other7,other7_def,other8,other8_def,other9,other9_def,other10,other10_def,created_date,modified_date,lat_lon,native_source_id,reporting_entity,sector_id
32267422,Australia,soda_ash,AUS,manufacturing,chemicals,2021-01-01 00:00:00,2021-01-31 00:00:00,-25.73065477972608,134.50277547536595,,co2e_100yr,25060.35,month,23867,t of chemical,1.05,t of CO2e_100yr per t of chemical,29069,t of chemical,0.8210464756269565,disaggregation,model_methodology,,,,,,,,,,,,,,,,,,,2024-09-27 00:00:00,2025-08-08 20:08:00,,AUS,climate-trace,77
32267422,Australia,soda_ash,AUS,manufacturing,chemicals,2021-02-01 00:00:00,2021-02-28 00:00:00,-25.73065477972608,134.50277547536595,,co2e_100yr,25060.35,month,23867,t of chemical,1.05,t of CO2e_100yr per t of chemical,29069,t of chemical,0.8210464756269565,disaggregation,model_methodology,,,,,,,,,,,,,,,,,,,2024-09-27 00:00:00,2025-08-08 20:08:00,,AUS,climate-trace,77
32267422,Australia,soda_ash,AUS,manufacturing,chemicals,2021-03-01 00:00:00,2021-03-31 00:00:00,-25.73065477972608,134.50277547536595,,co2e_100yr,25060.35,month,23867,t of chemical,1.05,t of CO2e_100yr per t of chemical,29069,t of chemical,0.8210464756269565,disaggregation,model_methodology,,,,,,,,,,,,,,,,,,,2024-09-27 00:00:00,2025-08-08 20:08:00,,AUS,climate-trace,77
32267422,Australia,soda_ash,AUS,manufacturing,chemicals,2021-04-01 00:00:00,2021-04-30 00:00:00,-25.73065477972608,134.50277547536595,,co2e_100yr,25060.35,month,23867,t of chemical,1.05,t of CO2e_100yr per t of chemical,29069,t of chemical,0.8210464756269565,disaggregation,model_methodology,,,,,,,,,,,,,,,,,,,2024-09-27 00:00:00,2025-08-08 20:08:00,,AUS,climate-trace,77
32267422,Australia,soda_ash,AUS,manufacturing,chemicals,2021-05-01 00:00:00,2021-05-31 00:00:00,-25.73065477972608,134.50277547536595,,co2e_100yr,25060.35,month,23867,t of chemical,1.05,t of CO2e_100yr per t of chemical,29069,t of chemical,0.8210464756269565,disaggregation,model_methodology,,,,,,,,,,,,,,,,,,,2024-09-27 00:00:00,2025-08-08 20:08:00,,AUS,climate-trace,77
32267422,Australia,soda_ash,AUS,manufacturing,chemicals,2021-06-01 00:00:00,2021-06-30 00:00:00,-25.73065477972608,134.50277547536595,,co2e_100yr,25060.35,month,23867,t of chemical,1.05,t of CO2e_100yr per t of chemical,29069,t of chemical,0.8210464756269565,disaggregation,model_methodology,,,,,,,,,,,,,,,,,,,2024-09-27 00:00:00,2025-08-08 20:08:00,,AUS,climate-trace,77
32267422,Australia,soda_ash,AUS,manufacturing,chemicals,2021-07-01 00:00:00,2021-07-31 00:00:00,-25.73065477972608,134.50277547536595,,co2e_100yr,25060.35,month,23867,t of chemical,1.05,t of CO2e_100yr per t of chemical,29069,t of chemical,0.8210464756269565,disaggregation,model_methodology,,,,,,,,,,,,,,,,,,,2024-09-27 00:00:00,2025-08-08 20:08:00,,AUS,climate-trace,77
32267422,Australia,soda_ash,AUS,manufacturing,chemicals,2021-08-01 00:00:00,2021-08-31 00:00:00,-25.73065477972608,134.50277547536595,,co2e_100yr,25060.35,month,23867,t of chemical,1.05,t of CO2e_100yr per t of chemical,29069,t of chemical,0.8210464756269565,disaggregation,model_methodology,,,,,,,,,,,,,,,,,,,2024-09-27 00:00:00,2025-08-08 20:08:00,,AUS,climate-trace,77
32267422,Australia,soda_ash,AUS,manufacturing,chemicals,2021-09-01 00:00:00,2021-09-30 00:00:00,-25.73065477972608,134.50277547536595,,co2e_100yr,25060.35,month,23867,t of chemical,1.05,t of CO2e_100yr per t of chemical,29069,t of chemical,0.8210464756269565,disaggregation,model_methodology,,,,,,,,,,,,,,,,,,,2024-09-27 00:00:00,2025-08-08 20:08:00,,AUS,climate-trace,77
32267422,Australia,soda_ash,AUS,manufacturing,chemicals,2021-10-01 00:00:00,2021-10-31 00:00:00,-25.73065477972608,134.50277547536595,,co2e_100yr,25060.35,month,23867,t of chemical,1.05,t of CO2e_100yr per t of chemical,29069,t of chemical,0.8210464756269565,disaggregation,model_methodology,,,,,,,,,,,,,,,,,,,2024-09-27 00:00:00,2025-08-08 20:08:00,,AUS,climate-trace,77
32267422,Australia,soda_ash,AUS,manufacturing,chemicals,2021-11-01 00:00:00,2021-11-30 00:00:00,-25.73065477972608,134.50277547536595,,co2e_100yr,25060.35,month,23867,t of chemical,1.05,t of CO2e_100yr per t of chemical,29069,t of chemical,0.8210464756269565,disaggregation,model_methodology,,,,,,,,,,,,,,,,,,,2024-09-27 00:00:00,2025-08-08 20:08:00,,AUS,climate-trace,77
32267422,Australia,soda_ash,AUS,manufacturing,chemicals,2021-12-01 00:00:00,2021-12-31 00:00:00,-25.73065477972608,134.50277547536595,,co2e_100yr,25060.35,month,23867,t of chemical,1.05,t of CO2e_100yr per t of chemical,29069,t of chemical,0.8210464756269565,disaggregation,model_methodology,,,,,,,,,,,,,,,,,,,2024-09-27 00:00:00,2025-08-08 20:08:00,,AUS,climate-trace,77
32267422,Australia,soda_ash,AUS,manufacturing,chemicals,2022-01-01 00:00:00,2022-01-31 00:00:00,-25.73065477972608,134.50277547536595,,co2e_100yr,25060.35,month,23867,t of chemical,1.05,t of CO2e_100yr per t of chemical,29069,t of chemical,0.8210464756269565,disaggregation,model_methodology,,,,,,,,,,,,,,,,,,,2024-09-27 00:00:00,2025-08-08 20:08:00,,AUS,climate-trace,77
32267422,Australia,soda_ash,AUS,manufacturing,chemicals,2022-02-01 00:00:00,2022-02-28 00:00:00,-25.73065477972608,134.50277547536595,,co2e_100yr,25060.35,month,23867,t of chemical,1.05,t of CO2e_100yr per t of chemical,29069,t of chemical,0.8210464756269565,disaggregation,model_methodology,,,,,,,,,,,,,,,,,,,2024-09-27 00:00:00,2025-08-08 20:08:00,,AUS,climate-trace,77
32267422,Australia,soda_ash,AUS,manufacturing,chemicals,2022-03-01 00:00:00,2022-03-31 00:00:00,-25.73065477972608,134.50277547536595,,co2e_100yr,25060.35,month,23867,t of chemical,1.05,t of CO2e_100yr per t of chemical,29069,t of chemical,0.8210464756269565,disaggregation,model_methodology,,,,,,,,,,,,,,,,,,,2024-09-27 00:00:00,2025-08-08 20:08:00,,AUS,climate-trace,77
32267422,Australia,soda_ash,AUS,manufacturing,chemicals,2022-04-01 00:00:00,2022-04-30 00:00:00,-25.73065477972608,134.50277547536595,,co2e_100yr,25060.35,month,23867,t of chemical,1.05,t of CO2e_100yr per t of chemical,29069,t of chemical,0.8210464756269565,disaggregation,model_methodology,,,,,,,,,,,,,,,,,,,2024-09-27 00:00:00,2025-08-08 20:08:00,,AUS,climate-trace,77
32267422,Australia,soda_ash,AUS,manufacturing,chemicals,2022-05-01 00:00:00,2022-05-31 00:00:00,-25.73065477972608,134.50277547536595,,co2e_100yr,25060.35,month,23867,t of chemical,1.05,t of CO2e_100yr per t of chemical,29069,t of chemical,0.8210464756269565,disaggregation,model_methodology,,,,,,,,,,,,,,,,,,,2024-09-27 00:00:00,2025-08-08 20:08:00,,AUS,climate-trace,77
32267422,Australia,soda_ash,AUS,manufacturing,chemicals,2022-06-01 00:00:00,2022-06-30 00:00:00,-25.73065477972608,134.50277547536595,,co2e_100yr,25060.35,month,23867,t of chemical,1.05,t of CO2e_100yr per t of chemical,29069,t of chemical,0.8210464756269565,disaggregation,model_methodology,,,,,,,,,,,,,,,,,,,2024-09-27 00:00:00,2025-08-08 20:08:00,,AUS,climate-trace,77
32267422,Australia,soda_ash,AUS,manufacturing,chemicals,2022-07-01 00:00:00,2022-07-31 00:00:00,-25.73065477972608,134.50277547536595,,co2e_100yr,25060.35,month,23867,t of chemical,1.05,t of CO2e_100yr per t of chemical,29069,t of chemical,0.8210464756269565,disaggregation,model_methodology,,,,,,,,,,,,,,,,,,,2024-09-27 00:00:00,2025-08-08 20:08:00,,AUS,climate-trace,77
32267422,Australia,soda_ash,AUS,manufacturing,chemicals,2022-08-01 00:00:00,2022-08-31 00:00:00,-25.73065477972608,134.50277547536595,,co2e_100yr,25060.35,month,23867,t of chemical,1.05,t of CO2e_100yr per t of chemical,29069,t of chemical,0.8210464756269565,disaggregation,model_methodology,,,,,,,,,,,,,,,,,,,2024-09-27 00:00:00,2025-08-08 20:08:00,,AUS,climate-trace,77
32267422,Australia,soda_ash,AUS,manufacturing,chemicals,2022-09-01 00:00:00,2022-09-30 00:00:00,-25.73065477972608,134.50277547536595,,co2e_100yr,25060.35,month,23867,t of chemical,1.05,t of CO2e_100yr per t of chemical,29069,t of chemical,0.8210464756269565,disaggregation,model_methodology,,,,,,,,,,,,,,,,,,,2024-09-27 00:00:00,2025-08-08 20:08:00,,AUS,climate-trace,77
32267422,Australia,soda_ash,AUS,manufacturing,chemicals,2022-10-01 00:00:00,2022-10-31 00:00:00,-25.73065477972608,134.50277547536595,,co2e_100yr,25060.35,month,23867,t of chemical,1.05,t of CO2e_100yr per t of chemical,29069,t of chemical,0.8210464756269565,disaggregation,model_methodology,,,,,,,,,,,,,,,,,,,2024-09-27 00:00:00,2025-08-08 20:08:00,,AUS,climate-trace,77
32267422,Australia,soda_ash,AUS,manufacturing,chemicals,2022-11-01 00:00:00,2022-11-30 00:00:00,-25.73065477972608,134.50277547536595,,co2e_100yr,25060.35,month,23867,t of chemical,1.05,t of CO2e_100yr per t of chemical,29069,t of chemical,0.8210464756269565,disaggregation,model_methodology,,,,,,,,,,,,,,,,,,,2024-09-27 00:00:00,2025-08-08 20:08:00,,AUS,climate-trace,77
32267422,Australia,soda_ash,AUS,manufacturing,chemicals,2022-12-01 00:00:00,2022-12-31 00:00:00,-25.73065477972608,134.50277547536595,,co2e_100yr,25060.35,month,23867,t of chemical,1.05,t of CO2e_100yr per t of chemical,29069,t of chemical,0.8210464756269565,disaggregation,model_methodology,,,,,,,,,,,,,,,,,,,2024-09-27 00:00:00,2025-08-08 20:08:00,,AUS,climate-trace,77
32267422,Australia,soda_ash,AUS,manufacturing,chemicals,2023-01-01 00:00:00,2023-01-31 00:00:00,-25.73065477972608,134.50277547536595,,co2e_100yr,25060.35,month,23867,t of chemical,1.05,t of CO2e_100yr per t of chemical,29069,t of chemical,0.8210464756269565,disaggregation,model_methodology,,,,,,,,,,,,,,,,,,,2024-09-27 00:00:00,2025-08-08 20:08:00,,AUS,climate-trace,77
32267422,Australia,soda_ash,AUS,manufacturing,chemicals,2023-02-01 00:00:00,2023-02-28 00:00:00,-25.73065477972608,134.50277547536595,,co2e_100yr,25060.35,month,23867,t of chemical,1.05,t of CO2e_100yr per t of chemical,29069,t of chemical,0.8210464756269565,disaggregation,model_methodology,,,,,,,,,,,,,,,,,,,2024-09-27 00:00:00,2025-08-08 20:08:00,,AUS,climate-trace,77
32267422,Australia,soda_ash,AUS,manufacturing,chemicals,2023-03-01 00:00:00,2023-03-31 00:00:00,-25.73065477972608,134.50277547536595,,co2e_100yr,25060.35,month,23867,t of chemical,1.05,t of CO2e_100yr per t of chemical,29069,t of chemical,0.8210464756269565,disaggregation,model_methodology,,,,,,,,,,,,,,,,,,,2024-09-27 00:00:00,2025-08-08 20:08:00,,AUS,climate-trace,77
32267422,Australia,soda_ash,AUS,manufacturing,chemicals,2023-04-01 00:00:00,2023-04-30 00:00:00,-25.73065477972608,134.50277547536595,,co2e_100yr,25060.35,month,23867,t of chemical,1.05,t of CO2e_100yr per t of chemical,29069,t of chemical,0.8210464756269565,disaggregation,model_methodology,,,,,,,,,,,,,,,,,,,2024-09-27 00:00:00,2025-08-08 20:08:00,,AUS,climate-trace,77
32267422,Australia,soda_ash,AUS,manufacturing,chemicals,2023-05-01 00:00:00,2023-05-31 00:00:00,-25.73065477972608,134.50277547536595,,co2e_100yr,25060.35,month,23867,t of chemical,1.05,t of CO2e_100yr per t of chemical,29069,t of chemical,0.8210464756269565,disaggregation,model_methodology,,,,,,,,,,,,,,,,,,,2024-09-27 00:00:00,2025-08-08 20:08:00,,AUS,climate-trace,77
32267422,Australia,soda_ash,AUS,manufacturing,chemicals,2023-06-01 00:00:00,2023-06-30 00:00:00,-25.73065477972608,134.50277547536595,,co2e_100yr,25060.35,month,23867,t of chemical,1.05,t of CO2e_100yr per t of chemical,29069,t of chemical,0.8210464756269565,disaggregation,model_methodology,,,,,,,,,,,,,,,,,,,2024-09-27 00:00:00,2025-08-08 20:08:00,,AUS,climate-trace,77
32267422,Australia,soda_ash,AUS,manufacturing,chemicals,2023-07-01 00:00:00,2023-07-31 00:00:00,-25.73065477972608,134.50277547536595,,co2e_100yr,25060.35,month,23867,t of chemical,1.05,t of CO2e_100yr per t of chemical,29069,t of chemical,0.8210464756269565,disaggregation,model_methodology,,,,,,,,,,,,,,,,,,,2024-09-27 00:00:00,2025-08-08 20:08:00,,AUS,climate-trace,77
32267422,Australia,soda_ash,AUS,manufacturing,chemicals,2023-08-01 00:00:00,2023-08-31 00:00:00,-25.73065477972608,134.50277547536595,,co2e_100yr,25060.35,month,23867,t of chemical,1.05,t of CO2e_100yr per t of chemical,29069,t of chemical,0.8210464756269565,disaggregation,model_methodology,,,,,,,,,,,,,,,,,,,2024-09-27 00:00:00,2025-08-08 20:08:00,,AUS,climate-trace,77
32267422,Australia,soda_ash,AUS,manufacturing,chemicals,2023-09-01 00:00:00,2023-09-30 00:00:00,-25.73065477972608,134.50277547536595,,co2e_100yr,25060.35,month,23867,t of chemical,1.05,t of CO2e_100yr per t of chemical,29069,t of chemical,0.8210464756269565,disaggregation,model_methodology,,,,,,,,,,,,,,,,,,,2024-09-27 00:00:00,2025-08-08 20:08:00,,AUS,climate-trace,77
32267422,Australia,soda_ash,AUS,manufacturing,chemicals,2023-10-01 00:00:00,2023-10-31 00:00:00,-25.73065477972608,134.50277547536595,,co2e_100yr,25060.35,month,23867,t of chemical,1.05,t of CO2e_100yr per t of chemical,29069,t of chemical,0.8210464756269565,disaggregation,model_methodology,,,,,,,,,,,,,,,,,,,2024-09-27 00:00:00,2025-08-08 20:08:00,,AUS,climate-trace,77
32267422,Australia,soda_ash,AUS,manufacturing,chemicals,2023-11-01 00:00:00,2023-11-30 00:00:00,-25.73065477972608,134.50277547536595,,co2e_100yr,25060.35,month,23867,t of chemical,1.05,t of CO2e_100yr per t of chemical,29069,t of chemical,0.8210464756269565,disaggregation,model_methodology,,,,,,,,,,,,,,,,,,,2024-09-27 00:00:00,2025-08-08 20:08:00,,AUS,climate-trace,77
32267422,Australia,soda_ash,AUS,manufacturing,chemicals,2023-12-01 00:00:00,2023-12-31 00:00:00,-25.73065477972608,134.50277547536595,,co2e_100yr,25060.35,month,23867,t of chemical,1.05,t of CO2e_100yr per t of chemical,29069,t of chemical,0.8210464756269565,disaggregation,model_methodology,,,,,,,,,,,,,,,,,,,2024-09-27 00:00:00,2025-08-08 20:08:00,,AUS,climate-trace,77
32267422,Australia,soda_ash,AUS,manufacturing,chemicals,2024-01-01 00:00:00,2024-01-31 00:00:00,-25.73065477972608,134.50277547536595,,co2e_100yr,25060.35,month,23867,t of chemical,1.05,t of CO2e_100yr per t of chemical,29069,t of chemical,0.8210464756269565,disaggregation,model_methodology,,,,,,,,,,,,,,,,,,,2024-09-27 00:00:00,2025-08-08 20:58:51.96777,,AUS,climate-trace,77
32267422,Australia,soda_ash,AUS,manufacturing,chemicals,2024-02-01 00:00:00,2024-02-29 00:00:00,-25.73065477972608,134.50277547536595,,co2e_100yr,25060.35,month,23867,t of chemical,1.05,t of CO2e_100yr per t of chemical,29069,t of chemical,0.8210464756269565,disaggregation,model_methodology,,,,,,,,,,,,,,,,,,,2024-09-27 00:00:00,2025-08-08 20:58:51.96777,,AUS,climate-trace,77
32267422,Australia,soda_ash,AUS,manufacturing,chemicals,2024-03-01 00:00:00,2024-03-31 00:00:00,-25.73065477972608,134.50277547536595,,co2e_100yr,25060.35,month,23867,t of chemical,1.05,t of CO2e_100yr per t of chemical,29069,t of chemical,0.8210464756269565,disaggregation,model_methodology,,,,,,,,,,,,,,,,,,,2024-09-27 00:00:00,2025-08-08 20:58:51.96777,,AUS,climate-trace,77
32267422,Australia,soda_ash,AUS,manufacturing,chemicals,2024-04-01 00:00:00,2024-04-30 00:00:00,-25.73065477972608,134.50277547536595,,co2e_100yr,25060.35,month,23867,t of chemical,1.05,t of CO2e_100yr per t of chemical,29069,t of chemical,0.8210464756269565,disaggregation,model_methodology,,,,,,,,,,,,,,,,,,,2024-09-27 00:00:00,2025-08-08 20:58:51.96777,,AUS,climate-trace,77
32267422,Australia,soda_ash,AUS,manufacturing,chemicals,2024-05-01 00:00:00,2024-05-31 00:00:00,-25.73065477972608,134.50277547536595,,co2e_100yr,25060.35,month,23867,t of chemical,1.05,t of CO2e_100yr per t of chemical,29069,t of chemical,0.8210464756269565,disaggregation,model_methodology,,,,,,,,,,,,,,,,,,,2024-09-27 00:00:00,2025-08-08 20:58:51.96777,,AUS,climate-trace,77
32267422,Australia,soda_ash,AUS,manufacturing,chemicals,2024-06-01 00:00:00,2024-06-30 00:00:00,-25.73065477972608,134.50277547536595,,co2e_100yr,25060.35,month,23867,t of chemical,1.05,t of CO2e_100yr per t of chemical,29069,t of chemical,0.8210464756269565,disaggregation,model_methodology,,,,,,,,,,,,,,,,,,,2024-09-27 00:00:00,2025-08-08 20:58:51.96777,,AUS,climate-trace,77
32267422,Australia,soda_ash,AUS,manufacturing,chemicals,2024-07-01 00:00:00,2024-07-31 00:00:00,-25.73065477972608,134.50277547536595,,co2e_100yr,25060.35,month,23867,t of chemical,1.05,t of CO2e_100yr per t of chemical,29069,t of chemical,0.8210464756269565,disaggregation,model_methodology,,,,,,,,,,,,,,,,,,,2024-09-27 00:00:00,2025-08-08 20:58:51.96777,,AUS,climate-trace,77
32267422,Australia,soda_ash,AUS,manufacturing,chemicals,2024-08-01 00:00:00,2024-08-31 00:00:00,-25.73065477972608,134.50277547536595,,co2e_100yr,25060.35,month,23867,t of chemical,1.05,t of CO2e_100yr per t of chemical,29069,t of chemical,0.8210464756269565,disaggregation,model_methodology,,,,,,,,,,,,,,,,,,,2024-09-27 00:00:00,2025-08-08 20:58:51.96777,,AUS,climate-trace,77
32267422,Australia,soda_ash,AUS,manufacturing,chemicals,2024-09-01 00:00:00,2024-09-30 00:00:00,-25.73065477972608,134.50277547536595,,co2e_100yr,25060.35,month,23867,t of chemical,1.05,t of CO2e_100yr per t of chemical,29069,t of chemical,0.8210464756269565,disaggregation,model_methodology,,,,,,,,,,,,,,,,,,,2024-09-27 00:00:00,2025-08-08 20:58:51.96777,,AUS,climate-trace,77
32267422,Australia,soda_ash,AUS,manufacturing,chemicals,2024-10-01 00:00:00,2024-10-31 00:00:00,-25.73065477972608,134.50277547536595,,co2e_100yr,25060.35,month,23867,t of chemical,1.05,t of CO2e_100yr per t of chemical,29069,t of chemical,0.8210464756269565,disaggregation,model_methodology,,,,,,,,,,,,,,,,,,,2024-09-27 00:00:00,2025-08-08 20:58:51.96777,,AUS,climate-trace,77
32267422,Australia,soda_ash,AUS,manufacturing,chemicals,2024-11-01 00:00:00,2024-11-30 00:00:00,-25.73065477972608,134.50277547536595,,co2e_100yr,25060.35,month,23867,t of chemical,1.05,t of CO2e_100yr per t of chemical,29069,t of chemical,0.8210464756269565,disaggregation,model_methodology,,,,,,,,,,,,,,,,,,,2024-09-27 00:00:00,2025-08-08 20:58:51.96777,,AUS,climate-trace,77
32267422,Australia,soda_ash,AUS,manufacturing,chemicals,2024-12-01 00:00:00,2024-12-31 00:00:00,-25.73065477972608,134.50277547536595,,co2e_100yr,25060.35,month,23867,t of chemical,1.05,t of CO2e_100yr per t of chemical,29069,t of chemical,0.8210464756269565,disaggregation,model_methodology,,,,,,,,,,,,,,,,,,,2024-09-27 00:00:00,2025-08-08 20:58:51.96777,,AUS,climate-trace,77
32267422,Australia,soda_ash,AUS,manufacturing,chemicals,2025-01-01 00:00:00,2025-01-31 00:00:00,-25.73065477972608,134.50277547536595,,co2e_100yr,25060.35,month,23867,t of chemical,1.05,t of CO2e_100yr per t of chemical,29069,t of chemical,0.8210464756269565,disaggregation,model_methodology,,,,,,,,,,,,,,,,,,,2024-09-27 00:00:00,2025-08-08 20:58:51.96777,,AUS,climate-trace,77
32267422,Australia,soda_ash,AUS,manufacturing,chemicals,2025-02-01 00:00:00,2025-02-28 00:00:00,-25.73065477972608,134.50277547536595,,co2e_100yr,25060.35,month,23867,t of chemical,1.05,t of CO2e_100yr per t of chemical,29069,t of chemical,0.8210464756269565,disaggregation,model_methodology,,,,,,,,,,,,,,,,,,,2024-09-27 00:00:00,2025-08-08 20:58:51.96777,,AUS,climate-trace,77
32267422,Australia,soda_ash,AUS,manufacturing,chemicals,2025-03-01 00:00:00,2025-03-31 00:00:00,-25.73065477972608,134.50277547536595,,co2e_100yr,25060.35,month,23867,t of chemical,1.05,t of CO2e_100yr per t of chemical,29069,t of chemical,0.8210464756269565,disaggregation,model_methodology,,,,,,,,,,,,,,,,,,,2024-09-27 00:00:00,2025-08-08 20:58:51.96777,,AUS,climate-trace,77
32267422,Australia,soda_ash,AUS,manufacturing,chemicals,2025-04-01 00:00:00,2025-04-30 00:00:00,-25.73065477972608,134.50277547536595,,co2e_100yr,25060.35,month,23867,t of chemical,1.05,t of CO2e_100yr per t of chemical,29069,t of chemical,0.8210464756269565,disaggregation,model_methodology,,,,,,,,,,,,,,,,,,,2024-09-27 00:00:00,2025-08-08 20:58:51.96777,,AUS,climate-trace,77
32267422,Australia,soda_ash,AUS,manufacturing,chemicals,2025-05-01 00:00:00,2025-05-31 00:00:00,-25.73065477972608,134.50277547536595,,co2e_100yr,25060.35,month,23867,t of chemical,1.05,t of CO2e_100yr per t of chemical,29069,t of chemical,0.8210464756269565,disaggregation,model_methodology,,,,,,,,,,,,,,,,,,,2024-09-27 00:00:00,2025-08-08 20:58:51.96777,,AUS,climate-trace,77
32267422,Australia,soda_ash,AUS,manufacturing,chemicals,2025-06-01 00:00:00,2025-06-30 00:00:00,-25.73065477972608,134.50277547536595,,co2e_100yr,25060.35,month,23867,t of chemical,1.05,t of CO2e_100yr per t of chemical,29069,t of chemical,0.8210464756269565,disaggregation,model_methodology,,,,,,,,,,,,,,,,,,,2024-09-27 00:00:00,2025-08-08 20:58:51.96777,,AUS,climate-trace,77
