iso3_country,sector,subsector,start_time,end_time,gas,emissions_quantity,emissions_quantity_units,temporal_granularity,created_date,modified_date
AUS,manufacturing,food-beverage-tobacco,2015-01-01 00:00:00,2015-12-31 00:00:00,co2e_100yr,3492704.2953588865,,annual,,
AUS,manufacturing,food-beverage-tobacco,2016-01-01 00:00:00,2016-12-31 00:00:00,co2e_100yr,3412721.948261525,,annual,,
AUS,manufacturing,food-beverage-tobacco,2017-01-01 00:00:00,2017-12-31 00:00:00,co2e_100yr,3177304.904642361,,annual,,
AUS,manufacturing,food-beverage-tobacco,2018-01-01 00:00:00,2018-12-31 00:00:00,co2e_100yr,3152324.639657739,,annual,,
AUS,manufacturing,food-beverage-tobacco,2019-01-01 00:00:00,2019-12-31 00:00:00,co2e_100yr,3169505.954361489,,annual,,
AUS,manufacturing,food-beverage-tobacco,2020-01-01 00:00:00,2020-12-31 00:00:00,co2e_100yr,3125938.147916072,,annual,,
AUS,manufacturing,food-beverage-tobacco,2021-01-01 00:00:00,2021-12-31 00:00:00,co2e_100yr,3073205.289288673,,annual,,
AUS,manufacturing,food-beverage-tobacco,2022-01-01 00:00:00,2022-12-31 00:00:00,co2e_100yr,3097175.903892263,,annual,,
AUS,manufacturing,food-beverage-tobacco,2023-01-01 00:00:00,2023-12-31 00:00:00,co2e_100yr,2964716.4616509518,,annual,,
AUS,manufacturing,food-beverage-tobacco,2024-01-01 00:00:00,2024-12-31 00:00:00,co2e_100yr,2964716.461650952,,annual,,
AUS,manufacturing,food-beverage-tobacco,2025-01-01 00:00:00,2025-12-31 00:00:00,co2e_100yr,1482358.2308254756,,annual,,
