source_id,source_name,source_type,iso3_country,sector,subsector,start_time,end_time,lat,lon,geometry_ref,gas,emissions_quantity,temporal_granularity,activity,activity_units,emissions_factor,emissions_factor_units,capacity,capacity_units,capacity_factor,other1,other1_def,other2,other2_def,other3,other3_def,other4,other4_def,other5,other5_def,other6,other6_def,other7,other7_def,other8,other8_def,other9,other9_def,other10,other10_def,created_date,modified_date,lat_lon,native_source_id,reporting_entity,sector_id
38482759,Australian Crocodile Traders,"Butcher, Meat Processing",AUS,manufacturing,food-beverage-tobacco,2021-01-01 00:00:00,2021-01-31 00:00:00,-16.950388,145.750015,,co2e_100yr,84666.48984691498,month,2413370996.2169323,USD,3.5082252160829605e-05,t of CO2e_100yr per USD,2413370996.2169323,USD,1,,,,,,,,,,,,,,,,,,,,,2025-02-28 00:00:00,2025-08-08 23:57:31.553395,,oshAU2024204A42V9R,climate-trace,
38482759,Australian Crocodile Traders,"Butcher, Meat Processing",AUS,manufacturing,food-beverage-tobacco,2021-02-01 00:00:00,2021-02-28 00:00:00,-16.950388,145.750015,,co2e_100yr,83641.647145505,month,2384158427.5166183,USD,3.5082252160829605e-05,t of CO2e_100yr per USD,2384158427.5166183,USD,1,,,,,,,,,,,,,,,,,,,,,2025-02-28 00:00:00,2025-08-08 23:57:31.553395,,oshAU2024204A42V9R,climate-trace,
38482759,Australian Crocodile Traders,"Butcher, Meat Processing",AUS,manufacturing,food-beverage-tobacco,2021-03-01 00:00:00,2021-03-31 00:00:00,-16.950388,145.750015,,co2e_100yr,85326.99669574457,month,2432198374.96678,USD,3.5082252160829605e-05,t of CO2e_100yr per USD,2432198374.96678,USD,1,,,,,,,,,,,,,,,,,,,,,2025-02-28 00:00:00,2025-08-08 23:57:31.553395,,oshAU2024204A42V9R,climate-trace,
38482759,Australian Crocodile Traders,"Butcher, Meat Processing",AUS,manufacturing,food-beverage-tobacco,2021-04-01 00:00:00,2021-04-30 00:00:00,-16.950388,145.750015,,co2e_100yr,86281.33903012611,month,2459401370.0882587,USD,3.5082252160829605e-05,t of CO2e_100yr per USD,2459401370.0882587,USD,1,,,,,,,,,,,,,,,,,,,,,2025-02-28 00:00:00,2025-08-08 23:57:31.553395,,oshAU2024204A42V9R,climate-trace,
38482759,Australian Crocodile Traders,"Butcher, Meat Processing",AUS,manufacturing,food-beverage-tobacco,2021-05-01 00:00:00,2021-05-31 00:00:00,-16.950388,145.750015,,co2e_100yr,85980.9511395624,month,2450838981.0721083,USD,3.5082252160829605e-05,t of CO2e_100yr per USD,2450838981.0721083,USD,1,,,,,,,,,,,,,,,,,,,,,2025-02-28 00:00:00,2025-08-08 23:57:31.553395,,oshAU2024204A42V9R,climate-trace,
38482759,Australian Crocodile Traders,"Butcher, Meat Processing",AUS,manufacturing,food-beverage-tobacco,2021-06-01 00:00:00,2021-06-30 00:00:00,-16.950388,145.750015,,co2e_100yr,86303.4576902591,month,2460031850.1393,USD,3.5082252160829605e-05,t of CO2e_100yr per USD,2460031850.1393,USD,1,,,,,,,,,,,,,,,,,,,,,2025-02-28 00:00:00,2025-08-08 23:57:31.553395,,oshAU2024204A42V9R,climate-trace,
38482759,Australian Crocodile Traders,"Butcher, Meat Processing",AUS,manufacturing,food-beverage-tobacco,2021-07-01 00:00:00,2021-07-31 00:00:00,-16.950388,145.750015,,co2e_100yr,84666.48984691498,month,2413370996.2169323,USD,3.5082252160829605e-05,t of CO2e_100yr per USD,2413370996.2169323,USD,1,,,,,,,,,,,,,,,,,,,,,2025-02-28 00:00:00,2025-08-08 23:57:31.553395,,oshAU2024204A42V9R,climate-trace,
38482759,Australian Crocodile Traders,"Butcher, Meat Processing",AUS,manufacturing,food-beverage-tobacco,2021-08-01 00:00:00,2021-08-31 00:00:00,-16.950388,145.750015,,co2e_100yr,83641.647145505,month,2384158427.5166183,USD,3.5082252160829605e-05,t of CO2e_100yr per USD,2384158427.5166183,USD,1,,,,,,,,,,,,,,,,,,,,,2025-02-28 00:00:00,2025-08-08 23:57:31.553395,,oshAU2024204A42V9R,climate-trace,
38482759,Australian Crocodile Traders,"Butcher, Meat Processing",AUS,manufacturing,food-beverage-tobacco,2021-09-01 00:00:00,2021-09-30 00:00:00,-16.950388,145.750015,,co2e_100yr,85326.99669574457,month,2432198374.96678,USD,3.5082252160829605e-05,t of CO2e_100yr per USD,2432198374.96678,USD,1,,,,,,,,,,,,,,,,,,,,,2025-02-28 00:00:00,2025-08-08 23:57:31.553395,,oshAU2024204A42V9R,climate-trace,
38482759,Australian Crocodile Traders,"Butcher, Meat Processing",AUS,manufacturing,food-beverage-tobacco,2021-10-01 00:00:00,2021-10-31 00:00:00,-16.950388,145.750015,,co2e_100yr,86281.33903012611,month,2459401370.0882587,USD,3.5082252160829605e-05,t of CO2e_100yr per USD,2459401370.0882587,USD,1,,,,,,,,,,,,,,,,,,,,,2025-02-28 00:00:00,2025-08-08 23:57:31.553395,,oshAU2024204A42V9R,climate-trace,
38482759,Australian Crocodile Traders,"Butcher, Meat Processing",AUS,manufacturing,food-beverage-tobacco,2021-11-01 00:00:00,2021-11-30 00:00:00,-16.950388,145.750015,,co2e_100yr,85980.9511395624,month,2450838981.0721083,USD,3.5082252160829605e-05,t of CO2e_100yr per USD,2450838981.0721083,USD,1,,,,,,,,,,,,,,,,,,,,,2025-02-28 00:00:00,2025-08-08 23:57:31.553395,,oshAU2024204A42V9R,climate-trace,
38482759,Australian Crocodile Traders,"Butcher, Meat Processing",AUS,manufacturing,food-beverage-tobacco,2021-12-01 00:00:00,2021-12-31 00:00:00,-16.950388,145.750015,,co2e_100yr,86303.4576902591,month,2460031850.1393,USD,3.5082252160829605e-05,t of CO2e_100yr per USD,2460031850.1393,USD,1,,,,,,,,,,,,,,,,,,,,,2025-02-28 00:00:00,2025-08-08 23:57:31.553395,,oshAU2024204A42V9R,climate-trace,
38482759,Australian Crocodile Traders,"Butcher, Meat Processing",AUS,manufacturing,food-beverage-tobacco,2022-01-01 00:00:00,2022-01-31 00:00:00,-16.950388,145.750015,,co2e_100yr,85326.8778154743,month,2435410913.9906025,USD,3.503592651461837e-05,t of CO2e_100yr per USD,2435410913.9906025,USD,1,,,,,,,,,,,,,,,,,,,,,2025-02-28 00:00:00,2025-08-08 23:57:31.553395,,oshAU2024204A42V9R,climate-trace,
38482759,Australian Crocodile Traders,"Butcher, Meat Processing",AUS,manufacturing,food-beverage-tobacco,2022-02-01 00:00:00,2022-02-28 00:00:00,-16.950388,145.750015,,co2e_100yr,84294.0414699331,month,2405931563.8409705,USD,3.503592651461837e-05,t of CO2e_100yr per USD,2405931563.8409705,USD,1,,,,,,,,,,,,,,,,,,,,,2025-02-28 00:00:00,2025-08-08 23:57:31.553395,,oshAU2024204A42V9R,climate-trace,
38482759,Australian Crocodile Traders,"Butcher, Meat Processing",AUS,manufacturing,food-beverage-tobacco,2022-03-01 00:00:00,2022-03-31 00:00:00,-16.950388,145.750015,,co2e_100yr,85992.53653462364,month,2454410232.2724123,USD,3.503592651461837e-05,t of CO2e_100yr per USD,2454410232.2724123,USD,1,,,,,,,,,,,,,,,,,,,,,2025-02-28 00:00:00,2025-08-08 23:57:31.553395,,oshAU2024204A42V9R,climate-trace,
38482759,Australian Crocodile Traders,"Butcher, Meat Processing",AUS,manufacturing,food-beverage-tobacco,2022-04-01 00:00:00,2022-04-30 00:00:00,-16.950388,145.750015,,co2e_100yr,86954.32261914352,month,2481861656.5730824,USD,3.503592651461837e-05,t of CO2e_100yr per USD,2481861656.5730824,USD,1,,,,,,,,,,,,,,,,,,,,,2025-02-28 00:00:00,2025-08-08 23:57:31.553395,,oshAU2024204A42V9R,climate-trace,
38482759,Australian Crocodile Traders,"Butcher, Meat Processing",AUS,manufacturing,food-beverage-tobacco,2022-05-01 00:00:00,2022-05-31 00:00:00,-16.950388,145.750015,,co2e_100yr,86651.59174082648,month,2473221072.223451,USD,3.503592651461837e-05,t of CO2e_100yr per USD,2473221072.223451,USD,1,,,,,,,,,,,,,,,,,,,,,2025-02-28 00:00:00,2025-08-08 23:57:31.553395,,oshAU2024204A42V9R,climate-trace,
38482759,Australian Crocodile Traders,"Butcher, Meat Processing",AUS,manufacturing,food-beverage-tobacco,2022-06-01 00:00:00,2022-06-30 00:00:00,-16.950388,145.750015,,co2e_100yr,86976.61380204272,month,2482497894.432809,USD,3.503592651461837e-05,t of CO2e_100yr per USD,2482497894.432809,USD,1,,,,,,,,,,,,,,,,,,,,,2025-02-28 00:00:00,2025-08-08 23:57:31.553395,,oshAU2024204A42V9R,climate-trace,
38482759,Australian Crocodile Traders,"Butcher, Meat Processing",AUS,manufacturing,food-beverage-tobacco,2022-07-01 00:00:00,2022-07-31 00:00:00,-16.950388,145.750015,,co2e_100yr,85326.8778154743,month,2435410913.9906025,USD,3.503592651461837e-05,t of CO2e_100yr per USD,2435410913.9906025,USD,1,,,,,,,,,,,,,,,,,,,,,2025-02-28 00:00:00,2025-08-08 23:57:31.553395,,oshAU2024204A42V9R,climate-trace,
38482759,Australian Crocodile Traders,"Butcher, Meat Processing",AUS,manufacturing,food-beverage-tobacco,2022-08-01 00:00:00,2022-08-31 00:00:00,-16.950388,145.750015,,co2e_100yr,84294.0414699331,month,2405931563.8409705,USD,3.503592651461837e-05,t of CO2e_100yr per USD,2405931563.8409705,USD,1,,,,,,,,,,,,,,,,,,,,,2025-02-28 00:00:00,2025-08-08 23:57:31.553395,,oshAU2024204A42V9R,climate-trace,
38482759,Australian Crocodile Traders,"Butcher, Meat Processing",AUS,manufacturing,food-beverage-tobacco,2022-09-01 00:00:00,2022-09-30 00:00:00,-16.950388,145.750015,,co2e_100yr,85992.53653462364,month,2454410232.2724123,USD,3.503592651461837e-05,t of CO2e_100yr per USD,2454410232.2724123,USD,1,,,,,,,,,,,,,,,,,,,,,2025-02-28 00:00:00,2025-08-08 23:57:31.553395,,oshAU2024204A42V9R,climate-trace,
38482759,Australian Crocodile Traders,"Butcher, Meat Processing",AUS,manufacturing,food-beverage-tobacco,2022-10-01 00:00:00,2022-10-31 00:00:00,-16.950388,145.750015,,co2e_100yr,86954.32261914352,month,2481861656.5730824,USD,3.503592651461837e-05,t of CO2e_100yr per USD,2481861656.5730824,USD,1,,,,,,,,,,,,,,,,,,,,,2025-02-28 00:00:00,2025-08-08 23:57:31.553395,,oshAU2024204A42V9R,climate-trace,
38482759,Australian Crocodile Traders,"Butcher, Meat Processing",AUS,manufacturing,food-beverage-tobacco,2022-11-01 00:00:00,2022-11-30 00:00:00,-16.950388,145.750015,,co2e_100yr,86651.59174082648,month,2473221072.223451,USD,3.503592651461837e-05,t of CO2e_100yr per USD,2473221072.223451,USD,1,,,,,,,,,,,,,,,,,,,,,2025-02-28 00:00:00,2025-08-08 23:57:31.553395,,oshAU2024204A42V9R,climate-trace,
38482759,Australian Crocodile Traders,"Butcher, Meat Processing",AUS,manufacturing,food-beverage-tobacco,2022-12-01 00:00:00,2022-12-31 00:00:00,-16.950388,145.750015,,co2e_100yr,86976.61380204272,month,2482497894.432809,USD,3.503592651461837e-05,t of CO2e_100yr per USD,2482497894.432809,USD,1,,,,,,,,,,,,,,,,,,,,,2025-02-28 00:00:00,2025-08-08 23:57:31.553395,,oshAU2024204A42V9R,climate-trace,
38482759,Australian Crocodile Traders,"Butcher, Meat Processing",AUS,manufacturing,food-beverage-tobacco,2023-01-01 00:00:00,2023-01-31 00:00:00,-16.950388,145.750015,,co2e_100yr,81677.63379629333,month,2435410913.990603,USD,3.3537516534513025e-05,t of CO2e_100yr per USD,2435410913.990603,USD,1,,,,,,,,,,,,,,,,,,,,,2025-02-28 00:00:00,2025-08-08 23:57:31.553395,,oshAU2024204A42V9R,climate-trace,
38482759,Australian Crocodile Traders,"Butcher, Meat Processing",AUS,manufacturing,food-beverage-tobacco,2023-02-01 00:00:00,2023-02-28 00:00:00,-16.950388,145.750015,,co2e_100yr,80688.96960322335,month,2405931563.840971,USD,3.3537516534513025e-05,t of CO2e_100yr per USD,2405931563.840971,USD,1,,,,,,,,,,,,,,,,,,,,,2025-02-28 00:00:00,2025-08-08 23:57:31.553395,,oshAU2024204A42V9R,climate-trace,
38482759,Australian Crocodile Traders,"Butcher, Meat Processing",AUS,manufacturing,food-beverage-tobacco,2023-03-01 00:00:00,2023-03-31 00:00:00,-16.950388,145.750015,,co2e_100yr,82314.823747314,month,2454410232.272413,USD,3.3537516534513025e-05,t of CO2e_100yr per USD,2454410232.272413,USD,1,,,,,,,,,,,,,,,,,,,,,2025-02-28 00:00:00,2025-08-08 23:57:31.553395,,oshAU2024204A42V9R,climate-trace,
38482759,Australian Crocodile Traders,"Butcher, Meat Processing",AUS,manufacturing,food-beverage-tobacco,2023-04-01 00:00:00,2023-04-30 00:00:00,-16.950388,145.750015,,co2e_100yr,83235.47634369366,month,2481861656.573083,USD,3.3537516534513025e-05,t of CO2e_100yr per USD,2481861656.573083,USD,1,,,,,,,,,,,,,,,,,,,,,2025-02-28 00:00:00,2025-08-08 23:57:31.553395,,oshAU2024204A42V9R,climate-trace,
38482759,Australian Crocodile Traders,"Butcher, Meat Processing",AUS,manufacturing,food-beverage-tobacco,2023-05-01 00:00:00,2023-05-31 00:00:00,-16.950388,145.750015,,co2e_100yr,82945.69260320005,month,2473221072.223452,USD,3.3537516534513025e-05,t of CO2e_100yr per USD,2473221072.223452,USD,1,,,,,,,,,,,,,,,,,,,,,2025-02-28 00:00:00,2025-08-08 23:57:31.553395,,oshAU2024204A42V9R,climate-trace,
38482759,Australian Crocodile Traders,"Butcher, Meat Processing",AUS,manufacturing,food-beverage-tobacco,2023-06-01 00:00:00,2023-06-30 00:00:00,-16.950388,145.750015,,co2e_100yr,83256.81418143412,month,2482497894.4328094,USD,3.3537516534513025e-05,t of CO2e_100yr per USD,2482497894.4328094,USD,1,,,,,,,,,,,,,,,,,,,,,2025-02-28 00:00:00,2025-08-08 23:57:31.553395,,oshAU2024204A42V9R,climate-trace,
38482759,Australian Crocodile Traders,"Butcher, Meat Processing",AUS,manufacturing,food-beverage-tobacco,2023-07-01 00:00:00,2023-07-31 00:00:00,-16.950388,145.750015,,co2e_100yr,81677.63379629333,month,2435410913.990603,USD,3.3537516534513025e-05,t of CO2e_100yr per USD,2435410913.990603,USD,1,,,,,,,,,,,,,,,,,,,,,2025-02-28 00:00:00,2025-08-08 23:57:31.553395,,oshAU2024204A42V9R,climate-trace,
38482759,Australian Crocodile Traders,"Butcher, Meat Processing",AUS,manufacturing,food-beverage-tobacco,2023-08-01 00:00:00,2023-08-31 00:00:00,-16.950388,145.750015,,co2e_100yr,80688.96960322335,month,2405931563.840971,USD,3.3537516534513025e-05,t of CO2e_100yr per USD,2405931563.840971,USD,1,,,,,,,,,,,,,,,,,,,,,2025-02-28 00:00:00,2025-08-08 23:57:31.553395,,oshAU2024204A42V9R,climate-trace,
38482759,Australian Crocodile Traders,"Butcher, Meat Processing",AUS,manufacturing,food-beverage-tobacco,2023-09-01 00:00:00,2023-09-30 00:00:00,-16.950388,145.750015,,co2e_100yr,82314.823747314,month,2454410232.272413,USD,3.3537516534513025e-05,t of CO2e_100yr per USD,2454410232.272413,USD,1,,,,,,,,,,,,,,,,,,,,,2025-02-28 00:00:00,2025-08-08 23:57:31.553395,,oshAU2024204A42V9R,climate-trace,
38482759,Australian Crocodile Traders,"Butcher, Meat Processing",AUS,manufacturing,food-beverage-tobacco,2023-10-01 00:00:00,2023-10-31 00:00:00,-16.950388,145.750015,,co2e_100yr,83235.47634369366,month,2481861656.573083,USD,3.3537516534513025e-05,t of CO2e_100yr per USD,2481861656.573083,USD,1,,,,,,,,,,,,,,,,,,,,,2025-02-28 00:00:00,2025-08-08 23:57:31.553395,,oshAU2024204A42V9R,climate-trace,
38482759,Australian Crocodile Traders,"Butcher, Meat Processing",AUS,manufacturing,food-beverage-tobacco,2023-11-01 00:00:00,2023-11-30 00:00:00,-16.950388,145.750015,,co2e_100yr,82945.69260320005,month,2473221072.223452,USD,3.3537516534513025e-05,t of CO2e_100yr per USD,2473221072.223452,USD,1,,,,,,,,,,,,,,,,,,,,,2025-02-28 00:00:00,2025-08-08 23:57:31.553395,,oshAU2024204A42V9R,climate-trace,
38482759,Australian Crocodile Traders,"Butcher, Meat Processing",AUS,manufacturing,food-beverage-tobacco,2023-12-01 00:00:00,2023-12-31 00:00:00,-16.950388,145.750015,,co2e_100yr,83256.81418143412,month,2482497894.4328094,USD,3.3537516534513025e-05,t of CO2e_100yr per USD,2482497894.4328094,USD,1,,,,,,,,,,,,,,,,,,,,,2025-02-28 00:00:00,2025-08-08 23:57:31.553395,,oshAU2024204A42V9R,climate-trace,
38482759,Australian Crocodile Traders,"Butcher, Meat Processing",AUS,manufacturing,food-beverage-tobacco,2024-01-01 00:00:00,2024-01-31 00:00:00,-16.950388,145.750015,,co2e_100yr,81677.63379629333,month,2435410913.990603,USD,3.3537516534513025e-05,t of CO2e_100yr per USD,2435410913.990603,USD,1,,,,,,,,,,,,,,,,,,,,,2025-02-28 00:00:00,2025-08-08 23:57:31.553395,,oshAU2024204A42V9R,climate-trace,
38482759,Australian Crocodile Traders,"Butcher, Meat Processing",AUS,manufacturing,food-beverage-tobacco,2024-02-01 00:00:00,2024-02-29 00:00:00,-16.950388,145.750015,,co2e_100yr,80688.96960322335,month,2405931563.840971,USD,3.3537516534513025e-05,t of CO2e_100yr per USD,2405931563.840971,USD,1,,,,,,,,,,,,,,,,,,,,,2025-02-28 00:00:00,2025-08-08 23:57:31.553395,,oshAU2024204A42V9R,climate-trace,
38482759,Australian Crocodile Traders,"Butcher, Meat Processing",AUS,manufacturing,food-beverage-tobacco,2024-03-01 00:00:00,2024-03-31 00:00:00,-16.950388,145.750015,,co2e_100yr,82314.823747314,month,2454410232.272413,USD,3.3537516534513025e-05,t of CO2e_100yr per USD,2454410232.272413,USD,1,,,,,,,,,,,,,,,,,,,,,2025-02-28 00:00:00,2025-08-08 23:57:31.553395,,oshAU2024204A42V9R,climate-trace,
38482759,Australian Crocodile Traders,"Butcher, Meat Processing",AUS,manufacturing,food-beverage-tobacco,2024-04-01 00:00:00,2024-04-30 00:00:00,-16.950388,145.750015,,co2e_100yr,83235.47634369366,month,2481861656.573083,USD,3.3537516534513025e-05,t of CO2e_100yr per USD,2481861656.573083,USD,1,,,,,,,,,,,,,,,,,,,,,2025-02-28 00:00:00,2025-08-08 23:57:31.553395,,oshAU2024204A42V9R,climate-trace,
38482759,Australian Crocodile Traders,"Butcher, Meat Processing",AUS,manufacturing,food-beverage-tobacco,2024-05-01 00:00:00,2024-05-31 00:00:00,-16.950388,145.750015,,co2e_100yr,82945.69260320005,month,2473221072.223452,USD,3.3537516534513025e-05,t of CO2e_100yr per USD,2473221072.223452,USD,1,,,,,,,,,,,,,,,,,,,,,2025-02-28 00:00:00,2025-08-08 23:57:31.553395,,oshAU2024204A42V9R,climate-trace,
38482759,Australian Crocodile Traders,"Butcher, Meat Processing",AUS,manufacturing,food-beverage-tobacco,2024-06-01 00:00:00,2024-06-30 00:00:00,-16.950388,145.750015,,co2e_100yr,83256.81418143412,month,2482497894.4328094,USD,3.3537516534513025e-05,t of CO2e_100yr per USD,2482497894.4328094,USD,1,,,,,,,,,,,,,,,,,,,,,2025-02-28 00:00:00,2025-08-08 23:57:31.553395,,oshAU2024204A42V9R,climate-trace,
38482759,Australian Crocodile Traders,"Butcher, Meat Processing",AUS,manufacturing,food-beverage-tobacco,2024-07-01 00:00:00,2024-07-31 00:00:00,-16.950388,145.750015,,co2e_100yr,81677.63379629333,month,2435410913.990603,USD,3.3537516534513025e-05,t of CO2e_100yr per USD,2435410913.990603,USD,1,,,,,,,,,,,,,,,,,,,,,2025-02-28 00:00:00,2025-08-08 23:57:31.553395,,oshAU2024204A42V9R,climate-trace,
38482759,Australian Crocodile Traders,"Butcher, Meat Processing",AUS,manufacturing,food-beverage-tobacco,2024-08-01 00:00:00,2024-08-31 00:00:00,-16.950388,145.750015,,co2e_100yr,80688.96960322335,month,2405931563.840971,USD,3.3537516534513025e-05,t of CO2e_100yr per USD,2405931563.840971,USD,1,,,,,,,,,,,,,,,,,,,,,2025-02-28 00:00:00,2025-08-08 23:57:31.553395,,oshAU2024204A42V9R,climate-trace,
38482759,Australian Crocodile Traders,"Butcher, Meat Processing",AUS,manufacturing,food-beverage-tobacco,2024-09-01 00:00:00,2024-09-30 00:00:00,-16.950388,145.750015,,co2e_100yr,82314.823747314,month,2454410232.272413,USD,3.3537516534513025e-05,t of CO2e_100yr per USD,2454410232.272413,USD,1,,,,,,,,,,,,,,,,,,,,,2025-02-28 00:00:00,2025-08-08 23:57:31.553395,,oshAU2024204A42V9R,climate-trace,
38482759,Australian Crocodile Traders,"Butcher, Meat Processing",AUS,manufacturing,food-beverage-tobacco,2024-10-01 00:00:00,2024-10-31 00:00:00,-16.950388,145.750015,,co2e_100yr,83235.47634369366,month,2481861656.573083,USD,3.3537516534513025e-05,t of CO2e_100yr per USD,2481861656.573083,USD,1,,,,,,,,,,,,,,,,,,,,,2025-02-28 00:00:00,2025-08-08 23:57:31.553395,,oshAU2024204A42V9R,climate-trace,
38482759,Australian Crocodile Traders,"Butcher, Meat Processing",AUS,manufacturing,food-beverage-tobacco,2024-11-01 00:00:00,2024-11-30 00:00:00,-16.950388,145.750015,,co2e_100yr,82945.69260320005,month,2473221072.223452,USD,3.3537516534513025e-05,t of CO2e_100yr per USD,2473221072.223452,USD,1,,,,,,,,,,,,,,,,,,,,,2025-02-28 00:00:00,2025-08-08 23:57:31.553395,,oshAU2024204A42V9R,climate-trace,
38482759,Australian Crocodile Traders,"Butcher, Meat Processing",AUS,manufacturing,food-beverage-tobacco,2024-12-01 00:00:00,2024-12-31 00:00:00,-16.950388,145.750015,,co2e_100yr,83256.81418143412,month,2482497894.4328094,USD,3.3537516534513025e-05,t of CO2e_100yr per USD,2482497894.4328094,USD,1,,,,,,,,,,,,,,,,,,,,,2025-02-28 00:00:00,2025-08-08 23:57:31.553395,,oshAU2024204A42V9R,climate-trace,
38482759,Australian Crocodile Traders,"Butcher, Meat Processing",AUS,manufacturing,food-beverage-tobacco,2025-01-01 00:00:00,2025-01-31 00:00:00,-16.950388,145.750015,,co2e_100yr,81677.63379629333,month,2435410913.990603,USD,3.3537516534513025e-05,t of CO2e_100yr per USD,2435410913.990603,USD,1,,,,,,,,,,,,,,,,,,,,,2025-02-28 00:00:00,2025-08-08 23:57:31.553395,,oshAU2024204A42V9R,climate-trace,
38482759,Australian Crocodile Traders,"Butcher, Meat Processing",AUS,manufacturing,food-beverage-tobacco,2025-02-01 00:00:00,2025-02-28 00:00:00,-16.950388,145.750015,,co2e_100yr,80688.96960322335,month,2405931563.840971,USD,3.3537516534513025e-05,t of CO2e_100yr per USD,2405931563.840971,USD,1,,,,,,,,,,,,,,,,,,,,,2025-02-28 00:00:00,2025-08-08 23:57:31.553395,,oshAU2024204A42V9R,climate-trace,
38482759,Australian Crocodile Traders,"Butcher, Meat Processing",AUS,manufacturing,food-beverage-tobacco,2025-03-01 00:00:00,2025-03-31 00:00:00,-16.950388,145.750015,,co2e_100yr,82314.823747314,month,2454410232.272413,USD,3.3537516534513025e-05,t of CO2e_100yr per USD,2454410232.272413,USD,1,,,,,,,,,,,,,,,,,,,,,2025-02-28 00:00:00,2025-08-08 23:57:31.553395,,oshAU2024204A42V9R,climate-trace,
38482759,Australian Crocodile Traders,"Butcher, Meat Processing",AUS,manufacturing,food-beverage-tobacco,2025-04-01 00:00:00,2025-04-30 00:00:00,-16.950388,145.750015,,co2e_100yr,83235.47634369366,month,2481861656.573083,USD,3.3537516534513025e-05,t of CO2e_100yr per USD,2481861656.573083,USD,1,,,,,,,,,,,,,,,,,,,,,2025-02-28 00:00:00,2025-08-08 23:57:31.553395,,oshAU2024204A42V9R,climate-trace,
38482759,Australian Crocodile Traders,"Butcher, Meat Processing",AUS,manufacturing,food-beverage-tobacco,2025-05-01 00:00:00,2025-05-31 00:00:00,-16.950388,145.750015,,co2e_100yr,82945.69260320005,month,2473221072.223452,USD,3.3537516534513025e-05,t of CO2e_100yr per USD,2473221072.223452,USD,1,,,,,,,,,,,,,,,,,,,,,2025-02-28 00:00:00,2025-08-08 23:57:31.553395,,oshAU2024204A42V9R,climate-trace,
38482759,Australian Crocodile Traders,"Butcher, Meat Processing",AUS,manufacturing,food-beverage-tobacco,2025-06-01 00:00:00,2025-06-30 00:00:00,-16.950388,145.750015,,co2e_100yr,83256.81418143412,month,2482497894.4328094,USD,3.3537516534513025e-05,t of CO2e_100yr per USD,2482497894.4328094,USD,1,,,,,,,,,,,,,,,,,,,,,2025-02-28 00:00:00,2025-08-08 23:57:31.553395,,oshAU2024204A42V9R,climate-trace,
38487122,Haverick Meats Butcher,"Butcher, Meat Processing",AUS,manufacturing,food-beverage-tobacco,2021-01-01 00:00:00,2021-01-31 00:00:00,-33.944099,151.214859,,co2e_100yr,84666.48984691498,month,2413370996.2169323,USD,3.5082252160829605e-05,t of CO2e_100yr per USD,2413370996.2169323,USD,1,,,,,,,,,,,,,,,,,,,,,2025-02-28 00:00:00,2025-08-08 23:57:31.553395,,oshAU2024204SA57CZ,climate-trace,
38487122,Haverick Meats Butcher,"Butcher, Meat Processing",AUS,manufacturing,food-beverage-tobacco,2021-02-01 00:00:00,2021-02-28 00:00:00,-33.944099,151.214859,,co2e_100yr,83641.647145505,month,2384158427.5166183,USD,3.5082252160829605e-05,t of CO2e_100yr per USD,2384158427.5166183,USD,1,,,,,,,,,,,,,,,,,,,,,2025-02-28 00:00:00,2025-08-08 23:57:31.553395,,oshAU2024204SA57CZ,climate-trace,
38487122,Haverick Meats Butcher,"Butcher, Meat Processing",AUS,manufacturing,food-beverage-tobacco,2021-03-01 00:00:00,2021-03-31 00:00:00,-33.944099,151.214859,,co2e_100yr,85326.99669574457,month,2432198374.96678,USD,3.5082252160829605e-05,t of CO2e_100yr per USD,2432198374.96678,USD,1,,,,,,,,,,,,,,,,,,,,,2025-02-28 00:00:00,2025-08-08 23:57:31.553395,,oshAU2024204SA57CZ,climate-trace,
38487122,Haverick Meats Butcher,"Butcher, Meat Processing",AUS,manufacturing,food-beverage-tobacco,2021-04-01 00:00:00,2021-04-30 00:00:00,-33.944099,151.214859,,co2e_100yr,86281.33903012611,month,2459401370.0882587,USD,3.5082252160829605e-05,t of CO2e_100yr per USD,2459401370.0882587,USD,1,,,,,,,,,,,,,,,,,,,,,2025-02-28 00:00:00,2025-08-08 23:57:31.553395,,oshAU2024204SA57CZ,climate-trace,
38487122,Haverick Meats Butcher,"Butcher, Meat Processing",AUS,manufacturing,food-beverage-tobacco,2021-05-01 00:00:00,2021-05-31 00:00:00,-33.944099,151.214859,,co2e_100yr,85980.9511395624,month,2450838981.0721083,USD,3.5082252160829605e-05,t of CO2e_100yr per USD,2450838981.0721083,USD,1,,,,,,,,,,,,,,,,,,,,,2025-02-28 00:00:00,2025-08-08 23:57:31.553395,,oshAU2024204SA57CZ,climate-trace,
38487122,Haverick Meats Butcher,"Butcher, Meat Processing",AUS,manufacturing,food-beverage-tobacco,2021-06-01 00:00:00,2021-06-30 00:00:00,-33.944099,151.214859,,co2e_100yr,86303.4576902591,month,2460031850.1393,USD,3.5082252160829605e-05,t of CO2e_100yr per USD,2460031850.1393,USD,1,,,,,,,,,,,,,,,,,,,,,2025-02-28 00:00:00,2025-08-08 23:57:31.553395,,oshAU2024204SA57CZ,climate-trace,
38487122,Haverick Meats Butcher,"Butcher, Meat Processing",AUS,manufacturing,food-beverage-tobacco,2021-07-01 00:00:00,2021-07-31 00:00:00,-33.944099,151.214859,,co2e_100yr,84666.48984691498,month,2413370996.2169323,USD,3.5082252160829605e-05,t of CO2e_100yr per USD,2413370996.2169323,USD,1,,,,,,,,,,,,,,,,,,,,,2025-02-28 00:00:00,2025-08-08 23:57:31.553395,,oshAU2024204SA57CZ,climate-trace,
38487122,Haverick Meats Butcher,"Butcher, Meat Processing",AUS,manufacturing,food-beverage-tobacco,2021-08-01 00:00:00,2021-08-31 00:00:00,-33.944099,151.214859,,co2e_100yr,83641.647145505,month,2384158427.5166183,USD,3.5082252160829605e-05,t of CO2e_100yr per USD,2384158427.5166183,USD,1,,,,,,,,,,,,,,,,,,,,,2025-02-28 00:00:00,2025-08-08 23:57:31.553395,,oshAU2024204SA57CZ,climate-trace,
38487122,Haverick Meats Butcher,"Butcher, Meat Processing",AUS,manufacturing,food-beverage-tobacco,2021-09-01 00:00:00,2021-09-30 00:00:00,-33.944099,151.214859,,co2e_100yr,85326.99669574457,month,2432198374.96678,USD,3.5082252160829605e-05,t of CO2e_100yr per USD,2432198374.96678,USD,1,,,,,,,,,,,,,,,,,,,,,2025-02-28 00:00:00,2025-08-08 23:57:31.553395,,oshAU2024204SA57CZ,climate-trace,
38487122,Haverick Meats Butcher,"Butcher, Meat Processing",AUS,manufacturing,food-beverage-tobacco,2021-10-01 00:00:00,2021-10-31 00:00:00,-33.944099,151.214859,,co2e_100yr,86281.33903012611,month,2459401370.0882587,USD,3.5082252160829605e-05,t of CO2e_100yr per USD,2459401370.0882587,USD,1,,,,,,,,,,,,,,,,,,,,,2025-02-28 00:00:00,2025-08-08 23:57:31.553395,,oshAU2024204SA57CZ,climate-trace,
38487122,Haverick Meats Butcher,"Butcher, Meat Processing",AUS,manufacturing,food-beverage-tobacco,2021-11-01 00:00:00,2021-11-30 00:00:00,-33.944099,151.214859,,co2e_100yr,85980.9511395624,month,2450838981.0721083,USD,3.5082252160829605e-05,t of CO2e_100yr per USD,2450838981.0721083,USD,1,,,,,,,,,,,,,,,,,,,,,2025-02-28 00:00:00,2025-08-08 23:57:31.553395,,oshAU2024204SA57CZ,climate-trace,
38487122,Haverick Meats Butcher,"Butcher, Meat Processing",AUS,manufacturing,food-beverage-tobacco,2021-12-01 00:00:00,2021-12-31 00:00:00,-33.944099,151.214859,,co2e_100yr,86303.4576902591,month,2460031850.1393,USD,3.5082252160829605e-05,t of CO2e_100yr per USD,2460031850.1393,USD,1,,,,,,,,,,,,,,,,,,,,,2025-02-28 00:00:00,2025-08-08 23:57:31.553395,,oshAU2024204SA57CZ,climate-trace,
38487122,Haverick Meats Butcher,"Butcher, Meat Processing",AUS,manufacturing,food-beverage-tobacco,2022-01-01 00:00:00,2022-01-31 00:00:00,-33.944099,151.214859,,co2e_100yr,85326.8778154743,month,2435410913.9906025,USD,3.503592651461837e-05,t of CO2e_100yr per USD,2435410913.9906025,USD,1,,,,,,,,,,,,,,,,,,,,,2025-02-28 00:00:00,2025-08-08 23:57:31.553395,,oshAU2024204SA57CZ,climate-trace,
38487122,Haverick Meats Butcher,"Butcher, Meat Processing",AUS,manufacturing,food-beverage-tobacco,2022-02-01 00:00:00,2022-02-28 00:00:00,-33.944099,151.214859,,co2e_100yr,84294.0414699331,month,2405931563.8409705,USD,3.503592651461837e-05,t of CO2e_100yr per USD,2405931563.8409705,USD,1,,,,,,,,,,,,,,,,,,,,,2025-02-28 00:00:00,2025-08-08 23:57:31.553395,,oshAU2024204SA57CZ,climate-trace,
38487122,Haverick Meats Butcher,"Butcher, Meat Processing",AUS,manufacturing,food-beverage-tobacco,2022-03-01 00:00:00,2022-03-31 00:00:00,-33.944099,151.214859,,co2e_100yr,85992.53653462364,month,2454410232.2724123,USD,3.503592651461837e-05,t of CO2e_100yr per USD,2454410232.2724123,USD,1,,,,,,,,,,,,,,,,,,,,,2025-02-28 00:00:00,2025-08-08 23:57:31.553395,,oshAU2024204SA57CZ,climate-trace,
38487122,Haverick Meats Butcher,"Butcher, Meat Processing",AUS,manufacturing,food-beverage-tobacco,2022-04-01 00:00:00,2022-04-30 00:00:00,-33.944099,151.214859,,co2e_100yr,86954.32261914352,month,2481861656.5730824,USD,3.503592651461837e-05,t of CO2e_100yr per USD,2481861656.5730824,USD,1,,,,,,,,,,,,,,,,,,,,,2025-02-28 00:00:00,2025-08-08 23:57:31.553395,,oshAU2024204SA57CZ,climate-trace,
38487122,Haverick Meats Butcher,"Butcher, Meat Processing",AUS,manufacturing,food-beverage-tobacco,2022-05-01 00:00:00,2022-05-31 00:00:00,-33.944099,151.214859,,co2e_100yr,86651.59174082648,month,2473221072.223451,USD,3.503592651461837e-05,t of CO2e_100yr per USD,2473221072.223451,USD,1,,,,,,,,,,,,,,,,,,,,,2025-02-28 00:00:00,2025-08-08 23:57:31.553395,,oshAU2024204SA57CZ,climate-trace,
38487122,Haverick Meats Butcher,"Butcher, Meat Processing",AUS,manufacturing,food-beverage-tobacco,2022-06-01 00:00:00,2022-06-30 00:00:00,-33.944099,151.214859,,co2e_100yr,86976.61380204272,month,2482497894.432809,USD,3.503592651461837e-05,t of CO2e_100yr per USD,2482497894.432809,USD,1,,,,,,,,,,,,,,,,,,,,,2025-02-28 00:00:00,2025-08-08 23:57:31.553395,,oshAU2024204SA57CZ,climate-trace,
38487122,Haverick Meats Butcher,"Butcher, Meat Processing",AUS,manufacturing,food-beverage-tobacco,2022-07-01 00:00:00,2022-07-31 00:00:00,-33.944099,151.214859,,co2e_100yr,85326.8778154743,month,2435410913.9906025,USD,3.503592651461837e-05,t of CO2e_100yr per USD,2435410913.9906025,USD,1,,,,,,,,,,,,,,,,,,,,,2025-02-28 00:00:00,2025-08-08 23:57:31.553395,,oshAU2024204SA57CZ,climate-trace,
38487122,Haverick Meats Butcher,"Butcher, Meat Processing",AUS,manufacturing,food-beverage-tobacco,2022-08-01 00:00:00,2022-08-31 00:00:00,-33.944099,151.214859,,co2e_100yr,84294.0414699331,month,2405931563.8409705,USD,3.503592651461837e-05,t of CO2e_100yr per USD,2405931563.8409705,USD,1,,,,,,,,,,,,,,,,,,,,,2025-02-28 00:00:00,2025-08-08 23:57:31.553395,,oshAU2024204SA57CZ,climate-trace,
38487122,Haverick Meats Butcher,"Butcher, Meat Processing",AUS,manufacturing,food-beverage-tobacco,2022-09-01 00:00:00,2022-09-30 00:00:00,-33.944099,151.214859,,co2e_100yr,85992.53653462364,month,2454410232.2724123,USD,3.503592651461837e-05,t of CO2e_100yr per USD,2454410232.2724123,USD,1,,,,,,,,,,,,,,,,,,,,,2025-02-28 00:00:00,2025-08-08 23:57:31.553395,,oshAU2024204SA57CZ,climate-trace,
38487122,Haverick Meats Butcher,"Butcher, Meat Processing",AUS,manufacturing,food-beverage-tobacco,2022-10-01 00:00:00,2022-10-31 00:00:00,-33.944099,151.214859,,co2e_100yr,86954.32261914352,month,2481861656.5730824,USD,3.503592651461837e-05,t of CO2e_100yr per USD,2481861656.5730824,USD,1,,,,,,,,,,,,,,,,,,,,,2025-02-28 00:00:00,2025-08-08 23:57:31.553395,,oshAU2024204SA57CZ,climate-trace,
38487122,Haverick Meats Butcher,"Butcher, Meat Processing",AUS,manufacturing,food-beverage-tobacco,2022-11-01 00:00:00,2022-11-30 00:00:00,-33.944099,151.214859,,co2e_100yr,86651.59174082648,month,2473221072.223451,USD,3.503592651461837e-05,t of CO2e_100yr per USD,2473221072.223451,USD,1,,,,,,,,,,,,,,,,,,,,,2025-02-28 00:00:00,2025-08-08 23:57:31.553395,,oshAU2024204SA57CZ,climate-trace,
38487122,Haverick Meats Butcher,"Butcher, Meat Processing",AUS,manufacturing,food-beverage-tobacco,2022-12-01 00:00:00,2022-12-31 00:00:00,-33.944099,151.214859,,co2e_100yr,86976.61380204272,month,2482497894.432809,USD,3.503592651461837e-05,t of CO2e_100yr per USD,2482497894.432809,USD,1,,,,,,,,,,,,,,,,,,,,,2025-02-28 00:00:00,2025-08-08 23:57:31.553395,,oshAU2024204SA57CZ,climate-trace,
38487122,Haverick Meats Butcher,"Butcher, Meat Processing",AUS,manufacturing,food-beverage-tobacco,2023-01-01 00:00:00,2023-01-31 00:00:00,-33.944099,151.214859,,co2e_100yr,81677.63379629333,month,2435410913.990603,USD,3.3537516534513025e-05,t of CO2e_100yr per USD,2435410913.990603,USD,1,,,,,,,,,,,,,,,,,,,,,2025-02-28 00:00:00,2025-08-08 23:57:31.553395,,oshAU2024204SA57CZ,climate-trace,
38487122,Haverick Meats Butcher,"Butcher, Meat Processing",AUS,manufacturing,food-beverage-tobacco,2023-02-01 00:00:00,2023-02-28 00:00:00,-33.944099,151.214859,,co2e_100yr,80688.96960322335,month,2405931563.840971,USD,3.3537516534513025e-05,t of CO2e_100yr per USD,2405931563.840971,USD,1,,,,,,,,,,,,,,,,,,,,,2025-02-28 00:00:00,2025-08-08 23:57:31.553395,,oshAU2024204SA57CZ,climate-trace,
38487122,Haverick Meats Butcher,"Butcher, Meat Processing",AUS,manufacturing,food-beverage-tobacco,2023-03-01 00:00:00,2023-03-31 00:00:00,-33.944099,151.214859,,co2e_100yr,82314.823747314,month,2454410232.272413,USD,3.3537516534513025e-05,t of CO2e_100yr per USD,2454410232.272413,USD,1,,,,,,,,,,,,,,,,,,,,,2025-02-28 00:00:00,2025-08-08 23:57:31.553395,,oshAU2024204SA57CZ,climate-trace,
38487122,Haverick Meats Butcher,"Butcher, Meat Processing",AUS,manufacturing,food-beverage-tobacco,2023-04-01 00:00:00,2023-04-30 00:00:00,-33.944099,151.214859,,co2e_100yr,83235.47634369366,month,2481861656.573083,USD,3.3537516534513025e-05,t of CO2e_100yr per USD,2481861656.573083,USD,1,,,,,,,,,,,,,,,,,,,,,2025-02-28 00:00:00,2025-08-08 23:57:31.553395,,oshAU2024204SA57CZ,climate-trace,
38487122,Haverick Meats Butcher,"Butcher, Meat Processing",AUS,manufacturing,food-beverage-tobacco,2023-05-01 00:00:00,2023-05-31 00:00:00,-33.944099,151.214859,,co2e_100yr,82945.69260320005,month,2473221072.223452,USD,3.3537516534513025e-05,t of CO2e_100yr per USD,2473221072.223452,USD,1,,,,,,,,,,,,,,,,,,,,,2025-02-28 00:00:00,2025-08-08 23:57:31.553395,,oshAU2024204SA57CZ,climate-trace,
38487122,Haverick Meats Butcher,"Butcher, Meat Processing",AUS,manufacturing,food-beverage-tobacco,2023-06-01 00:00:00,2023-06-30 00:00:00,-33.944099,151.214859,,co2e_100yr,83256.81418143412,month,2482497894.4328094,USD,3.3537516534513025e-05,t of CO2e_100yr per USD,2482497894.4328094,USD,1,,,,,,,,,,,,,,,,,,,,,2025-02-28 00:00:00,2025-08-08 23:57:31.553395,,oshAU2024204SA57CZ,climate-trace,
38487122,Haverick Meats Butcher,"Butcher, Meat Processing",AUS,manufacturing,food-beverage-tobacco,2023-07-01 00:00:00,2023-07-31 00:00:00,-33.944099,151.214859,,co2e_100yr,81677.63379629333,month,2435410913.990603,USD,3.3537516534513025e-05,t of CO2e_100yr per USD,2435410913.990603,USD,1,,,,,,,,,,,,,,,,,,,,,2025-02-28 00:00:00,2025-08-08 23:57:31.553395,,oshAU2024204SA57CZ,climate-trace,
38487122,Haverick Meats Butcher,"Butcher, Meat Processing",AUS,manufacturing,food-beverage-tobacco,2023-08-01 00:00:00,2023-08-31 00:00:00,-33.944099,151.214859,,co2e_100yr,80688.96960322335,month,2405931563.840971,USD,3.3537516534513025e-05,t of CO2e_100yr per USD,2405931563.840971,USD,1,,,,,,,,,,,,,,,,,,,,,2025-02-28 00:00:00,2025-08-08 23:57:31.553395,,oshAU2024204SA57CZ,climate-trace,
38487122,Haverick Meats Butcher,"Butcher, Meat Processing",AUS,manufacturing,food-beverage-tobacco,2023-09-01 00:00:00,2023-09-30 00:00:00,-33.944099,151.214859,,co2e_100yr,82314.823747314,month,2454410232.272413,USD,3.3537516534513025e-05,t of CO2e_100yr per USD,2454410232.272413,USD,1,,,,,,,,,,,,,,,,,,,,,2025-02-28 00:00:00,2025-08-08 23:57:31.553395,,oshAU2024204SA57CZ,climate-trace,
38487122,Haverick Meats Butcher,"Butcher, Meat Processing",AUS,manufacturing,food-beverage-tobacco,2023-10-01 00:00:00,2023-10-31 00:00:00,-33.944099,151.214859,,co2e_100yr,83235.47634369366,month,2481861656.573083,USD,3.3537516534513025e-05,t of CO2e_100yr per USD,2481861656.573083,USD,1,,,,,,,,,,,,,,,,,,,,,2025-02-28 00:00:00,2025-08-08 23:57:31.553395,,oshAU2024204SA57CZ,climate-trace,
38487122,Haverick Meats Butcher,"Butcher, Meat Processing",AUS,manufacturing,food-beverage-tobacco,2023-11-01 00:00:00,2023-11-30 00:00:00,-33.944099,151.214859,,co2e_100yr,82945.69260320005,month,2473221072.223452,USD,3.3537516534513025e-05,t of CO2e_100yr per USD,2473221072.223452,USD,1,,,,,,,,,,,,,,,,,,,,,2025-02-28 00:00:00,2025-08-08 23:57:31.553395,,oshAU2024204SA57CZ,climate-trace,
38487122,Haverick Meats Butcher,"Butcher, Meat Processing",AUS,manufacturing,food-beverage-tobacco,2023-12-01 00:00:00,2023-12-31 00:00:00,-33.944099,151.214859,,co2e_100yr,83256.81418143412,month,2482497894.4328094,USD,3.3537516534513025e-05,t of CO2e_100yr per USD,2482497894.4328094,USD,1,,,,,,,,,,,,,,,,,,,,,2025-02-28 00:00:00,2025-08-08 23:57:31.553395,,oshAU2024204SA57CZ,climate-trace,
38487122,Haverick Meats Butcher,"Butcher, Meat Processing",AUS,manufacturing,food-beverage-tobacco,2024-01-01 00:00:00,2024-01-31 00:00:00,-33.944099,151.214859,,co2e_100yr,81677.63379629333,month,2435410913.990603,USD,3.3537516534513025e-05,t of CO2e_100yr per USD,2435410913.990603,USD,1,,,,,,,,,,,,,,,,,,,,,2025-02-28 00:00:00,2025-08-08 23:57:31.553395,,oshAU2024204SA57CZ,climate-trace,
38487122,Haverick Meats Butcher,"Butcher, Meat Processing",AUS,manufacturing,food-beverage-tobacco,2024-02-01 00:00:00,2024-02-29 00:00:00,-33.944099,151.214859,,co2e_100yr,80688.96960322335,month,2405931563.840971,USD,3.3537516534513025e-05,t of CO2e_100yr per USD,2405931563.840971,USD,1,,,,,,,,,,,,,,,,,,,,,2025-02-28 00:00:00,2025-08-08 23:57:31.553395,,oshAU2024204SA57CZ,climate-trace,
38487122,Haverick Meats Butcher,"Butcher, Meat Processing",AUS,manufacturing,food-beverage-tobacco,2024-03-01 00:00:00,2024-03-31 00:00:00,-33.944099,151.214859,,co2e_100yr,82314.823747314,month,2454410232.272413,USD,3.3537516534513025e-05,t of CO2e_100yr per USD,2454410232.272413,USD,1,,,,,,,,,,,,,,,,,,,,,2025-02-28 00:00:00,2025-08-08 23:57:31.553395,,oshAU2024204SA57CZ,climate-trace,
38487122,Haverick Meats Butcher,"Butcher, Meat Processing",AUS,manufacturing,food-beverage-tobacco,2024-04-01 00:00:00,2024-04-30 00:00:00,-33.944099,151.214859,,co2e_100yr,83235.47634369366,month,2481861656.573083,USD,3.3537516534513025e-05,t of CO2e_100yr per USD,2481861656.573083,USD,1,,,,,,,,,,,,,,,,,,,,,2025-02-28 00:00:00,2025-08-08 23:57:31.553395,,oshAU2024204SA57CZ,climate-trace,
38487122,Haverick Meats Butcher,"Butcher, Meat Processing",AUS,manufacturing,food-beverage-tobacco,2024-05-01 00:00:00,2024-05-31 00:00:00,-33.944099,151.214859,,co2e_100yr,82945.69260320005,month,2473221072.223452,USD,3.3537516534513025e-05,t of CO2e_100yr per USD,2473221072.223452,USD,1,,,,,,,,,,,,,,,,,,,,,2025-02-28 00:00:00,2025-08-08 23:57:31.553395,,oshAU2024204SA57CZ,climate-trace,
38487122,Haverick Meats Butcher,"Butcher, Meat Processing",AUS,manufacturing,food-beverage-tobacco,2024-06-01 00:00:00,2024-06-30 00:00:00,-33.944099,151.214859,,co2e_100yr,83256.81418143412,month,2482497894.4328094,USD,3.3537516534513025e-05,t of CO2e_100yr per USD,2482497894.4328094,USD,1,,,,,,,,,,,,,,,,,,,,,2025-02-28 00:00:00,2025-08-08 23:57:31.553395,,oshAU2024204SA57CZ,climate-trace,
38487122,Haverick Meats Butcher,"Butcher, Meat Processing",AUS,manufacturing,food-beverage-tobacco,2024-07-01 00:00:00,2024-07-31 00:00:00,-33.944099,151.214859,,co2e_100yr,81677.63379629333,month,2435410913.990603,USD,3.3537516534513025e-05,t of CO2e_100yr per USD,2435410913.990603,USD,1,,,,,,,,,,,,,,,,,,,,,2025-02-28 00:00:00,2025-08-08 23:57:31.553395,,oshAU2024204SA57CZ,climate-trace,
38487122,Haverick Meats Butcher,"Butcher, Meat Processing",AUS,manufacturing,food-beverage-tobacco,2024-08-01 00:00:00,2024-08-31 00:00:00,-33.944099,151.214859,,co2e_100yr,80688.96960322335,month,2405931563.840971,USD,3.3537516534513025e-05,t of CO2e_100yr per USD,2405931563.840971,USD,1,,,,,,,,,,,,,,,,,,,,,2025-02-28 00:00:00,2025-08-08 23:57:31.553395,,oshAU2024204SA57CZ,climate-trace,
38487122,Haverick Meats Butcher,"Butcher, Meat Processing",AUS,manufacturing,food-beverage-tobacco,2024-09-01 00:00:00,2024-09-30 00:00:00,-33.944099,151.214859,,co2e_100yr,82314.823747314,month,2454410232.272413,USD,3.3537516534513025e-05,t of CO2e_100yr per USD,2454410232.272413,USD,1,,,,,,,,,,,,,,,,,,,,,2025-02-28 00:00:00,2025-08-08 23:57:31.553395,,oshAU2024204SA57CZ,climate-trace,
38487122,Haverick Meats Butcher,"Butcher, Meat Processing",AUS,manufacturing,food-beverage-tobacco,2024-10-01 00:00:00,2024-10-31 00:00:00,-33.944099,151.214859,,co2e_100yr,83235.47634369366,month,2481861656.573083,USD,3.3537516534513025e-05,t of CO2e_100yr per USD,2481861656.573083,USD,1,,,,,,,,,,,,,,,,,,,,,2025-02-28 00:00:00,2025-08-08 23:57:31.553395,,oshAU2024204SA57CZ,climate-trace,
38487122,Haverick Meats Butcher,"Butcher, Meat Processing",AUS,manufacturing,food-beverage-tobacco,2024-11-01 00:00:00,2024-11-30 00:00:00,-33.944099,151.214859,,co2e_100yr,82945.69260320005,month,2473221072.223452,USD,3.3537516534513025e-05,t of CO2e_100yr per USD,2473221072.223452,USD,1,,,,,,,,,,,,,,,,,,,,,2025-02-28 00:00:00,2025-08-08 23:57:31.553395,,oshAU2024204SA57CZ,climate-trace,
38487122,Haverick Meats Butcher,"Butcher, Meat Processing",AUS,manufacturing,food-beverage-tobacco,2024-12-01 00:00:00,2024-12-31 00:00:00,-33.944099,151.214859,,co2e_100yr,83256.81418143412,month,2482497894.4328094,USD,3.3537516534513025e-05,t of CO2e_100yr per USD,2482497894.4328094,USD,1,,,,,,,,,,,,,,,,,,,,,2025-02-28 00:00:00,2025-08-08 23:57:31.553395,,oshAU2024204SA57CZ,climate-trace,
38487122,Haverick Meats Butcher,"Butcher, Meat Processing",AUS,manufacturing,food-beverage-tobacco,2025-01-01 00:00:00,2025-01-31 00:00:00,-33.944099,151.214859,,co2e_100yr,81677.63379629333,month,2435410913.990603,USD,3.3537516534513025e-05,t of CO2e_100yr per USD,2435410913.990603,USD,1,,,,,,,,,,,,,,,,,,,,,2025-02-28 00:00:00,2025-08-08 23:57:31.553395,,oshAU2024204SA57CZ,climate-trace,
38487122,Haverick Meats Butcher,"Butcher, Meat Processing",AUS,manufacturing,food-beverage-tobacco,2025-02-01 00:00:00,2025-02-28 00:00:00,-33.944099,151.214859,,co2e_100yr,80688.96960322335,month,2405931563.840971,USD,3.3537516534513025e-05,t of CO2e_100yr per USD,2405931563.840971,USD,1,,,,,,,,,,,,,,,,,,,,,2025-02-28 00:00:00,2025-08-08 23:57:31.553395,,oshAU2024204SA57CZ,climate-trace,
38487122,Haverick Meats Butcher,"Butcher, Meat Processing",AUS,manufacturing,food-beverage-tobacco,2025-03-01 00:00:00,2025-03-31 00:00:00,-33.944099,151.214859,,co2e_100yr,82314.823747314,month,2454410232.272413,USD,3.3537516534513025e-05,t of CO2e_100yr per USD,2454410232.272413,USD,1,,,,,,,,,,,,,,,,,,,,,2025-02-28 00:00:00,2025-08-08 23:57:31.553395,,oshAU2024204SA57CZ,climate-trace,
38487122,Haverick Meats Butcher,"Butcher, Meat Processing",AUS,manufacturing,food-beverage-tobacco,2025-04-01 00:00:00,2025-04-30 00:00:00,-33.944099,151.214859,,co2e_100yr,83235.47634369366,month,2481861656.573083,USD,3.3537516534513025e-05,t of CO2e_100yr per USD,2481861656.573083,USD,1,,,,,,,,,,,,,,,,,,,,,2025-02-28 00:00:00,2025-08-08 23:57:31.553395,,oshAU2024204SA57CZ,climate-trace,
38487122,Haverick Meats Butcher,"Butcher, Meat Processing",AUS,manufacturing,food-beverage-tobacco,2025-05-01 00:00:00,2025-05-31 00:00:00,-33.944099,151.214859,,co2e_100yr,82945.69260320005,month,2473221072.223452,USD,3.3537516534513025e-05,t of CO2e_100yr per USD,2473221072.223452,USD,1,,,,,,,,,,,,,,,,,,,,,2025-02-28 00:00:00,2025-08-08 23:57:31.553395,,oshAU2024204SA57CZ,climate-trace,
38487122,Haverick Meats Butcher,"Butcher, Meat Processing",AUS,manufacturing,food-beverage-tobacco,2025-06-01 00:00:00,2025-06-30 00:00:00,-33.944099,151.214859,,co2e_100yr,83256.81418143412,month,2482497894.4328094,USD,3.3537516534513025e-05,t of CO2e_100yr per USD,2482497894.4328094,USD,1,,,,,,,,,,,,,,,,,,,,,2025-02-28 00:00:00,2025-08-08 23:57:31.553395,,oshAU2024204SA57CZ,climate-trace,
38493107,Tasman Butchers,"Butcher, Meat Processing",AUS,manufacturing,food-beverage-tobacco,2021-01-01 00:00:00,2021-01-31 00:00:00,-37.814365,144.847778,,co2e_100yr,84666.48984691498,month,2413370996.2169323,USD,3.5082252160829605e-05,t of CO2e_100yr per USD,2413370996.2169323,USD,1,,,,,,,,,,,,,,,,,,,,,2025-02-28 00:00:00,2025-08-08 23:57:31.553395,,oshAU2024204GQM0DC,climate-trace,
38493107,Tasman Butchers,"Butcher, Meat Processing",AUS,manufacturing,food-beverage-tobacco,2021-02-01 00:00:00,2021-02-28 00:00:00,-37.814365,144.847778,,co2e_100yr,83641.647145505,month,2384158427.5166183,USD,3.5082252160829605e-05,t of CO2e_100yr per USD,2384158427.5166183,USD,1,,,,,,,,,,,,,,,,,,,,,2025-02-28 00:00:00,2025-08-08 23:57:31.553395,,oshAU2024204GQM0DC,climate-trace,
38493107,Tasman Butchers,"Butcher, Meat Processing",AUS,manufacturing,food-beverage-tobacco,2021-03-01 00:00:00,2021-03-31 00:00:00,-37.814365,144.847778,,co2e_100yr,85326.99669574457,month,2432198374.96678,USD,3.5082252160829605e-05,t of CO2e_100yr per USD,2432198374.96678,USD,1,,,,,,,,,,,,,,,,,,,,,2025-02-28 00:00:00,2025-08-08 23:57:31.553395,,oshAU2024204GQM0DC,climate-trace,
38493107,Tasman Butchers,"Butcher, Meat Processing",AUS,manufacturing,food-beverage-tobacco,2021-04-01 00:00:00,2021-04-30 00:00:00,-37.814365,144.847778,,co2e_100yr,86281.33903012611,month,2459401370.0882587,USD,3.5082252160829605e-05,t of CO2e_100yr per USD,2459401370.0882587,USD,1,,,,,,,,,,,,,,,,,,,,,2025-02-28 00:00:00,2025-08-08 23:57:31.553395,,oshAU2024204GQM0DC,climate-trace,
38493107,Tasman Butchers,"Butcher, Meat Processing",AUS,manufacturing,food-beverage-tobacco,2021-05-01 00:00:00,2021-05-31 00:00:00,-37.814365,144.847778,,co2e_100yr,85980.9511395624,month,2450838981.0721083,USD,3.5082252160829605e-05,t of CO2e_100yr per USD,2450838981.0721083,USD,1,,,,,,,,,,,,,,,,,,,,,2025-02-28 00:00:00,2025-08-08 23:57:31.553395,,oshAU2024204GQM0DC,climate-trace,
38493107,Tasman Butchers,"Butcher, Meat Processing",AUS,manufacturing,food-beverage-tobacco,2021-06-01 00:00:00,2021-06-30 00:00:00,-37.814365,144.847778,,co2e_100yr,86303.4576902591,month,2460031850.1393,USD,3.5082252160829605e-05,t of CO2e_100yr per USD,2460031850.1393,USD,1,,,,,,,,,,,,,,,,,,,,,2025-02-28 00:00:00,2025-08-08 23:57:31.553395,,oshAU2024204GQM0DC,climate-trace,
38493107,Tasman Butchers,"Butcher, Meat Processing",AUS,manufacturing,food-beverage-tobacco,2021-07-01 00:00:00,2021-07-31 00:00:00,-37.814365,144.847778,,co2e_100yr,84666.48984691498,month,2413370996.2169323,USD,3.5082252160829605e-05,t of CO2e_100yr per USD,2413370996.2169323,USD,1,,,,,,,,,,,,,,,,,,,,,2025-02-28 00:00:00,2025-08-08 23:57:31.553395,,oshAU2024204GQM0DC,climate-trace,
38493107,Tasman Butchers,"Butcher, Meat Processing",AUS,manufacturing,food-beverage-tobacco,2021-08-01 00:00:00,2021-08-31 00:00:00,-37.814365,144.847778,,co2e_100yr,83641.647145505,month,2384158427.5166183,USD,3.5082252160829605e-05,t of CO2e_100yr per USD,2384158427.5166183,USD,1,,,,,,,,,,,,,,,,,,,,,2025-02-28 00:00:00,2025-08-08 23:57:31.553395,,oshAU2024204GQM0DC,climate-trace,
38493107,Tasman Butchers,"Butcher, Meat Processing",AUS,manufacturing,food-beverage-tobacco,2021-09-01 00:00:00,2021-09-30 00:00:00,-37.814365,144.847778,,co2e_100yr,85326.99669574457,month,2432198374.96678,USD,3.5082252160829605e-05,t of CO2e_100yr per USD,2432198374.96678,USD,1,,,,,,,,,,,,,,,,,,,,,2025-02-28 00:00:00,2025-08-08 23:57:31.553395,,oshAU2024204GQM0DC,climate-trace,
38493107,Tasman Butchers,"Butcher, Meat Processing",AUS,manufacturing,food-beverage-tobacco,2021-10-01 00:00:00,2021-10-31 00:00:00,-37.814365,144.847778,,co2e_100yr,86281.33903012611,month,2459401370.0882587,USD,3.5082252160829605e-05,t of CO2e_100yr per USD,2459401370.0882587,USD,1,,,,,,,,,,,,,,,,,,,,,2025-02-28 00:00:00,2025-08-08 23:57:31.553395,,oshAU2024204GQM0DC,climate-trace,
38493107,Tasman Butchers,"Butcher, Meat Processing",AUS,manufacturing,food-beverage-tobacco,2021-11-01 00:00:00,2021-11-30 00:00:00,-37.814365,144.847778,,co2e_100yr,85980.9511395624,month,2450838981.0721083,USD,3.5082252160829605e-05,t of CO2e_100yr per USD,2450838981.0721083,USD,1,,,,,,,,,,,,,,,,,,,,,2025-02-28 00:00:00,2025-08-08 23:57:31.553395,,oshAU2024204GQM0DC,climate-trace,
38493107,Tasman Butchers,"Butcher, Meat Processing",AUS,manufacturing,food-beverage-tobacco,2021-12-01 00:00:00,2021-12-31 00:00:00,-37.814365,144.847778,,co2e_100yr,86303.4576902591,month,2460031850.1393,USD,3.5082252160829605e-05,t of CO2e_100yr per USD,2460031850.1393,USD,1,,,,,,,,,,,,,,,,,,,,,2025-02-28 00:00:00,2025-08-08 23:57:31.553395,,oshAU2024204GQM0DC,climate-trace,
38493107,Tasman Butchers,"Butcher, Meat Processing",AUS,manufacturing,food-beverage-tobacco,2022-01-01 00:00:00,2022-01-31 00:00:00,-37.814365,144.847778,,co2e_100yr,85326.8778154743,month,2435410913.9906025,USD,3.503592651461837e-05,t of CO2e_100yr per USD,2435410913.9906025,USD,1,,,,,,,,,,,,,,,,,,,,,2025-02-28 00:00:00,2025-08-08 23:57:31.553395,,oshAU2024204GQM0DC,climate-trace,
38493107,Tasman Butchers,"Butcher, Meat Processing",AUS,manufacturing,food-beverage-tobacco,2022-02-01 00:00:00,2022-02-28 00:00:00,-37.814365,144.847778,,co2e_100yr,84294.0414699331,month,2405931563.8409705,USD,3.503592651461837e-05,t of CO2e_100yr per USD,2405931563.8409705,USD,1,,,,,,,,,,,,,,,,,,,,,2025-02-28 00:00:00,2025-08-08 23:57:31.553395,,oshAU2024204GQM0DC,climate-trace,
38493107,Tasman Butchers,"Butcher, Meat Processing",AUS,manufacturing,food-beverage-tobacco,2022-03-01 00:00:00,2022-03-31 00:00:00,-37.814365,144.847778,,co2e_100yr,85992.53653462364,month,2454410232.2724123,USD,3.503592651461837e-05,t of CO2e_100yr per USD,2454410232.2724123,USD,1,,,,,,,,,,,,,,,,,,,,,2025-02-28 00:00:00,2025-08-08 23:57:31.553395,,oshAU2024204GQM0DC,climate-trace,
38493107,Tasman Butchers,"Butcher, Meat Processing",AUS,manufacturing,food-beverage-tobacco,2022-04-01 00:00:00,2022-04-30 00:00:00,-37.814365,144.847778,,co2e_100yr,86954.32261914352,month,2481861656.5730824,USD,3.503592651461837e-05,t of CO2e_100yr per USD,2481861656.5730824,USD,1,,,,,,,,,,,,,,,,,,,,,2025-02-28 00:00:00,2025-08-08 23:57:31.553395,,oshAU2024204GQM0DC,climate-trace,
38493107,Tasman Butchers,"Butcher, Meat Processing",AUS,manufacturing,food-beverage-tobacco,2022-05-01 00:00:00,2022-05-31 00:00:00,-37.814365,144.847778,,co2e_100yr,86651.59174082648,month,2473221072.223451,USD,3.503592651461837e-05,t of CO2e_100yr per USD,2473221072.223451,USD,1,,,,,,,,,,,,,,,,,,,,,2025-02-28 00:00:00,2025-08-08 23:57:31.553395,,oshAU2024204GQM0DC,climate-trace,
38493107,Tasman Butchers,"Butcher, Meat Processing",AUS,manufacturing,food-beverage-tobacco,2022-06-01 00:00:00,2022-06-30 00:00:00,-37.814365,144.847778,,co2e_100yr,86976.61380204272,month,2482497894.432809,USD,3.503592651461837e-05,t of CO2e_100yr per USD,2482497894.432809,USD,1,,,,,,,,,,,,,,,,,,,,,2025-02-28 00:00:00,2025-08-08 23:57:31.553395,,oshAU2024204GQM0DC,climate-trace,
38493107,Tasman Butchers,"Butcher, Meat Processing",AUS,manufacturing,food-beverage-tobacco,2022-07-01 00:00:00,2022-07-31 00:00:00,-37.814365,144.847778,,co2e_100yr,85326.8778154743,month,2435410913.9906025,USD,3.503592651461837e-05,t of CO2e_100yr per USD,2435410913.9906025,USD,1,,,,,,,,,,,,,,,,,,,,,2025-02-28 00:00:00,2025-08-08 23:57:31.553395,,oshAU2024204GQM0DC,climate-trace,
38493107,Tasman Butchers,"Butcher, Meat Processing",AUS,manufacturing,food-beverage-tobacco,2022-08-01 00:00:00,2022-08-31 00:00:00,-37.814365,144.847778,,co2e_100yr,84294.0414699331,month,2405931563.8409705,USD,3.503592651461837e-05,t of CO2e_100yr per USD,2405931563.8409705,USD,1,,,,,,,,,,,,,,,,,,,,,2025-02-28 00:00:00,2025-08-08 23:57:31.553395,,oshAU2024204GQM0DC,climate-trace,
38493107,Tasman Butchers,"Butcher, Meat Processing",AUS,manufacturing,food-beverage-tobacco,2022-09-01 00:00:00,2022-09-30 00:00:00,-37.814365,144.847778,,co2e_100yr,85992.53653462364,month,2454410232.2724123,USD,3.503592651461837e-05,t of CO2e_100yr per USD,2454410232.2724123,USD,1,,,,,,,,,,,,,,,,,,,,,2025-02-28 00:00:00,2025-08-08 23:57:31.553395,,oshAU2024204GQM0DC,climate-trace,
38493107,Tasman Butchers,"Butcher, Meat Processing",AUS,manufacturing,food-beverage-tobacco,2022-10-01 00:00:00,2022-10-31 00:00:00,-37.814365,144.847778,,co2e_100yr,86954.32261914352,month,2481861656.5730824,USD,3.503592651461837e-05,t of CO2e_100yr per USD,2481861656.5730824,USD,1,,,,,,,,,,,,,,,,,,,,,2025-02-28 00:00:00,2025-08-08 23:57:31.553395,,oshAU2024204GQM0DC,climate-trace,
38493107,Tasman Butchers,"Butcher, Meat Processing",AUS,manufacturing,food-beverage-tobacco,2022-11-01 00:00:00,2022-11-30 00:00:00,-37.814365,144.847778,,co2e_100yr,86651.59174082648,month,2473221072.223451,USD,3.503592651461837e-05,t of CO2e_100yr per USD,2473221072.223451,USD,1,,,,,,,,,,,,,,,,,,,,,2025-02-28 00:00:00,2025-08-08 23:57:31.553395,,oshAU2024204GQM0DC,climate-trace,
38493107,Tasman Butchers,"Butcher, Meat Processing",AUS,manufacturing,food-beverage-tobacco,2022-12-01 00:00:00,2022-12-31 00:00:00,-37.814365,144.847778,,co2e_100yr,86976.61380204272,month,2482497894.432809,USD,3.503592651461837e-05,t of CO2e_100yr per USD,2482497894.432809,USD,1,,,,,,,,,,,,,,,,,,,,,2025-02-28 00:00:00,2025-08-08 23:57:31.553395,,oshAU2024204GQM0DC,climate-trace,
38493107,Tasman Butchers,"Butcher, Meat Processing",AUS,manufacturing,food-beverage-tobacco,2023-01-01 00:00:00,2023-01-31 00:00:00,-37.814365,144.847778,,co2e_100yr,81677.63379629333,month,2435410913.990603,USD,3.3537516534513025e-05,t of CO2e_100yr per USD,2435410913.990603,USD,1,,,,,,,,,,,,,,,,,,,,,2025-02-28 00:00:00,2025-08-08 23:57:31.553395,,oshAU2024204GQM0DC,climate-trace,
38493107,Tasman Butchers,"Butcher, Meat Processing",AUS,manufacturing,food-beverage-tobacco,2023-02-01 00:00:00,2023-02-28 00:00:00,-37.814365,144.847778,,co2e_100yr,80688.96960322335,month,2405931563.840971,USD,3.3537516534513025e-05,t of CO2e_100yr per USD,2405931563.840971,USD,1,,,,,,,,,,,,,,,,,,,,,2025-02-28 00:00:00,2025-08-08 23:57:31.553395,,oshAU2024204GQM0DC,climate-trace,
38493107,Tasman Butchers,"Butcher, Meat Processing",AUS,manufacturing,food-beverage-tobacco,2023-03-01 00:00:00,2023-03-31 00:00:00,-37.814365,144.847778,,co2e_100yr,82314.823747314,month,2454410232.272413,USD,3.3537516534513025e-05,t of CO2e_100yr per USD,2454410232.272413,USD,1,,,,,,,,,,,,,,,,,,,,,2025-02-28 00:00:00,2025-08-08 23:57:31.553395,,oshAU2024204GQM0DC,climate-trace,
38493107,Tasman Butchers,"Butcher, Meat Processing",AUS,manufacturing,food-beverage-tobacco,2023-04-01 00:00:00,2023-04-30 00:00:00,-37.814365,144.847778,,co2e_100yr,83235.47634369366,month,2481861656.573083,USD,3.3537516534513025e-05,t of CO2e_100yr per USD,2481861656.573083,USD,1,,,,,,,,,,,,,,,,,,,,,2025-02-28 00:00:00,2025-08-08 23:57:31.553395,,oshAU2024204GQM0DC,climate-trace,
38493107,Tasman Butchers,"Butcher, Meat Processing",AUS,manufacturing,food-beverage-tobacco,2023-05-01 00:00:00,2023-05-31 00:00:00,-37.814365,144.847778,,co2e_100yr,82945.69260320005,month,2473221072.223452,USD,3.3537516534513025e-05,t of CO2e_100yr per USD,2473221072.223452,USD,1,,,,,,,,,,,,,,,,,,,,,2025-02-28 00:00:00,2025-08-08 23:57:31.553395,,oshAU2024204GQM0DC,climate-trace,
38493107,Tasman Butchers,"Butcher, Meat Processing",AUS,manufacturing,food-beverage-tobacco,2023-06-01 00:00:00,2023-06-30 00:00:00,-37.814365,144.847778,,co2e_100yr,83256.81418143412,month,2482497894.4328094,USD,3.3537516534513025e-05,t of CO2e_100yr per USD,2482497894.4328094,USD,1,,,,,,,,,,,,,,,,,,,,,2025-02-28 00:00:00,2025-08-08 23:57:31.553395,,oshAU2024204GQM0DC,climate-trace,
38493107,Tasman Butchers,"Butcher, Meat Processing",AUS,manufacturing,food-beverage-tobacco,2023-07-01 00:00:00,2023-07-31 00:00:00,-37.814365,144.847778,,co2e_100yr,81677.63379629333,month,2435410913.990603,USD,3.3537516534513025e-05,t of CO2e_100yr per USD,2435410913.990603,USD,1,,,,,,,,,,,,,,,,,,,,,2025-02-28 00:00:00,2025-08-08 23:57:31.553395,,oshAU2024204GQM0DC,climate-trace,
38493107,Tasman Butchers,"Butcher, Meat Processing",AUS,manufacturing,food-beverage-tobacco,2023-08-01 00:00:00,2023-08-31 00:00:00,-37.814365,144.847778,,co2e_100yr,80688.96960322335,month,2405931563.840971,USD,3.3537516534513025e-05,t of CO2e_100yr per USD,2405931563.840971,USD,1,,,,,,,,,,,,,,,,,,,,,2025-02-28 00:00:00,2025-08-08 23:57:31.553395,,oshAU2024204GQM0DC,climate-trace,
38493107,Tasman Butchers,"Butcher, Meat Processing",AUS,manufacturing,food-beverage-tobacco,2023-09-01 00:00:00,2023-09-30 00:00:00,-37.814365,144.847778,,co2e_100yr,82314.823747314,month,2454410232.272413,USD,3.3537516534513025e-05,t of CO2e_100yr per USD,2454410232.272413,USD,1,,,,,,,,,,,,,,,,,,,,,2025-02-28 00:00:00,2025-08-08 23:57:31.553395,,oshAU2024204GQM0DC,climate-trace,
38493107,Tasman Butchers,"Butcher, Meat Processing",AUS,manufacturing,food-beverage-tobacco,2023-10-01 00:00:00,2023-10-31 00:00:00,-37.814365,144.847778,,co2e_100yr,83235.47634369366,month,2481861656.573083,USD,3.3537516534513025e-05,t of CO2e_100yr per USD,2481861656.573083,USD,1,,,,,,,,,,,,,,,,,,,,,2025-02-28 00:00:00,2025-08-08 23:57:31.553395,,oshAU2024204GQM0DC,climate-trace,
38493107,Tasman Butchers,"Butcher, Meat Processing",AUS,manufacturing,food-beverage-tobacco,2023-11-01 00:00:00,2023-11-30 00:00:00,-37.814365,144.847778,,co2e_100yr,82945.69260320005,month,2473221072.223452,USD,3.3537516534513025e-05,t of CO2e_100yr per USD,2473221072.223452,USD,1,,,,,,,,,,,,,,,,,,,,,2025-02-28 00:00:00,2025-08-08 23:57:31.553395,,oshAU2024204GQM0DC,climate-trace,
38493107,Tasman Butchers,"Butcher, Meat Processing",AUS,manufacturing,food-beverage-tobacco,2023-12-01 00:00:00,2023-12-31 00:00:00,-37.814365,144.847778,,co2e_100yr,83256.81418143412,month,2482497894.4328094,USD,3.3537516534513025e-05,t of CO2e_100yr per USD,2482497894.4328094,USD,1,,,,,,,,,,,,,,,,,,,,,2025-02-28 00:00:00,2025-08-08 23:57:31.553395,,oshAU2024204GQM0DC,climate-trace,
38493107,Tasman Butchers,"Butcher, Meat Processing",AUS,manufacturing,food-beverage-tobacco,2024-01-01 00:00:00,2024-01-31 00:00:00,-37.814365,144.847778,,co2e_100yr,81677.63379629333,month,2435410913.990603,USD,3.3537516534513025e-05,t of CO2e_100yr per USD,2435410913.990603,USD,1,,,,,,,,,,,,,,,,,,,,,2025-02-28 00:00:00,2025-08-08 23:57:31.553395,,oshAU2024204GQM0DC,climate-trace,
38493107,Tasman Butchers,"Butcher, Meat Processing",AUS,manufacturing,food-beverage-tobacco,2024-02-01 00:00:00,2024-02-29 00:00:00,-37.814365,144.847778,,co2e_100yr,80688.96960322335,month,2405931563.840971,USD,3.3537516534513025e-05,t of CO2e_100yr per USD,2405931563.840971,USD,1,,,,,,,,,,,,,,,,,,,,,2025-02-28 00:00:00,2025-08-08 23:57:31.553395,,oshAU2024204GQM0DC,climate-trace,
38493107,Tasman Butchers,"Butcher, Meat Processing",AUS,manufacturing,food-beverage-tobacco,2024-03-01 00:00:00,2024-03-31 00:00:00,-37.814365,144.847778,,co2e_100yr,82314.823747314,month,2454410232.272413,USD,3.3537516534513025e-05,t of CO2e_100yr per USD,2454410232.272413,USD,1,,,,,,,,,,,,,,,,,,,,,2025-02-28 00:00:00,2025-08-08 23:57:31.553395,,oshAU2024204GQM0DC,climate-trace,
38493107,Tasman Butchers,"Butcher, Meat Processing",AUS,manufacturing,food-beverage-tobacco,2024-04-01 00:00:00,2024-04-30 00:00:00,-37.814365,144.847778,,co2e_100yr,83235.47634369366,month,2481861656.573083,USD,3.3537516534513025e-05,t of CO2e_100yr per USD,2481861656.573083,USD,1,,,,,,,,,,,,,,,,,,,,,2025-02-28 00:00:00,2025-08-08 23:57:31.553395,,oshAU2024204GQM0DC,climate-trace,
38493107,Tasman Butchers,"Butcher, Meat Processing",AUS,manufacturing,food-beverage-tobacco,2024-05-01 00:00:00,2024-05-31 00:00:00,-37.814365,144.847778,,co2e_100yr,82945.69260320005,month,2473221072.223452,USD,3.3537516534513025e-05,t of CO2e_100yr per USD,2473221072.223452,USD,1,,,,,,,,,,,,,,,,,,,,,2025-02-28 00:00:00,2025-08-08 23:57:31.553395,,oshAU2024204GQM0DC,climate-trace,
38493107,Tasman Butchers,"Butcher, Meat Processing",AUS,manufacturing,food-beverage-tobacco,2024-06-01 00:00:00,2024-06-30 00:00:00,-37.814365,144.847778,,co2e_100yr,83256.81418143412,month,2482497894.4328094,USD,3.3537516534513025e-05,t of CO2e_100yr per USD,2482497894.4328094,USD,1,,,,,,,,,,,,,,,,,,,,,2025-02-28 00:00:00,2025-08-08 23:57:31.553395,,oshAU2024204GQM0DC,climate-trace,
38493107,Tasman Butchers,"Butcher, Meat Processing",AUS,manufacturing,food-beverage-tobacco,2024-07-01 00:00:00,2024-07-31 00:00:00,-37.814365,144.847778,,co2e_100yr,81677.63379629333,month,2435410913.990603,USD,3.3537516534513025e-05,t of CO2e_100yr per USD,2435410913.990603,USD,1,,,,,,,,,,,,,,,,,,,,,2025-02-28 00:00:00,2025-08-08 23:57:31.553395,,oshAU2024204GQM0DC,climate-trace,
38493107,Tasman Butchers,"Butcher, Meat Processing",AUS,manufacturing,food-beverage-tobacco,2024-08-01 00:00:00,2024-08-31 00:00:00,-37.814365,144.847778,,co2e_100yr,80688.96960322335,month,2405931563.840971,USD,3.3537516534513025e-05,t of CO2e_100yr per USD,2405931563.840971,USD,1,,,,,,,,,,,,,,,,,,,,,2025-02-28 00:00:00,2025-08-08 23:57:31.553395,,oshAU2024204GQM0DC,climate-trace,
38493107,Tasman Butchers,"Butcher, Meat Processing",AUS,manufacturing,food-beverage-tobacco,2024-09-01 00:00:00,2024-09-30 00:00:00,-37.814365,144.847778,,co2e_100yr,82314.823747314,month,2454410232.272413,USD,3.3537516534513025e-05,t of CO2e_100yr per USD,2454410232.272413,USD,1,,,,,,,,,,,,,,,,,,,,,2025-02-28 00:00:00,2025-08-08 23:57:31.553395,,oshAU2024204GQM0DC,climate-trace,
38493107,Tasman Butchers,"Butcher, Meat Processing",AUS,manufacturing,food-beverage-tobacco,2024-10-01 00:00:00,2024-10-31 00:00:00,-37.814365,144.847778,,co2e_100yr,83235.47634369366,month,2481861656.573083,USD,3.3537516534513025e-05,t of CO2e_100yr per USD,2481861656.573083,USD,1,,,,,,,,,,,,,,,,,,,,,2025-02-28 00:00:00,2025-08-08 23:57:31.553395,,oshAU2024204GQM0DC,climate-trace,
38493107,Tasman Butchers,"Butcher, Meat Processing",AUS,manufacturing,food-beverage-tobacco,2024-11-01 00:00:00,2024-11-30 00:00:00,-37.814365,144.847778,,co2e_100yr,82945.69260320005,month,2473221072.223452,USD,3.3537516534513025e-05,t of CO2e_100yr per USD,2473221072.223452,USD,1,,,,,,,,,,,,,,,,,,,,,2025-02-28 00:00:00,2025-08-08 23:57:31.553395,,oshAU2024204GQM0DC,climate-trace,
38493107,Tasman Butchers,"Butcher, Meat Processing",AUS,manufacturing,food-beverage-tobacco,2024-12-01 00:00:00,2024-12-31 00:00:00,-37.814365,144.847778,,co2e_100yr,83256.81418143412,month,2482497894.4328094,USD,3.3537516534513025e-05,t of CO2e_100yr per USD,2482497894.4328094,USD,1,,,,,,,,,,,,,,,,,,,,,2025-02-28 00:00:00,2025-08-08 23:57:31.553395,,oshAU2024204GQM0DC,climate-trace,
38493107,Tasman Butchers,"Butcher, Meat Processing",AUS,manufacturing,food-beverage-tobacco,2025-01-01 00:00:00,2025-01-31 00:00:00,-37.814365,144.847778,,co2e_100yr,81677.63379629333,month,2435410913.990603,USD,3.3537516534513025e-05,t of CO2e_100yr per USD,2435410913.990603,USD,1,,,,,,,,,,,,,,,,,,,,,2025-02-28 00:00:00,2025-08-08 23:57:31.553395,,oshAU2024204GQM0DC,climate-trace,
38493107,Tasman Butchers,"Butcher, Meat Processing",AUS,manufacturing,food-beverage-tobacco,2025-02-01 00:00:00,2025-02-28 00:00:00,-37.814365,144.847778,,co2e_100yr,80688.96960322335,month,2405931563.840971,USD,3.3537516534513025e-05,t of CO2e_100yr per USD,2405931563.840971,USD,1,,,,,,,,,,,,,,,,,,,,,2025-02-28 00:00:00,2025-08-08 23:57:31.553395,,oshAU2024204GQM0DC,climate-trace,
38493107,Tasman Butchers,"Butcher, Meat Processing",AUS,manufacturing,food-beverage-tobacco,2025-03-01 00:00:00,2025-03-31 00:00:00,-37.814365,144.847778,,co2e_100yr,82314.823747314,month,2454410232.272413,USD,3.3537516534513025e-05,t of CO2e_100yr per USD,2454410232.272413,USD,1,,,,,,,,,,,,,,,,,,,,,2025-02-28 00:00:00,2025-08-08 23:57:31.553395,,oshAU2024204GQM0DC,climate-trace,
38493107,Tasman Butchers,"Butcher, Meat Processing",AUS,manufacturing,food-beverage-tobacco,2025-04-01 00:00:00,2025-04-30 00:00:00,-37.814365,144.847778,,co2e_100yr,83235.47634369366,month,2481861656.573083,USD,3.3537516534513025e-05,t of CO2e_100yr per USD,2481861656.573083,USD,1,,,,,,,,,,,,,,,,,,,,,2025-02-28 00:00:00,2025-08-08 23:57:31.553395,,oshAU2024204GQM0DC,climate-trace,
38493107,Tasman Butchers,"Butcher, Meat Processing",AUS,manufacturing,food-beverage-tobacco,2025-05-01 00:00:00,2025-05-31 00:00:00,-37.814365,144.847778,,co2e_100yr,82945.69260320005,month,2473221072.223452,USD,3.3537516534513025e-05,t of CO2e_100yr per USD,2473221072.223452,USD,1,,,,,,,,,,,,,,,,,,,,,2025-02-28 00:00:00,2025-08-08 23:57:31.553395,,oshAU2024204GQM0DC,climate-trace,
38493107,Tasman Butchers,"Butcher, Meat Processing",AUS,manufacturing,food-beverage-tobacco,2025-06-01 00:00:00,2025-06-30 00:00:00,-37.814365,144.847778,,co2e_100yr,83256.81418143412,month,2482497894.4328094,USD,3.3537516534513025e-05,t of CO2e_100yr per USD,2482497894.4328094,USD,1,,,,,,,,,,,,,,,,,,,,,2025-02-28 00:00:00,2025-08-08 23:57:31.553395,,oshAU2024204GQM0DC,climate-trace,
