parent_name,parent_entity_id,parent_entity_type,parent_lei,parent_permid,parent_registration_country,parent_headquarter_country,overall_share_percent,ownership_path,ownership_path_datasource_ids,immediate_source_owner,immediate_source_owner_entity_id,source_operator,source_operator_id,source_id,source_name,source_sector,source_subsector
BlackRock Inc,E100001000348,legal entity,549300LRIF3NWCU26A80,4295900990,USA,USA,6.49,BlackRock Inc -> BlueScope Steel Ltd [6.49%] -> BlueScope Port Kembla steel plant [100.0%],,BlueScope Steel Ltd,E100000130689,,,1566431,BlueScope Port Kembla steel plant,manufacturing,iron-and-steel
Dodge & Cox ,E100001015644,legal entity,549300SV2HIB7EJR0U84,5000666594,USA,USA,0.33,Dodge & Cox  -> State Street Corp [6.6%] -> BlueScope Steel Ltd [5.06%] -> BlueScope Port Kembla steel plant [100.0%],107631,BlueScope Steel Ltd,E100000130689,,,1566431,BlueScope Port Kembla steel plant,manufacturing,iron-and-steel
The Vanguard Group Inc,E100001010595,legal entity,5493002789CX3L0CJP65,4297651992,USA,USA,5.07,The Vanguard Group Inc -> BlueScope Steel Ltd [5.07%] -> BlueScope Port Kembla steel plant [100.0%],,BlueScope Steel Ltd,E100000130689,,,1566431,BlueScope Port Kembla steel plant,manufacturing,iron-and-steel
BlueScope Steel Ltd,E100000130689,legal entity,529900H6UQI16XACWC95,4295858761,AUS,AUS,100.0,BlueScope Steel Ltd -> BlueScope Port Kembla steel plant [100.0%],,BlueScope Steel Ltd,E100000130689,,,1566431,BlueScope Port Kembla steel plant,manufacturing,iron-and-steel
Blackrock Advisors LLC,E100001015833,legal entity,5493001LN9MRM6A35J74,4296341404,,,0.33,Blackrock Advisors LLC -> BlackRock Inc [5.07%] -> BlueScope Steel Ltd [6.49%] -> BlueScope Port Kembla steel plant [100.0%],107631,BlueScope Steel Ltd,E100000130689,,,1566431,BlueScope Port Kembla steel plant,manufacturing,iron-and-steel
State Street Corp,E100001010596,legal entity,549300ZFEEJ2IP5VME73,4295904976,USA,USA,5.06,State Street Corp -> BlueScope Steel Ltd [5.06%] -> BlueScope Port Kembla steel plant [100.0%],,BlueScope Steel Ltd,E100000130689,,,1566431,BlueScope Port Kembla steel plant,manufacturing,iron-and-steel
small shareholder(s) ,E100001015587,unknown entity,not applicable,not applicable,,,83.38,small shareholder(s)  -> BlueScope Steel Ltd [83.38%] -> BlueScope Port Kembla steel plant [100.0%],,BlueScope Steel Ltd,E100000130689,,,1566431,BlueScope Port Kembla steel plant,manufacturing,iron-and-steel
GFG Alliance Ltd,E100001000556,legal entity,not found,5057811578,GBR,GBR,100.0,GFG Alliance Ltd -> Liberty Steel Group  [100.0%] -> Infrabuild Australia Pty Ltd [100.0%] -> GFG Liberty Laverton Steel Mill [100.0%],"6517,6518,6519",Infrabuild Australia Pty Ltd,E100001010334,,,1566433,GFG Liberty Laverton Steel Mill,manufacturing,iron-and-steel
natural person(s) ,E100000123261,person,not applicable,not applicable,,,,natural person(s)  -> GFG Alliance Ltd [unknown %] -> Liberty Steel Group  [100.0%] -> Infrabuild Australia Pty Ltd [100.0%] -> GFG Liberty Laverton Steel Mill [100.0%],"6514,6517,6518,6519",Infrabuild Australia Pty Ltd,E100001010334,,,1566433,GFG Liberty Laverton Steel Mill,manufacturing,iron-and-steel
GFG Alliance Ltd,E100001000556,legal entity,not found,5057811578,GBR,GBR,100.0,GFG Alliance Ltd -> GFG Liberty Steel Australia Whyalla steel plant [100.0%],,GFG Alliance Ltd,E100001000556,,,1566432,GFG Liberty Steel Australia Whyalla steel plant,manufacturing,iron-and-steel
natural person(s) ,E100000123261,person,not applicable,not applicable,,,,natural person(s)  -> GFG Alliance Ltd [unknown %] -> GFG Liberty Steel Australia Whyalla steel plant [100.0%],,GFG Alliance Ltd,E100001000556,,,1566432,GFG Liberty Steel Australia Whyalla steel plant,manufacturing,iron-and-steel
GFG Alliance Ltd,E100001000556,legal entity,not found,5057811578,GBR,GBR,100.0,GFG Alliance Ltd -> Liberty Steel Group  [100.0%] -> Infrabuild Australia Pty Ltd [100.0%] -> GFG Liberty Sydney Steel Mill [100.0%],"6517,6518,6519",Infrabuild Australia Pty Ltd,E100001010334,,,1566434,GFG Liberty Sydney Steel Mill,manufacturing,iron-and-steel
natural person(s) ,E100000123261,person,not applicable,not applicable,,,,natural person(s)  -> GFG Alliance Ltd [unknown %] -> Liberty Steel Group  [100.0%] -> Infrabuild Australia Pty Ltd [100.0%] -> GFG Liberty Sydney Steel Mill [100.0%],"6514,6517,6518,6519",Infrabuild Australia Pty Ltd,E100001010334,,,1566434,GFG Liberty Sydney Steel Mill,manufacturing,iron-and-steel
