iso3_country,sector,subsector,start_time,end_time,gas,emissions_quantity,emissions_quantity_units,temporal_granularity,created_date,modified_date
AUS,manufacturing,iron-and-steel,2015-01-01 00:00:00,2015-12-31 00:00:00,co2e_100yr,9622518.005071238,,annual,,
AUS,manufacturing,iron-and-steel,2016-01-01 00:00:00,2016-12-31 00:00:00,co2e_100yr,10105765.817798823,,annual,,
AUS,manufacturing,iron-and-steel,2017-01-01 00:00:00,2017-12-31 00:00:00,co2e_100yr,10397881.1966876,,annual,,
AUS,manufacturing,iron-and-steel,2018-01-01 00:00:00,2018-12-31 00:00:00,co2e_100yr,10746129.320832796,,annual,,
AUS,manufacturing,iron-and-steel,2019-01-01 00:00:00,2019-12-31 00:00:00,co2e_100yr,10235720.9463004,,annual,,
AUS,manufacturing,iron-and-steel,2020-01-01 00:00:00,2020-12-31 00:00:00,co2e_100yr,10333325.251881666,,annual,,
AUS,manufacturing,iron-and-steel,2021-01-01 00:00:00,2021-12-31 00:00:00,co2e_100yr,10602451.248896005,,annual,,
AUS,manufacturing,iron-and-steel,2022-01-01 00:00:00,2022-12-31 00:00:00,co2e_100yr,10299232.22554,,annual,,
AUS,manufacturing,iron-and-steel,2023-01-01 00:00:00,2023-12-31 00:00:00,co2e_100yr,9626463.85268,,annual,,
AUS,manufacturing,iron-and-steel,2024-01-01 00:00:00,2024-12-31 00:00:00,co2e_100yr,9083034.422230998,,annual,,
AUS,manufacturing,iron-and-steel,2025-01-01 00:00:00,2025-12-31 00:00:00,co2e_100yr,4539485.585550048,,annual,,
