source_id,source_name,source_type,iso3_country,sector,subsector,start_time,end_time,lat,lon,geometry_ref,gas,emissions_quantity,temporal_granularity,activity,activity_units,emissions_factor,emissions_factor_units,capacity,capacity_units,capacity_factor,other1,other1_def,other2,other2_def,other3,other3_def,other4,other4_def,other5,other5_def,other6,other6_def,other7,other7_def,other8,other8_def,other9,other9_def,other10,other10_def,created_date,modified_date,lat_lon,native_source_id,reporting_entity,sector_id
38468954,Graymont Ltd. Green Bay Brown,"High-Calcium Quicklime,High-Calcium Hydrated Lime",AUS,manufacturing,lime,2021-01-01 00:00:00,2021-01-31 00:00:00,-27.4598348,153.043855,,co2e_100yr,1.0763202666930355e-11,month,6.664180450345285e-12,t of lime,1.6150827167911836,t of CO2e_100yr per t of lime,1.2571669715519956e-11,t of lime,0.5300950948558751,,,,,,,,,,,,,,,,,,,,,2025-02-28 00:00:00,2025-08-12 22:56:59.216587,,usgs3162623,climate-trace,
38468954,Graymont Ltd. Green Bay Brown,"High-Calcium Quicklime,High-Calcium Hydrated Lime",AUS,manufacturing,lime,2021-02-01 00:00:00,2021-02-28 00:00:00,-27.4598348,153.043855,,co2e_100yr,1.0528786200994094e-11,month,6.519038369695696e-12,t of lime,1.6150827167911836,t of CO2e_100yr per t of lime,1.2297865860215372e-11,t of lime,0.5300950948558751,,,,,,,,,,,,,,,,,,,,,2025-02-28 00:00:00,2025-08-12 22:56:59.216587,,usgs3162623,climate-trace,
38468954,Graymont Ltd. Green Bay Brown,"High-Calcium Quicklime,High-Calcium Hydrated Lime",AUS,manufacturing,lime,2021-03-01 00:00:00,2021-03-31 00:00:00,-27.4598348,153.043855,,co2e_100yr,1.0943787764302469e-11,month,6.7759921213480514e-12,t of lime,1.6150827167911836,t of CO2e_100yr per t of lime,1.2782597286983652e-11,t of lime,0.5300950948558751,,,,,,,,,,,,,,,,,,,,,2025-02-28 00:00:00,2025-08-12 22:56:59.216587,,usgs3162623,climate-trace,
38468954,Graymont Ltd. Green Bay Brown,"High-Calcium Quicklime,High-Calcium Hydrated Lime",AUS,manufacturing,lime,2021-04-01 00:00:00,2021-04-30 00:00:00,-27.4598348,153.043855,,co2e_100yr,1.1145658421875662e-11,month,6.900983030776064e-12,t of lime,1.6150827167911836,t of CO2e_100yr per t of lime,1.301838688519149e-11,t of lime,0.5300950948558751,,,,,,,,,,,,,,,,,,,,,2025-02-28 00:00:00,2025-08-12 22:56:59.216587,,usgs3162623,climate-trace,
38468954,Graymont Ltd. Green Bay Brown,"High-Calcium Quicklime,High-Calcium Hydrated Lime",AUS,manufacturing,lime,2021-05-01 00:00:00,2021-05-31 00:00:00,-27.4598348,153.043855,,co2e_100yr,1.1044713672346965e-11,month,6.838481743083967e-12,t of lime,1.6150827167911836,t of CO2e_100yr per t of lime,1.2900481082442853e-11,t of lime,0.5300950948558751,,,,,,,,,,,,,,,,,,,,,2025-02-28 00:00:00,2025-08-12 22:56:59.216587,,usgs3162623,climate-trace,
38468954,Graymont Ltd. Green Bay Brown,"High-Calcium Quicklime,High-Calcium Hydrated Lime",AUS,manufacturing,lime,2021-06-01 00:00:00,2021-06-30 00:00:00,-27.4598348,153.043855,,co2e_100yr,1.1113200972428306e-11,month,6.880886568155351e-12,t of lime,1.6150827167911836,t of CO2e_100yr per t of lime,1.2980475833352428e-11,t of lime,0.5300950948558751,,,,,,,,,,,,,,,,,,,,,2025-02-28 00:00:00,2025-08-12 22:56:59.216587,,usgs3162623,climate-trace,
38468954,Graymont Ltd. Green Bay Brown,"High-Calcium Quicklime,High-Calcium Hydrated Lime",AUS,manufacturing,lime,2021-07-01 00:00:00,2021-07-31 00:00:00,-27.4598348,153.043855,,co2e_100yr,1.067823264587511e-11,month,6.611570128798372e-12,t of lime,1.6150827167911836,t of CO2e_100yr per t of lime,1.2472422765194532e-11,t of lime,0.5300950948558751,,,,,,,,,,,,,,,,,,,,,2025-02-28 00:00:00,2025-08-12 22:56:59.216587,,usgs3162623,climate-trace,
38468954,Graymont Ltd. Green Bay Brown,"High-Calcium Quicklime,High-Calcium Hydrated Lime",AUS,manufacturing,lime,2021-08-01 00:00:00,2021-08-31 00:00:00,-27.4598348,153.043855,,co2e_100yr,1.0390326880962235e-11,month,6.433309435448325e-12,t of lime,1.6150827167911836,t of CO2e_100yr per t of lime,1.2136142171240887e-11,t of lime,0.5300950948558751,,,,,,,,,,,,,,,,,,,,,2025-02-28 00:00:00,2025-08-12 22:56:59.216587,,usgs3162623,climate-trace,
38468954,Graymont Ltd. Green Bay Brown,"High-Calcium Quicklime,High-Calcium Hydrated Lime",AUS,manufacturing,lime,2021-09-01 00:00:00,2021-09-30 00:00:00,-27.4598348,153.043855,,co2e_100yr,1.0835063998364865e-11,month,6.708674351919119e-12,t of lime,1.6150827167911836,t of CO2e_100yr per t of lime,1.2655605413106314e-11,t of lime,0.5300950948558751,,,,,,,,,,,,,,,,,,,,,2025-02-28 00:00:00,2025-08-12 22:56:59.216587,,usgs3162623,climate-trace,
38468954,Graymont Ltd. Green Bay Brown,"High-Calcium Quicklime,High-Calcium Hydrated Lime",AUS,manufacturing,lime,2021-10-01 00:00:00,2021-10-31 00:00:00,-27.4598348,153.043855,,co2e_100yr,1.1120729112439087e-11,month,6.885547716425044e-12,t of lime,1.6150827167911836,t of CO2e_100yr per t of lime,1.2989268875044239e-11,t of lime,0.5300950948558751,,,,,,,,,,,,,,,,,,,,,2025-02-28 00:00:00,2025-08-12 22:56:59.216587,,usgs3162623,climate-trace,
38468954,Graymont Ltd. Green Bay Brown,"High-Calcium Quicklime,High-Calcium Hydrated Lime",AUS,manufacturing,lime,2021-11-01 00:00:00,2021-11-30 00:00:00,-27.4598348,153.043855,,co2e_100yr,1.1068999616035804e-11,month,6.853518708953488e-12,t of lime,1.6150827167911836,t of CO2e_100yr per t of lime,1.2928847626512854e-11,t of lime,0.5300950948558751,,,,,,,,,,,,,,,,,,,,,2025-02-28 00:00:00,2025-08-12 22:56:59.216587,,usgs3162623,climate-trace,
38468954,Graymont Ltd. Green Bay Brown,"High-Calcium Quicklime,High-Calcium Hydrated Lime",AUS,manufacturing,lime,2021-12-01 00:00:00,2021-12-31 00:00:00,-27.4598348,153.043855,,co2e_100yr,1.1164080142766567e-11,month,6.912389084905296e-12,t of lime,1.6150827167911836,t of CO2e_100yr per t of lime,1.303990388136806e-11,t of lime,0.5300950948558751,,,,,,,,,,,,,,,,,,,,,2025-02-28 00:00:00,2025-08-12 22:56:59.216587,,usgs3162623,climate-trace,
38468954,Graymont Ltd. Green Bay Brown,"High-Calcium Quicklime,High-Calcium Hydrated Lime",AUS,manufacturing,lime,2022-01-01 00:00:00,2022-01-31 00:00:00,-27.4598348,153.043855,,co2e_100yr,1.063691053456954e-11,month,6.664180450345285e-12,t of lime,1.5961318295362814,t of CO2e_100yr per t of lime,1.2571669715519956e-11,t of lime,0.5300950948558751,,,,,,,,,,,,,,,,,,,,,2025-02-28 00:00:00,2025-08-12 22:56:59.216587,,usgs3162623,climate-trace,
38468954,Graymont Ltd. Green Bay Brown,"High-Calcium Quicklime,High-Calcium Hydrated Lime",AUS,manufacturing,lime,2022-02-01 00:00:00,2022-02-28 00:00:00,-27.4598348,153.043855,,co2e_100yr,1.0405244639839607e-11,month,6.519038369695696e-12,t of lime,1.5961318295362814,t of CO2e_100yr per t of lime,1.2297865860215372e-11,t of lime,0.5300950948558751,,,,,,,,,,,,,,,,,,,,,2025-02-28 00:00:00,2025-08-12 22:56:59.216587,,usgs3162623,climate-trace,
38468954,Graymont Ltd. Green Bay Brown,"High-Calcium Quicklime,High-Calcium Hydrated Lime",AUS,manufacturing,lime,2022-03-01 00:00:00,2022-03-31 00:00:00,-27.4598348,153.043855,,co2e_100yr,1.0815376701570694e-11,month,6.7759921213480514e-12,t of lime,1.5961318295362814,t of CO2e_100yr per t of lime,1.2782597286983652e-11,t of lime,0.5300950948558751,,,,,,,,,,,,,,,,,,,,,2025-02-28 00:00:00,2025-08-12 22:56:59.216587,,usgs3162623,climate-trace,
38468954,Graymont Ltd. Green Bay Brown,"High-Calcium Quicklime,High-Calcium Hydrated Lime",AUS,manufacturing,lime,2022-04-01 00:00:00,2022-04-30 00:00:00,-27.4598348,153.043855,,co2e_100yr,1.1014878670511432e-11,month,6.900983030776064e-12,t of lime,1.5961318295362814,t of CO2e_100yr per t of lime,1.301838688519149e-11,t of lime,0.5300950948558751,,,,,,,,,,,,,,,,,,,,,2025-02-28 00:00:00,2025-08-12 22:56:59.216587,,usgs3162623,climate-trace,
38468954,Graymont Ltd. Green Bay Brown,"High-Calcium Quicklime,High-Calcium Hydrated Lime",AUS,manufacturing,lime,2022-05-01 00:00:00,2022-05-31 00:00:00,-27.4598348,153.043855,,co2e_100yr,1.0915118375839071e-11,month,6.838481743083967e-12,t of lime,1.5961318295362814,t of CO2e_100yr per t of lime,1.2900481082442853e-11,t of lime,0.5300950948558751,,,,,,,,,,,,,,,,,,,,,2025-02-28 00:00:00,2025-08-12 22:56:59.216587,,usgs3162623,climate-trace,
38468954,Graymont Ltd. Green Bay Brown,"High-Calcium Quicklime,High-Calcium Hydrated Lime",AUS,manufacturing,lime,2022-06-01 00:00:00,2022-06-30 00:00:00,-27.4598348,153.043855,,co2e_100yr,1.0982802066861423e-11,month,6.880886568155351e-12,t of lime,1.5961318295362814,t of CO2e_100yr per t of lime,1.2980475833352428e-11,t of lime,0.5300950948558751,,,,,,,,,,,,,,,,,,,,,2025-02-28 00:00:00,2025-08-12 22:56:59.216587,,usgs3162623,climate-trace,
38468954,Graymont Ltd. Green Bay Brown,"High-Calcium Quicklime,High-Calcium Hydrated Lime",AUS,manufacturing,lime,2022-07-01 00:00:00,2022-07-31 00:00:00,-27.4598348,153.043855,,co2e_100yr,1.0552937525786371e-11,month,6.611570128798372e-12,t of lime,1.5961318295362814,t of CO2e_100yr per t of lime,1.2472422765194532e-11,t of lime,0.5300950948558751,,,,,,,,,,,,,,,,,,,,,2025-02-28 00:00:00,2025-08-12 22:56:59.216587,,usgs3162623,climate-trace,
38468954,Graymont Ltd. Green Bay Brown,"High-Calcium Quicklime,High-Calcium Hydrated Lime",AUS,manufacturing,lime,2022-08-01 00:00:00,2022-08-31 00:00:00,-27.4598348,153.043855,,co2e_100yr,1.0268409959175155e-11,month,6.433309435448325e-12,t of lime,1.5961318295362814,t of CO2e_100yr per t of lime,1.2136142171240887e-11,t of lime,0.5300950948558751,,,,,,,,,,,,,,,,,,,,,2025-02-28 00:00:00,2025-08-12 22:56:59.216587,,usgs3162623,climate-trace,
38468954,Graymont Ltd. Green Bay Brown,"High-Calcium Quicklime,High-Calcium Hydrated Lime",AUS,manufacturing,lime,2022-09-01 00:00:00,2022-09-30 00:00:00,-27.4598348,153.043855,,co2e_100yr,1.070792866709179e-11,month,6.708674351919119e-12,t of lime,1.5961318295362814,t of CO2e_100yr per t of lime,1.2655605413106314e-11,t of lime,0.5300950948558751,,,,,,,,,,,,,,,,,,,,,2025-02-28 00:00:00,2025-08-12 22:56:59.216587,,usgs3162623,climate-trace,
38468954,Graymont Ltd. Green Bay Brown,"High-Calcium Quicklime,High-Calcium Hydrated Lime",AUS,manufacturing,lime,2022-10-01 00:00:00,2022-10-31 00:00:00,-27.4598348,153.043855,,co2e_100yr,1.0990241873976869e-11,month,6.885547716425044e-12,t of lime,1.5961318295362814,t of CO2e_100yr per t of lime,1.2989268875044239e-11,t of lime,0.5300950948558751,,,,,,,,,,,,,,,,,,,,,2025-02-28 00:00:00,2025-08-12 22:56:59.216587,,usgs3162623,climate-trace,
38468954,Graymont Ltd. Green Bay Brown,"High-Calcium Quicklime,High-Calcium Hydrated Lime",AUS,manufacturing,lime,2022-11-01 00:00:00,2022-11-30 00:00:00,-27.4598348,153.043855,,co2e_100yr,1.0939119355683064e-11,month,6.853518708953488e-12,t of lime,1.5961318295362814,t of CO2e_100yr per t of lime,1.2928847626512854e-11,t of lime,0.5300950948558751,,,,,,,,,,,,,,,,,,,,,2025-02-28 00:00:00,2025-08-12 22:56:59.216587,,usgs3162623,climate-trace,
38468954,Graymont Ltd. Green Bay Brown,"High-Calcium Quicklime,High-Calcium Hydrated Lime",AUS,manufacturing,lime,2022-12-01 00:00:00,2022-12-31 00:00:00,-27.4598348,153.043855,,co2e_100yr,1.1033084236556512e-11,month,6.912389084905296e-12,t of lime,1.5961318295362814,t of CO2e_100yr per t of lime,1.303990388136806e-11,t of lime,0.5300950948558751,,,,,,,,,,,,,,,,,,,,,2025-02-28 00:00:00,2025-08-12 22:56:59.216587,,usgs3162623,climate-trace,
38468954,Graymont Ltd. Green Bay Brown,"High-Calcium Quicklime,High-Calcium Hydrated Lime",AUS,manufacturing,lime,2023-01-01 00:00:00,2023-01-31 00:00:00,-27.4598348,153.043855,,co2e_100yr,1.1299944229463819e-11,month,6.664180450345285e-12,t of lime,1.695623987624517,t of CO2e_100yr per t of lime,1.2571669715519956e-11,t of lime,0.5300950948558751,,,,,,,,,,,,,,,,,,,,,2025-02-28 00:00:00,2025-08-12 22:56:59.216587,,usgs3162623,climate-trace,
38468954,Graymont Ltd. Green Bay Brown,"High-Calcium Quicklime,High-Calcium Hydrated Lime",AUS,manufacturing,lime,2023-02-01 00:00:00,2023-02-28 00:00:00,-27.4598348,153.043855,,co2e_100yr,1.1053837835900646e-11,month,6.519038369695696e-12,t of lime,1.695623987624517,t of CO2e_100yr per t of lime,1.2297865860215372e-11,t of lime,0.5300950948558751,,,,,,,,,,,,,,,,,,,,,2025-02-28 00:00:00,2025-08-12 22:56:59.216587,,usgs3162623,climate-trace,
38468954,Graymont Ltd. Green Bay Brown,"High-Calcium Quicklime,High-Calcium Hydrated Lime",AUS,manufacturing,lime,2023-03-01 00:00:00,2023-03-31 00:00:00,-27.4598348,153.043855,,co2e_100yr,1.1489534780912492e-11,month,6.7759921213480514e-12,t of lime,1.695623987624517,t of CO2e_100yr per t of lime,1.2782597286983652e-11,t of lime,0.5300950948558751,,,,,,,,,,,,,,,,,,,,,2025-02-28 00:00:00,2025-08-12 22:56:59.216587,,usgs3162623,climate-trace,
38468954,Graymont Ltd. Green Bay Brown,"High-Calcium Quicklime,High-Calcium Hydrated Lime",AUS,manufacturing,lime,2023-04-01 00:00:00,2023-04-30 00:00:00,-27.4598348,153.043855,,co2e_100yr,1.1701472365173634e-11,month,6.900983030776064e-12,t of lime,1.695623987624517,t of CO2e_100yr per t of lime,1.301838688519149e-11,t of lime,0.5300950948558751,,,,,,,,,,,,,,,,,,,,,2025-02-28 00:00:00,2025-08-12 22:56:59.216587,,usgs3162623,climate-trace,
38468954,Graymont Ltd. Green Bay Brown,"High-Calcium Quicklime,High-Calcium Hydrated Lime",AUS,manufacturing,lime,2023-05-01 00:00:00,2023-05-31 00:00:00,-27.4598348,153.043855,,co2e_100yr,1.1595493682505494e-11,month,6.838481743083967e-12,t of lime,1.695623987624517,t of CO2e_100yr per t of lime,1.2900481082442853e-11,t of lime,0.5300950948558751,,,,,,,,,,,,,,,,,,,,,2025-02-28 00:00:00,2025-08-12 22:56:59.216587,,usgs3162623,climate-trace,
38468954,Graymont Ltd. Green Bay Brown,"High-Calcium Quicklime,High-Calcium Hydrated Lime",AUS,manufacturing,lime,2023-06-01 00:00:00,2023-06-30 00:00:00,-27.4598348,153.043855,,co2e_100yr,1.1667396321087552e-11,month,6.880886568155351e-12,t of lime,1.695623987624517,t of CO2e_100yr per t of lime,1.2980475833352428e-11,t of lime,0.5300950948558751,,,,,,,,,,,,,,,,,,,,,2025-02-28 00:00:00,2025-08-12 22:56:59.216587,,usgs3162623,climate-trace,
38468954,Graymont Ltd. Green Bay Brown,"High-Calcium Quicklime,High-Calcium Hydrated Lime",AUS,manufacturing,lime,2023-07-01 00:00:00,2023-07-31 00:00:00,-27.4598348,153.043855,,co2e_100yr,1.1210736906252236e-11,month,6.611570128798372e-12,t of lime,1.695623987624517,t of CO2e_100yr per t of lime,1.2472422765194532e-11,t of lime,0.5300950948558751,,,,,,,,,,,,,,,,,,,,,2025-02-28 00:00:00,2025-08-12 22:56:59.216587,,usgs3162623,climate-trace,
38468954,Graymont Ltd. Green Bay Brown,"High-Calcium Quicklime,High-Calcium Hydrated Lime",AUS,manufacturing,lime,2023-08-01 00:00:00,2023-08-31 00:00:00,-27.4598348,153.043855,,co2e_100yr,1.0908473798557318e-11,month,6.433309435448325e-12,t of lime,1.695623987624517,t of CO2e_100yr per t of lime,1.2136142171240887e-11,t of lime,0.5300950948558751,,,,,,,,,,,,,,,,,,,,,2025-02-28 00:00:00,2025-08-12 22:56:59.216587,,usgs3162623,climate-trace,
38468954,Graymont Ltd. Green Bay Brown,"High-Calcium Quicklime,High-Calcium Hydrated Lime",AUS,manufacturing,lime,2023-09-01 00:00:00,2023-09-30 00:00:00,-27.4598348,153.043855,,co2e_100yr,1.1375389156275418e-11,month,6.708674351919119e-12,t of lime,1.695623987624517,t of CO2e_100yr per t of lime,1.2655605413106314e-11,t of lime,0.5300950948558751,,,,,,,,,,,,,,,,,,,,,2025-02-28 00:00:00,2025-08-12 22:56:59.216587,,usgs3162623,climate-trace,
38468954,Graymont Ltd. Green Bay Brown,"High-Calcium Quicklime,High-Calcium Hydrated Lime",AUS,manufacturing,lime,2023-10-01 00:00:00,2023-10-31 00:00:00,-27.4598348,153.043855,,co2e_100yr,1.1675299875903518e-11,month,6.885547716425044e-12,t of lime,1.695623987624517,t of CO2e_100yr per t of lime,1.2989268875044239e-11,t of lime,0.5300950948558751,,,,,,,,,,,,,,,,,,,,,2025-02-28 00:00:00,2025-08-12 22:56:59.216587,,usgs3162623,climate-trace,
38468954,Graymont Ltd. Green Bay Brown,"High-Calcium Quicklime,High-Calcium Hydrated Lime",AUS,manufacturing,lime,2023-11-01 00:00:00,2023-11-30 00:00:00,-27.4598348,153.043855,,co2e_100yr,1.1620990722534944e-11,month,6.853518708953488e-12,t of lime,1.695623987624517,t of CO2e_100yr per t of lime,1.2928847626512854e-11,t of lime,0.5300950948558751,,,,,,,,,,,,,,,,,,,,,2025-02-28 00:00:00,2025-08-12 22:56:59.216587,,usgs3162623,climate-trace,
38468954,Graymont Ltd. Green Bay Brown,"High-Calcium Quicklime,High-Calcium Hydrated Lime",AUS,manufacturing,lime,2023-12-01 00:00:00,2023-12-31 00:00:00,-27.4598348,153.043855,,co2e_100yr,1.1720812744159304e-11,month,6.912389084905296e-12,t of lime,1.695623987624517,t of CO2e_100yr per t of lime,1.303990388136806e-11,t of lime,0.5300950948558751,,,,,,,,,,,,,,,,,,,,,2025-02-28 00:00:00,2025-08-12 22:56:59.216587,,usgs3162623,climate-trace,
38468954,Graymont Ltd. Green Bay Brown,"High-Calcium Quicklime,High-Calcium Hydrated Lime",AUS,manufacturing,lime,2024-01-01 00:00:00,2024-01-31 00:00:00,-27.4598348,153.043855,,co2e_100yr,1.1299944229463819e-11,month,6.664180450345285e-12,t of lime,1.695623987624517,t of CO2e_100yr per t of lime,1.2571669715519956e-11,t of lime,0.5300950948558751,,,,,,,,,,,,,,,,,,,,,2025-02-28 00:00:00,2025-08-12 22:56:59.216587,,usgs3162623,climate-trace,
38468954,Graymont Ltd. Green Bay Brown,"High-Calcium Quicklime,High-Calcium Hydrated Lime",AUS,manufacturing,lime,2024-02-01 00:00:00,2024-02-29 00:00:00,-27.4598348,153.043855,,co2e_100yr,1.1053837835900646e-11,month,6.519038369695696e-12,t of lime,1.695623987624517,t of CO2e_100yr per t of lime,1.2297865860215372e-11,t of lime,0.5300950948558751,,,,,,,,,,,,,,,,,,,,,2025-02-28 00:00:00,2025-08-12 22:56:59.216587,,usgs3162623,climate-trace,
38468954,Graymont Ltd. Green Bay Brown,"High-Calcium Quicklime,High-Calcium Hydrated Lime",AUS,manufacturing,lime,2024-03-01 00:00:00,2024-03-31 00:00:00,-27.4598348,153.043855,,co2e_100yr,1.1489534780912492e-11,month,6.7759921213480514e-12,t of lime,1.695623987624517,t of CO2e_100yr per t of lime,1.2782597286983652e-11,t of lime,0.5300950948558751,,,,,,,,,,,,,,,,,,,,,2025-02-28 00:00:00,2025-08-12 22:56:59.216587,,usgs3162623,climate-trace,
38468954,Graymont Ltd. Green Bay Brown,"High-Calcium Quicklime,High-Calcium Hydrated Lime",AUS,manufacturing,lime,2024-04-01 00:00:00,2024-04-30 00:00:00,-27.4598348,153.043855,,co2e_100yr,1.1701472365173634e-11,month,6.900983030776064e-12,t of lime,1.695623987624517,t of CO2e_100yr per t of lime,1.301838688519149e-11,t of lime,0.5300950948558751,,,,,,,,,,,,,,,,,,,,,2025-02-28 00:00:00,2025-08-12 22:56:59.216587,,usgs3162623,climate-trace,
38468954,Graymont Ltd. Green Bay Brown,"High-Calcium Quicklime,High-Calcium Hydrated Lime",AUS,manufacturing,lime,2024-05-01 00:00:00,2024-05-31 00:00:00,-27.4598348,153.043855,,co2e_100yr,1.1595493682505494e-11,month,6.838481743083967e-12,t of lime,1.695623987624517,t of CO2e_100yr per t of lime,1.2900481082442853e-11,t of lime,0.5300950948558751,,,,,,,,,,,,,,,,,,,,,2025-02-28 00:00:00,2025-08-12 22:56:59.216587,,usgs3162623,climate-trace,
38468954,Graymont Ltd. Green Bay Brown,"High-Calcium Quicklime,High-Calcium Hydrated Lime",AUS,manufacturing,lime,2024-06-01 00:00:00,2024-06-30 00:00:00,-27.4598348,153.043855,,co2e_100yr,1.1667396321087552e-11,month,6.880886568155351e-12,t of lime,1.695623987624517,t of CO2e_100yr per t of lime,1.2980475833352428e-11,t of lime,0.5300950948558751,,,,,,,,,,,,,,,,,,,,,2025-02-28 00:00:00,2025-08-12 22:56:59.216587,,usgs3162623,climate-trace,
38468954,Graymont Ltd. Green Bay Brown,"High-Calcium Quicklime,High-Calcium Hydrated Lime",AUS,manufacturing,lime,2024-07-01 00:00:00,2024-07-31 00:00:00,-27.4598348,153.043855,,co2e_100yr,1.1210736906252236e-11,month,6.611570128798372e-12,t of lime,1.695623987624517,t of CO2e_100yr per t of lime,1.2472422765194532e-11,t of lime,0.5300950948558751,,,,,,,,,,,,,,,,,,,,,2025-02-28 00:00:00,2025-08-12 22:56:59.216587,,usgs3162623,climate-trace,
38468954,Graymont Ltd. Green Bay Brown,"High-Calcium Quicklime,High-Calcium Hydrated Lime",AUS,manufacturing,lime,2024-08-01 00:00:00,2024-08-31 00:00:00,-27.4598348,153.043855,,co2e_100yr,1.0908473798557318e-11,month,6.433309435448325e-12,t of lime,1.695623987624517,t of CO2e_100yr per t of lime,1.2136142171240887e-11,t of lime,0.5300950948558751,,,,,,,,,,,,,,,,,,,,,2025-02-28 00:00:00,2025-08-12 22:56:59.216587,,usgs3162623,climate-trace,
38468954,Graymont Ltd. Green Bay Brown,"High-Calcium Quicklime,High-Calcium Hydrated Lime",AUS,manufacturing,lime,2024-09-01 00:00:00,2024-09-30 00:00:00,-27.4598348,153.043855,,co2e_100yr,1.1375389156275418e-11,month,6.708674351919119e-12,t of lime,1.695623987624517,t of CO2e_100yr per t of lime,1.2655605413106314e-11,t of lime,0.5300950948558751,,,,,,,,,,,,,,,,,,,,,2025-02-28 00:00:00,2025-08-12 22:56:59.216587,,usgs3162623,climate-trace,
38468954,Graymont Ltd. Green Bay Brown,"High-Calcium Quicklime,High-Calcium Hydrated Lime",AUS,manufacturing,lime,2024-10-01 00:00:00,2024-10-31 00:00:00,-27.4598348,153.043855,,co2e_100yr,1.1675299875903518e-11,month,6.885547716425044e-12,t of lime,1.695623987624517,t of CO2e_100yr per t of lime,1.2989268875044239e-11,t of lime,0.5300950948558751,,,,,,,,,,,,,,,,,,,,,2025-02-28 00:00:00,2025-08-12 22:56:59.216587,,usgs3162623,climate-trace,
38468954,Graymont Ltd. Green Bay Brown,"High-Calcium Quicklime,High-Calcium Hydrated Lime",AUS,manufacturing,lime,2024-11-01 00:00:00,2024-11-30 00:00:00,-27.4598348,153.043855,,co2e_100yr,1.1620990722534944e-11,month,6.853518708953488e-12,t of lime,1.695623987624517,t of CO2e_100yr per t of lime,1.2928847626512854e-11,t of lime,0.5300950948558751,,,,,,,,,,,,,,,,,,,,,2025-02-28 00:00:00,2025-08-12 22:56:59.216587,,usgs3162623,climate-trace,
38468954,Graymont Ltd. Green Bay Brown,"High-Calcium Quicklime,High-Calcium Hydrated Lime",AUS,manufacturing,lime,2024-12-01 00:00:00,2024-12-31 00:00:00,-27.4598348,153.043855,,co2e_100yr,1.1720812744159304e-11,month,6.912389084905296e-12,t of lime,1.695623987624517,t of CO2e_100yr per t of lime,1.303990388136806e-11,t of lime,0.5300950948558751,,,,,,,,,,,,,,,,,,,,,2025-02-28 00:00:00,2025-08-12 22:56:59.216587,,usgs3162623,climate-trace,
38468954,Graymont Ltd. Green Bay Brown,"High-Calcium Quicklime,High-Calcium Hydrated Lime",AUS,manufacturing,lime,2025-01-01 00:00:00,2025-01-31 00:00:00,-27.4598348,153.043855,,co2e_100yr,1.1299944229463819e-11,month,6.664180450345285e-12,t of lime,1.695623987624517,t of CO2e_100yr per t of lime,1.2571669715519956e-11,t of lime,0.5300950948558751,,,,,,,,,,,,,,,,,,,,,2025-02-28 00:00:00,2025-08-12 22:56:59.216587,,usgs3162623,climate-trace,
38468954,Graymont Ltd. Green Bay Brown,"High-Calcium Quicklime,High-Calcium Hydrated Lime",AUS,manufacturing,lime,2025-02-01 00:00:00,2025-02-28 00:00:00,-27.4598348,153.043855,,co2e_100yr,1.1053837835900646e-11,month,6.519038369695696e-12,t of lime,1.695623987624517,t of CO2e_100yr per t of lime,1.2297865860215372e-11,t of lime,0.5300950948558751,,,,,,,,,,,,,,,,,,,,,2025-02-28 00:00:00,2025-08-12 22:56:59.216587,,usgs3162623,climate-trace,
38468954,Graymont Ltd. Green Bay Brown,"High-Calcium Quicklime,High-Calcium Hydrated Lime",AUS,manufacturing,lime,2025-03-01 00:00:00,2025-03-31 00:00:00,-27.4598348,153.043855,,co2e_100yr,1.1489534780912492e-11,month,6.7759921213480514e-12,t of lime,1.695623987624517,t of CO2e_100yr per t of lime,1.2782597286983652e-11,t of lime,0.5300950948558751,,,,,,,,,,,,,,,,,,,,,2025-02-28 00:00:00,2025-08-12 22:56:59.216587,,usgs3162623,climate-trace,
38468954,Graymont Ltd. Green Bay Brown,"High-Calcium Quicklime,High-Calcium Hydrated Lime",AUS,manufacturing,lime,2025-04-01 00:00:00,2025-04-30 00:00:00,-27.4598348,153.043855,,co2e_100yr,1.1701472365173634e-11,month,6.900983030776064e-12,t of lime,1.695623987624517,t of CO2e_100yr per t of lime,1.301838688519149e-11,t of lime,0.5300950948558751,,,,,,,,,,,,,,,,,,,,,2025-02-28 00:00:00,2025-08-12 22:56:59.216587,,usgs3162623,climate-trace,
38468954,Graymont Ltd. Green Bay Brown,"High-Calcium Quicklime,High-Calcium Hydrated Lime",AUS,manufacturing,lime,2025-05-01 00:00:00,2025-05-31 00:00:00,-27.4598348,153.043855,,co2e_100yr,1.1595493682505494e-11,month,6.838481743083967e-12,t of lime,1.695623987624517,t of CO2e_100yr per t of lime,1.2900481082442853e-11,t of lime,0.5300950948558751,,,,,,,,,,,,,,,,,,,,,2025-02-28 00:00:00,2025-08-12 22:56:59.216587,,usgs3162623,climate-trace,
38468954,Graymont Ltd. Green Bay Brown,"High-Calcium Quicklime,High-Calcium Hydrated Lime",AUS,manufacturing,lime,2025-06-01 00:00:00,2025-06-30 00:00:00,-27.4598348,153.043855,,co2e_100yr,1.1667396321087552e-11,month,6.880886568155351e-12,t of lime,1.695623987624517,t of CO2e_100yr per t of lime,1.2980475833352428e-11,t of lime,0.5300950948558751,,,,,,,,,,,,,,,,,,,,,2025-02-28 00:00:00,2025-08-12 22:56:59.216587,,usgs3162623,climate-trace,
