iso3_country,sector,subsector,start_time,end_time,gas,emissions_quantity,emissions_quantity_units,temporal_granularity,created_date,modified_date
AUS,manufacturing,lime,2015-01-01 00:00:00,2015-12-31 00:00:00,co2e_100yr,2605995.376077744,,annual,,
AUS,manufacturing,lime,2016-01-01 00:00:00,2016-12-31 00:00:00,co2e_100yr,2582821.4023174075,,annual,,
AUS,manufacturing,lime,2017-01-01 00:00:00,2017-12-31 00:00:00,co2e_100yr,2496995.468000449,,annual,,
AUS,manufacturing,lime,2018-01-01 00:00:00,2018-12-31 00:00:00,co2e_100yr,2636600.522965222,,annual,,
AUS,manufacturing,lime,2019-01-01 00:00:00,2019-12-31 00:00:00,co2e_100yr,2665596.913423271,,annual,,
AUS,manufacturing,lime,2020-01-01 00:00:00,2020-12-31 00:00:00,co2e_100yr,2665761.509113718,,annual,,
AUS,manufacturing,lime,2021-01-01 00:00:00,2021-12-31 00:00:00,co2e_100yr,2633708.132395948,,annual,,
AUS,manufacturing,lime,2022-01-01 00:00:00,2022-12-31 00:00:00,co2e_100yr,2651505.730230391,,annual,,
AUS,manufacturing,lime,2023-01-01 00:00:00,2023-12-31 00:00:00,co2e_100yr,2617204.1774331345,,annual,,
AUS,manufacturing,lime,2024-01-01 00:00:00,2024-12-31 00:00:00,co2e_100yr,2617204.1774331345,,annual,,
AUS,manufacturing,lime,2025-01-01 00:00:00,2025-12-31 00:00:00,co2e_100yr,1308602.088716567,,annual,,
