iso3_country,sector,subsector,start_time,end_time,gas,emissions_quantity,emissions_quantity_units,temporal_granularity,created_date,modified_date
AUS,manufacturing,other-metals,2015-01-01 00:00:00,2015-12-31 00:00:00,co2e_100yr,97409.61911692515,,annual,,
AUS,manufacturing,other-metals,2016-01-01 00:00:00,2016-12-31 00:00:00,co2e_100yr,99719.70587817776,,annual,,
AUS,manufacturing,other-metals,2017-01-01 00:00:00,2017-12-31 00:00:00,co2e_100yr,101595.8286112624,,annual,,
AUS,manufacturing,other-metals,2018-01-01 00:00:00,2018-12-31 00:00:00,co2e_100yr,102923.26341345544,,annual,,
AUS,manufacturing,other-metals,2019-01-01 00:00:00,2019-12-31 00:00:00,co2e_100yr,97425.035895646,,annual,,
AUS,manufacturing,other-metals,2020-01-01 00:00:00,2020-12-31 00:00:00,co2e_100yr,91660.51474242928,,annual,,
AUS,manufacturing,other-metals,2021-01-01 00:00:00,2021-12-31 00:00:00,co2e_100yr,95615.4148919761,,annual,,
AUS,manufacturing,other-metals,2022-01-01 00:00:00,2022-12-31 00:00:00,co2e_100yr,92264.90499179008,,annual,,
AUS,manufacturing,other-metals,2023-01-01 00:00:00,2023-12-31 00:00:00,co2e_100yr,87986.87357694235,,annual,,
AUS,manufacturing,other-metals,2024-01-01 00:00:00,2024-12-31 00:00:00,co2e_100yr,87986.87357694235,,annual,,
AUS,manufacturing,other-metals,2025-01-01 00:00:00,2025-12-31 00:00:00,co2e_100yr,43993.436788471176,,annual,,
