iso3_country,sector,subsector,start_time,end_time,gas,emissions_quantity,emissions_quantity_units,temporal_granularity,created_date,modified_date
AUS,manufacturing,other-manufacturing,2015-01-01 00:00:00,2015-12-31 00:00:00,co2e_100yr,5769633.907875537,,annual,,
AUS,manufacturing,other-manufacturing,2016-01-01 00:00:00,2016-12-31 00:00:00,co2e_100yr,6510833.695719888,,annual,,
AUS,manufacturing,other-manufacturing,2017-01-01 00:00:00,2017-12-31 00:00:00,co2e_100yr,6286173.632018643,,annual,,
AUS,manufacturing,other-manufacturing,2018-01-01 00:00:00,2018-12-31 00:00:00,co2e_100yr,6632417.986945685,,annual,,
AUS,manufacturing,other-manufacturing,2019-01-01 00:00:00,2019-12-31 00:00:00,co2e_100yr,6421488.918794457,,annual,,
AUS,manufacturing,other-manufacturing,2020-01-01 00:00:00,2020-12-31 00:00:00,co2e_100yr,6026997.460955046,,annual,,
AUS,manufacturing,other-manufacturing,2021-01-01 00:00:00,2021-12-31 00:00:00,co2e_100yr,6225940.622217547,,annual,,
AUS,manufacturing,other-manufacturing,2022-01-01 00:00:00,2022-12-31 00:00:00,co2e_100yr,6127171.925604314,,annual,,
AUS,manufacturing,other-manufacturing,2023-01-01 00:00:00,2023-12-31 00:00:00,co2e_100yr,6174745.448975376,,annual,,
AUS,manufacturing,other-manufacturing,2024-01-01 00:00:00,2024-12-31 00:00:00,co2e_100yr,6174745.448975376,,annual,,
AUS,manufacturing,other-manufacturing,2025-01-01 00:00:00,2025-12-31 00:00:00,co2e_100yr,3087372.7244876875,,annual,,
