iso3_country,sector,subsector,start_time,end_time,gas,emissions_quantity,emissions_quantity_units,temporal_granularity,created_date,modified_date
AUS,manufacturing,other-chemicals,2015-01-01 00:00:00,2015-12-31 00:00:00,co2e_100yr,9755957.300130265,,annual,,
AUS,manufacturing,other-chemicals,2016-01-01 00:00:00,2016-12-31 00:00:00,co2e_100yr,9367205.32555846,,annual,,
AUS,manufacturing,other-chemicals,2017-01-01 00:00:00,2017-12-31 00:00:00,co2e_100yr,9346325.451675603,,annual,,
AUS,manufacturing,other-chemicals,2018-01-01 00:00:00,2018-12-31 00:00:00,co2e_100yr,9220163.109278595,,annual,,
AUS,manufacturing,other-chemicals,2019-01-01 00:00:00,2019-12-31 00:00:00,co2e_100yr,9542648.940011038,,annual,,
AUS,manufacturing,other-chemicals,2020-01-01 00:00:00,2020-12-31 00:00:00,co2e_100yr,9977889.290444365,,annual,,
AUS,manufacturing,other-chemicals,2021-01-01 00:00:00,2021-12-31 00:00:00,co2e_100yr,10316415.815646034,,annual,,
AUS,manufacturing,other-chemicals,2022-01-01 00:00:00,2022-12-31 00:00:00,co2e_100yr,10089494.321791433,,annual,,
AUS,manufacturing,other-chemicals,2023-01-01 00:00:00,2023-12-31 00:00:00,co2e_100yr,9713224.19490066,,annual,,
AUS,manufacturing,other-chemicals,2024-01-01 00:00:00,2024-12-31 00:00:00,co2e_100yr,9713224.194900662,,annual,,
AUS,manufacturing,other-chemicals,2025-01-01 00:00:00,2025-12-31 00:00:00,co2e_100yr,4856612.09745033,,annual,,
