iso3_country,sector,subsector,start_time,end_time,gas,emissions_quantity,emissions_quantity_units,temporal_granularity,created_date,modified_date
AUS,manufacturing,petrochemical-steam-cracking,2015-01-01 00:00:00,2015-12-31 00:00:00,co2e_100yr,677612.6550757962,,annual,,
AUS,manufacturing,petrochemical-steam-cracking,2016-01-01 00:00:00,2016-12-31 00:00:00,co2e_100yr,682893.852779374,,annual,,
AUS,manufacturing,petrochemical-steam-cracking,2017-01-01 00:00:00,2017-12-31 00:00:00,co2e_100yr,720895.8188053224,,annual,,
AUS,manufacturing,petrochemical-steam-cracking,2018-01-01 00:00:00,2018-12-31 00:00:00,co2e_100yr,692781.1255797982,,annual,,
AUS,manufacturing,petrochemical-steam-cracking,2019-01-01 00:00:00,2019-12-31 00:00:00,co2e_100yr,684595.2591583035,,annual,,
AUS,manufacturing,petrochemical-steam-cracking,2020-01-01 00:00:00,2020-12-31 00:00:00,co2e_100yr,701513.2399118119,,annual,,
AUS,manufacturing,petrochemical-steam-cracking,2021-01-01 00:00:00,2021-12-31 00:00:00,co2e_100yr,406817.0535839999,,annual,,
AUS,manufacturing,petrochemical-steam-cracking,2022-01-01 00:00:00,2022-12-31 00:00:00,co2e_100yr,383893.28445179993,,annual,,
AUS,manufacturing,petrochemical-steam-cracking,2023-01-01 00:00:00,2023-12-31 00:00:00,co2e_100yr,368645.4678481999,,annual,,
AUS,manufacturing,petrochemical-steam-cracking,2024-01-01 00:00:00,2024-12-31 00:00:00,co2e_100yr,172347.83412007993,,annual,,
AUS,manufacturing,petrochemical-steam-cracking,2025-01-01 00:00:00,2025-12-31 00:00:00,co2e_100yr,184322.73390015992,,annual,,
