iso3_country,sector,subsector,start_time,end_time,gas,emissions_quantity,emissions_quantity_units,temporal_granularity,created_date,modified_date
AUS,manufacturing,pulp-and-paper,2015-01-01 00:00:00,2015-12-31 00:00:00,co2e_100yr,818165.3619999998,,annual,,
AUS,manufacturing,pulp-and-paper,2016-01-01 00:00:00,2016-12-31 00:00:00,co2e_100yr,804802.3619999998,,annual,,
AUS,manufacturing,pulp-and-paper,2017-01-01 00:00:00,2017-12-31 00:00:00,co2e_100yr,800617.9999999998,,annual,,
AUS,manufacturing,pulp-and-paper,2018-01-01 00:00:00,2018-12-31 00:00:00,co2e_100yr,884862.9999999997,,annual,,
AUS,manufacturing,pulp-and-paper,2019-01-01 00:00:00,2019-12-31 00:00:00,co2e_100yr,883700.9999999999,,annual,,
AUS,manufacturing,pulp-and-paper,2020-01-01 00:00:00,2020-12-31 00:00:00,co2e_100yr,810494.9999999999,,annual,,
AUS,manufacturing,pulp-and-paper,2021-01-01 00:00:00,2021-12-31 00:00:00,co2e_100yr,740775.0,,annual,,
AUS,manufacturing,pulp-and-paper,2022-01-01 00:00:00,2022-12-31 00:00:00,co2e_100yr,812819.0,,annual,,
AUS,manufacturing,pulp-and-paper,2023-01-01 00:00:00,2023-12-31 00:00:00,co2e_100yr,812819.0,,annual,,
AUS,manufacturing,pulp-and-paper,2024-01-01 00:00:00,2024-12-31 00:00:00,co2e_100yr,812819.0000000001,,annual,,
AUS,manufacturing,pulp-and-paper,2025-01-01 00:00:00,2025-12-31 00:00:00,co2e_100yr,403069.1479452055,,annual,,
