source_id,source_name,source_type,iso3_country,sector,subsector,start_time,end_time,lat,lon,geometry_ref,gas,emissions_quantity,temporal_granularity,activity,activity_units,emissions_factor,emissions_factor_units,capacity,capacity_units,capacity_factor,other1,other1_def,other2,other2_def,other3,other3_def,other4,other4_def,other5,other5_def,other6,other6_def,other7,other7_def,other8,other8_def,other9,other9_def,other10,other10_def,created_date,modified_date,lat_lon,native_source_id,reporting_entity,sector_id
31922344,Latrobe City,,AUS,manufacturing,pulp-and-paper,2021-01-01 00:00:00,2021-01-31 00:00:00,-38.2744119986379,146.438319483293,,co2e_100yr,4905.507792659068,month,8443.214789430409,t of pulp & paper,0.581,t of CO2e_100yr per t of pulp & paper,13164.383561643835,t of pulp & paper,0.6413680329119874,disaggregation,model_methodology,,,,,,,,,,,,,,,,,,,2024-09-25 00:00:00,2025-08-08 21:09:12,,AUS.10.37_1,climate-trace,80
31922344,Latrobe City,,AUS,manufacturing,pulp-and-paper,2021-02-01 00:00:00,2021-02-28 00:00:00,-38.2744119986379,146.438319483293,,co2e_100yr,4430.781232079158,month,7626.1294872274675,t of pulp & paper,0.581,t of CO2e_100yr per t of pulp & paper,11890.41095890411,t of pulp & paper,0.6413680329119874,disaggregation,model_methodology,,,,,,,,,,,,,,,,,,,2024-09-25 00:00:00,2025-08-08 21:09:12,,AUS.10.37_1,climate-trace,80
31922344,Latrobe City,,AUS,manufacturing,pulp-and-paper,2021-03-01 00:00:00,2021-03-31 00:00:00,-38.2744119986379,146.438319483293,,co2e_100yr,4905.507792659068,month,8443.214789430409,t of pulp & paper,0.581,t of CO2e_100yr per t of pulp & paper,13164.383561643835,t of pulp & paper,0.6413680329119874,disaggregation,model_methodology,,,,,,,,,,,,,,,,,,,2024-09-25 00:00:00,2025-08-08 21:09:12,,AUS.10.37_1,climate-trace,80
31922344,Latrobe City,,AUS,manufacturing,pulp-and-paper,2021-04-01 00:00:00,2021-04-30 00:00:00,-38.2744119986379,146.438319483293,,co2e_100yr,4747.265605799097,month,8170.853022029428,t of pulp & paper,0.581,t of CO2e_100yr per t of pulp & paper,12739.72602739726,t of pulp & paper,0.6413680329119874,disaggregation,model_methodology,,,,,,,,,,,,,,,,,,,2024-09-25 00:00:00,2025-08-08 21:09:12,,AUS.10.37_1,climate-trace,80
31922344,Latrobe City,,AUS,manufacturing,pulp-and-paper,2021-05-01 00:00:00,2021-05-31 00:00:00,-38.2744119986379,146.438319483293,,co2e_100yr,4905.507792659068,month,8443.214789430409,t of pulp & paper,0.581,t of CO2e_100yr per t of pulp & paper,13164.383561643835,t of pulp & paper,0.6413680329119874,disaggregation,model_methodology,,,,,,,,,,,,,,,,,,,2024-09-25 00:00:00,2025-08-08 21:09:12,,AUS.10.37_1,climate-trace,80
31922344,Latrobe City,,AUS,manufacturing,pulp-and-paper,2021-06-01 00:00:00,2021-06-30 00:00:00,-38.2744119986379,146.438319483293,,co2e_100yr,4747.265605799097,month,8170.853022029428,t of pulp & paper,0.581,t of CO2e_100yr per t of pulp & paper,12739.72602739726,t of pulp & paper,0.6413680329119874,disaggregation,model_methodology,,,,,,,,,,,,,,,,,,,2024-09-25 00:00:00,2025-08-08 21:09:12,,AUS.10.37_1,climate-trace,80
31922344,Latrobe City,,AUS,manufacturing,pulp-and-paper,2021-07-01 00:00:00,2021-07-31 00:00:00,-38.2744119986379,146.438319483293,,co2e_100yr,4905.507792659068,month,8443.214789430409,t of pulp & paper,0.581,t of CO2e_100yr per t of pulp & paper,13164.383561643835,t of pulp & paper,0.6413680329119874,disaggregation,model_methodology,,,,,,,,,,,,,,,,,,,2024-09-25 00:00:00,2025-08-08 21:09:12,,AUS.10.37_1,climate-trace,80
31922344,Latrobe City,,AUS,manufacturing,pulp-and-paper,2021-08-01 00:00:00,2021-08-31 00:00:00,-38.2744119986379,146.438319483293,,co2e_100yr,4905.507792659068,month,8443.214789430409,t of pulp & paper,0.581,t of CO2e_100yr per t of pulp & paper,13164.383561643835,t of pulp & paper,0.6413680329119874,disaggregation,model_methodology,,,,,,,,,,,,,,,,,,,2024-09-25 00:00:00,2025-08-08 21:09:12,,AUS.10.37_1,climate-trace,80
31922344,Latrobe City,,AUS,manufacturing,pulp-and-paper,2021-09-01 00:00:00,2021-09-30 00:00:00,-38.2744119986379,146.438319483293,,co2e_100yr,4747.265605799097,month,8170.853022029428,t of pulp & paper,0.581,t of CO2e_100yr per t of pulp & paper,12739.72602739726,t of pulp & paper,0.6413680329119874,disaggregation,model_methodology,,,,,,,,,,,,,,,,,,,2024-09-25 00:00:00,2025-08-08 21:09:12,,AUS.10.37_1,climate-trace,80
31922344,Latrobe City,,AUS,manufacturing,pulp-and-paper,2021-10-01 00:00:00,2021-10-31 00:00:00,-38.2744119986379,146.438319483293,,co2e_100yr,4905.507792659068,month,8443.214789430409,t of pulp & paper,0.581,t of CO2e_100yr per t of pulp & paper,13164.383561643835,t of pulp & paper,0.6413680329119874,disaggregation,model_methodology,,,,,,,,,,,,,,,,,,,2024-09-25 00:00:00,2025-08-08 21:09:12,,AUS.10.37_1,climate-trace,80
31922344,Latrobe City,,AUS,manufacturing,pulp-and-paper,2021-11-01 00:00:00,2021-11-30 00:00:00,-38.2744119986379,146.438319483293,,co2e_100yr,4747.265605799097,month,8170.853022029428,t of pulp & paper,0.581,t of CO2e_100yr per t of pulp & paper,12739.72602739726,t of pulp & paper,0.6413680329119874,disaggregation,model_methodology,,,,,,,,,,,,,,,,,,,2024-09-25 00:00:00,2025-08-08 21:09:12,,AUS.10.37_1,climate-trace,80
31922344,Latrobe City,,AUS,manufacturing,pulp-and-paper,2021-12-01 00:00:00,2021-12-31 00:00:00,-38.2744119986379,146.438319483293,,co2e_100yr,4905.507792659068,month,8443.214789430409,t of pulp & paper,0.581,t of CO2e_100yr per t of pulp & paper,13164.383561643835,t of pulp & paper,0.6413680329119874,disaggregation,model_methodology,,,,,,,,,,,,,,,,,,,2024-09-25 00:00:00,2025-08-08 21:09:12,,AUS.10.37_1,climate-trace,80
31922344,Latrobe City,,AUS,manufacturing,pulp-and-paper,2022-01-01 00:00:00,2022-01-31 00:00:00,-38.2744119986379,146.438319483293,,co2e_100yr,4911.526447718334,month,8453.573920341367,t of pulp & paper,0.581,t of CO2e_100yr per t of pulp & paper,13164.383561643835,t of pulp & paper,0.6421549387980435,disaggregation,model_methodology,,,,,,,,,,,,,,,,,,,2024-09-25 00:00:00,2025-08-08 21:09:12,,AUS.10.37_1,climate-trace,80
31922344,Latrobe City,,AUS,manufacturing,pulp-and-paper,2022-02-01 00:00:00,2022-02-28 00:00:00,-38.2744119986379,146.438319483293,,co2e_100yr,4436.217436648819,month,7635.486121598656,t of pulp & paper,0.581,t of CO2e_100yr per t of pulp & paper,11890.41095890411,t of pulp & paper,0.6421549387980435,disaggregation,model_methodology,,,,,,,,,,,,,,,,,,,2024-09-25 00:00:00,2025-08-08 21:09:12,,AUS.10.37_1,climate-trace,80
31922344,Latrobe City,,AUS,manufacturing,pulp-and-paper,2022-03-01 00:00:00,2022-03-31 00:00:00,-38.2744119986379,146.438319483293,,co2e_100yr,4911.526447718334,month,8453.573920341367,t of pulp & paper,0.581,t of CO2e_100yr per t of pulp & paper,13164.383561643835,t of pulp & paper,0.6421549387980435,disaggregation,model_methodology,,,,,,,,,,,,,,,,,,,2024-09-25 00:00:00,2025-08-08 21:09:12,,AUS.10.37_1,climate-trace,80
31922344,Latrobe City,,AUS,manufacturing,pulp-and-paper,2022-04-01 00:00:00,2022-04-30 00:00:00,-38.2744119986379,146.438319483293,,co2e_100yr,4753.0901106951615,month,8180.877987427129,t of pulp & paper,0.581,t of CO2e_100yr per t of pulp & paper,12739.72602739726,t of pulp & paper,0.6421549387980435,disaggregation,model_methodology,,,,,,,,,,,,,,,,,,,2024-09-25 00:00:00,2025-08-08 21:09:12,,AUS.10.37_1,climate-trace,80
31922344,Latrobe City,,AUS,manufacturing,pulp-and-paper,2022-05-01 00:00:00,2022-05-31 00:00:00,-38.2744119986379,146.438319483293,,co2e_100yr,4911.526447718334,month,8453.573920341367,t of pulp & paper,0.581,t of CO2e_100yr per t of pulp & paper,13164.383561643835,t of pulp & paper,0.6421549387980435,disaggregation,model_methodology,,,,,,,,,,,,,,,,,,,2024-09-25 00:00:00,2025-08-08 21:09:12,,AUS.10.37_1,climate-trace,80
31922344,Latrobe City,,AUS,manufacturing,pulp-and-paper,2022-06-01 00:00:00,2022-06-30 00:00:00,-38.2744119986379,146.438319483293,,co2e_100yr,4753.0901106951615,month,8180.877987427129,t of pulp & paper,0.581,t of CO2e_100yr per t of pulp & paper,12739.72602739726,t of pulp & paper,0.6421549387980435,disaggregation,model_methodology,,,,,,,,,,,,,,,,,,,2024-09-25 00:00:00,2025-08-08 21:09:12,,AUS.10.37_1,climate-trace,80
31922344,Latrobe City,,AUS,manufacturing,pulp-and-paper,2022-07-01 00:00:00,2022-07-31 00:00:00,-38.2744119986379,146.438319483293,,co2e_100yr,4911.526447718334,month,8453.573920341367,t of pulp & paper,0.581,t of CO2e_100yr per t of pulp & paper,13164.383561643835,t of pulp & paper,0.6421549387980435,disaggregation,model_methodology,,,,,,,,,,,,,,,,,,,2024-09-25 00:00:00,2025-08-08 21:09:12,,AUS.10.37_1,climate-trace,80
31922344,Latrobe City,,AUS,manufacturing,pulp-and-paper,2022-08-01 00:00:00,2022-08-31 00:00:00,-38.2744119986379,146.438319483293,,co2e_100yr,4911.526447718334,month,8453.573920341367,t of pulp & paper,0.581,t of CO2e_100yr per t of pulp & paper,13164.383561643835,t of pulp & paper,0.6421549387980435,disaggregation,model_methodology,,,,,,,,,,,,,,,,,,,2024-09-25 00:00:00,2025-08-08 21:09:12,,AUS.10.37_1,climate-trace,80
31922344,Latrobe City,,AUS,manufacturing,pulp-and-paper,2022-09-01 00:00:00,2022-09-30 00:00:00,-38.2744119986379,146.438319483293,,co2e_100yr,4753.0901106951615,month,8180.877987427129,t of pulp & paper,0.581,t of CO2e_100yr per t of pulp & paper,12739.72602739726,t of pulp & paper,0.6421549387980435,disaggregation,model_methodology,,,,,,,,,,,,,,,,,,,2024-09-25 00:00:00,2025-08-08 21:09:12,,AUS.10.37_1,climate-trace,80
31922344,Latrobe City,,AUS,manufacturing,pulp-and-paper,2022-10-01 00:00:00,2022-10-31 00:00:00,-38.2744119986379,146.438319483293,,co2e_100yr,4911.526447718334,month,8453.573920341367,t of pulp & paper,0.581,t of CO2e_100yr per t of pulp & paper,13164.383561643835,t of pulp & paper,0.6421549387980435,disaggregation,model_methodology,,,,,,,,,,,,,,,,,,,2024-09-25 00:00:00,2025-08-08 21:09:12,,AUS.10.37_1,climate-trace,80
31922344,Latrobe City,,AUS,manufacturing,pulp-and-paper,2022-11-01 00:00:00,2022-11-30 00:00:00,-38.2744119986379,146.438319483293,,co2e_100yr,4753.0901106951615,month,8180.877987427129,t of pulp & paper,0.581,t of CO2e_100yr per t of pulp & paper,12739.72602739726,t of pulp & paper,0.6421549387980435,disaggregation,model_methodology,,,,,,,,,,,,,,,,,,,2024-09-25 00:00:00,2025-08-08 21:09:12,,AUS.10.37_1,climate-trace,80
31922344,Latrobe City,,AUS,manufacturing,pulp-and-paper,2022-12-01 00:00:00,2022-12-31 00:00:00,-38.2744119986379,146.438319483293,,co2e_100yr,4911.526447718334,month,8453.573920341367,t of pulp & paper,0.581,t of CO2e_100yr per t of pulp & paper,13164.383561643835,t of pulp & paper,0.6421549387980435,disaggregation,model_methodology,,,,,,,,,,,,,,,,,,,2024-09-25 00:00:00,2025-08-08 21:09:12,,AUS.10.37_1,climate-trace,80
31922344,Latrobe City,,AUS,manufacturing,pulp-and-paper,2023-01-01 00:00:00,2023-01-31 00:00:00,-38.2744119986379,146.438319483293,,co2e_100yr,4911.526447718334,month,8453.573920341367,t of pulp & paper,0.581,t of CO2e_100yr per t of pulp & paper,13164.383561643835,t of pulp & paper,0.6421549387980435,disaggregation,model_methodology,,,,,,,,,,,,,,,,,,,2024-09-25 00:00:00,2025-08-08 21:09:12,,AUS.10.37_1,climate-trace,80
31922344,Latrobe City,,AUS,manufacturing,pulp-and-paper,2023-02-01 00:00:00,2023-02-28 00:00:00,-38.2744119986379,146.438319483293,,co2e_100yr,4436.217436648819,month,7635.486121598656,t of pulp & paper,0.581,t of CO2e_100yr per t of pulp & paper,11890.41095890411,t of pulp & paper,0.6421549387980435,disaggregation,model_methodology,,,,,,,,,,,,,,,,,,,2024-09-25 00:00:00,2025-08-08 21:09:12,,AUS.10.37_1,climate-trace,80
31922344,Latrobe City,,AUS,manufacturing,pulp-and-paper,2023-03-01 00:00:00,2023-03-31 00:00:00,-38.2744119986379,146.438319483293,,co2e_100yr,4911.526447718334,month,8453.573920341367,t of pulp & paper,0.581,t of CO2e_100yr per t of pulp & paper,13164.383561643835,t of pulp & paper,0.6421549387980435,disaggregation,model_methodology,,,,,,,,,,,,,,,,,,,2024-09-25 00:00:00,2025-08-08 21:09:12,,AUS.10.37_1,climate-trace,80
31922344,Latrobe City,,AUS,manufacturing,pulp-and-paper,2023-04-01 00:00:00,2023-04-30 00:00:00,-38.2744119986379,146.438319483293,,co2e_100yr,4753.0901106951615,month,8180.877987427129,t of pulp & paper,0.581,t of CO2e_100yr per t of pulp & paper,12739.72602739726,t of pulp & paper,0.6421549387980435,disaggregation,model_methodology,,,,,,,,,,,,,,,,,,,2024-09-25 00:00:00,2025-08-08 21:09:12,,AUS.10.37_1,climate-trace,80
31922344,Latrobe City,,AUS,manufacturing,pulp-and-paper,2023-05-01 00:00:00,2023-05-31 00:00:00,-38.2744119986379,146.438319483293,,co2e_100yr,4911.526447718334,month,8453.573920341367,t of pulp & paper,0.581,t of CO2e_100yr per t of pulp & paper,13164.383561643835,t of pulp & paper,0.6421549387980435,disaggregation,model_methodology,,,,,,,,,,,,,,,,,,,2024-09-25 00:00:00,2025-08-08 21:09:12,,AUS.10.37_1,climate-trace,80
31922344,Latrobe City,,AUS,manufacturing,pulp-and-paper,2023-06-01 00:00:00,2023-06-30 00:00:00,-38.2744119986379,146.438319483293,,co2e_100yr,4753.0901106951615,month,8180.877987427129,t of pulp & paper,0.581,t of CO2e_100yr per t of pulp & paper,12739.72602739726,t of pulp & paper,0.6421549387980435,disaggregation,model_methodology,,,,,,,,,,,,,,,,,,,2024-09-25 00:00:00,2025-08-08 21:09:12,,AUS.10.37_1,climate-trace,80
31922344,Latrobe City,,AUS,manufacturing,pulp-and-paper,2023-07-01 00:00:00,2023-07-31 00:00:00,-38.2744119986379,146.438319483293,,co2e_100yr,4911.526447718334,month,8453.573920341367,t of pulp & paper,0.581,t of CO2e_100yr per t of pulp & paper,13164.383561643835,t of pulp & paper,0.6421549387980435,disaggregation,model_methodology,,,,,,,,,,,,,,,,,,,2024-09-25 00:00:00,2025-08-08 21:09:12,,AUS.10.37_1,climate-trace,80
31922344,Latrobe City,,AUS,manufacturing,pulp-and-paper,2023-08-01 00:00:00,2023-08-31 00:00:00,-38.2744119986379,146.438319483293,,co2e_100yr,4911.526447718334,month,8453.573920341367,t of pulp & paper,0.581,t of CO2e_100yr per t of pulp & paper,13164.383561643835,t of pulp & paper,0.6421549387980435,disaggregation,model_methodology,,,,,,,,,,,,,,,,,,,2024-09-25 00:00:00,2025-08-08 21:09:12,,AUS.10.37_1,climate-trace,80
31922344,Latrobe City,,AUS,manufacturing,pulp-and-paper,2023-09-01 00:00:00,2023-09-30 00:00:00,-38.2744119986379,146.438319483293,,co2e_100yr,4753.0901106951615,month,8180.877987427129,t of pulp & paper,0.581,t of CO2e_100yr per t of pulp & paper,12739.72602739726,t of pulp & paper,0.6421549387980435,disaggregation,model_methodology,,,,,,,,,,,,,,,,,,,2024-09-25 00:00:00,2025-08-08 21:09:12,,AUS.10.37_1,climate-trace,80
31922344,Latrobe City,,AUS,manufacturing,pulp-and-paper,2023-10-01 00:00:00,2023-10-31 00:00:00,-38.2744119986379,146.438319483293,,co2e_100yr,4911.526447718334,month,8453.573920341367,t of pulp & paper,0.581,t of CO2e_100yr per t of pulp & paper,13164.383561643835,t of pulp & paper,0.6421549387980435,disaggregation,model_methodology,,,,,,,,,,,,,,,,,,,2024-09-25 00:00:00,2025-08-08 21:09:12,,AUS.10.37_1,climate-trace,80
31922344,Latrobe City,,AUS,manufacturing,pulp-and-paper,2023-11-01 00:00:00,2023-11-30 00:00:00,-38.2744119986379,146.438319483293,,co2e_100yr,4753.0901106951615,month,8180.877987427129,t of pulp & paper,0.581,t of CO2e_100yr per t of pulp & paper,12739.72602739726,t of pulp & paper,0.6421549387980435,disaggregation,model_methodology,,,,,,,,,,,,,,,,,,,2024-09-25 00:00:00,2025-08-08 21:09:12,,AUS.10.37_1,climate-trace,80
31922344,Latrobe City,,AUS,manufacturing,pulp-and-paper,2023-12-01 00:00:00,2023-12-31 00:00:00,-38.2744119986379,146.438319483293,,co2e_100yr,4911.526447718334,month,8453.573920341367,t of pulp & paper,0.581,t of CO2e_100yr per t of pulp & paper,13164.383561643835,t of pulp & paper,0.6421549387980435,disaggregation,model_methodology,,,,,,,,,,,,,,,,,,,2024-09-25 00:00:00,2025-08-08 21:09:12,,AUS.10.37_1,climate-trace,80
31922344,Latrobe City,,AUS,manufacturing,pulp-and-paper,2024-01-01 00:00:00,2024-01-31 00:00:00,-38.2744119986379,146.438319483293,,co2e_100yr,4898.106976549703,month,8430.476723837699,t of pulp & paper,0.581,t of CO2e_100yr per t of pulp & paper,13128.415300546449,t of pulp & paper,0.6421549387980433,disaggregation,model_methodology,,,,,,,,,,,,,,,,,,,2024-09-25 00:00:00,2025-08-08 21:09:12,,AUS.10.37_1,climate-trace,80
31922344,Latrobe City,,AUS,manufacturing,pulp-and-paper,2024-02-01 00:00:00,2024-02-29 00:00:00,-38.2744119986379,146.438319483293,,co2e_100yr,4582.10007483682,month,7886.57499971914,t of pulp & paper,0.581,t of CO2e_100yr per t of pulp & paper,12281.420765027324,t of pulp & paper,0.6421549387980433,disaggregation,model_methodology,,,,,,,,,,,,,,,,,,,2024-09-25 00:00:00,2025-08-08 21:09:12,,AUS.10.37_1,climate-trace,80
31922344,Latrobe City,,AUS,manufacturing,pulp-and-paper,2024-03-01 00:00:00,2024-03-31 00:00:00,-38.2744119986379,146.438319483293,,co2e_100yr,4898.106976549703,month,8430.476723837699,t of pulp & paper,0.581,t of CO2e_100yr per t of pulp & paper,13128.415300546449,t of pulp & paper,0.6421549387980433,disaggregation,model_methodology,,,,,,,,,,,,,,,,,,,2024-09-25 00:00:00,2025-08-08 21:09:12,,AUS.10.37_1,climate-trace,80
31922344,Latrobe City,,AUS,manufacturing,pulp-and-paper,2024-04-01 00:00:00,2024-04-30 00:00:00,-38.2744119986379,146.438319483293,,co2e_100yr,4740.10352569326,month,8158.5258617784175,t of pulp & paper,0.581,t of CO2e_100yr per t of pulp & paper,12704.918032786883,t of pulp & paper,0.6421549387980433,disaggregation,model_methodology,,,,,,,,,,,,,,,,,,,2024-09-25 00:00:00,2025-08-08 21:09:12,,AUS.10.37_1,climate-trace,80
31922344,Latrobe City,,AUS,manufacturing,pulp-and-paper,2024-05-01 00:00:00,2024-05-31 00:00:00,-38.2744119986379,146.438319483293,,co2e_100yr,4898.106976549703,month,8430.476723837699,t of pulp & paper,0.581,t of CO2e_100yr per t of pulp & paper,13128.415300546449,t of pulp & paper,0.6421549387980433,disaggregation,model_methodology,,,,,,,,,,,,,,,,,,,2024-09-25 00:00:00,2025-08-08 21:09:12,,AUS.10.37_1,climate-trace,80
31922344,Latrobe City,,AUS,manufacturing,pulp-and-paper,2024-06-01 00:00:00,2024-06-30 00:00:00,-38.2744119986379,146.438319483293,,co2e_100yr,4740.10352569326,month,8158.5258617784175,t of pulp & paper,0.581,t of CO2e_100yr per t of pulp & paper,12704.918032786883,t of pulp & paper,0.6421549387980433,disaggregation,model_methodology,,,,,,,,,,,,,,,,,,,2024-09-25 00:00:00,2025-08-08 21:09:12,,AUS.10.37_1,climate-trace,80
31922344,Latrobe City,,AUS,manufacturing,pulp-and-paper,2024-07-01 00:00:00,2024-07-31 00:00:00,-38.2744119986379,146.438319483293,,co2e_100yr,4898.106976549703,month,8430.476723837699,t of pulp & paper,0.581,t of CO2e_100yr per t of pulp & paper,13128.415300546449,t of pulp & paper,0.6421549387980433,disaggregation,model_methodology,,,,,,,,,,,,,,,,,,,2024-09-25 00:00:00,2025-08-08 21:09:12,,AUS.10.37_1,climate-trace,80
31922344,Latrobe City,,AUS,manufacturing,pulp-and-paper,2024-08-01 00:00:00,2024-08-31 00:00:00,-38.2744119986379,146.438319483293,,co2e_100yr,4911.526447718334,month,8453.573920341367,t of pulp & paper,0.581,t of CO2e_100yr per t of pulp & paper,13164.383561643835,t of pulp & paper,0.6421549387980435,disaggregation,model_methodology,,,,,,,,,,,,,,,,,,,2024-09-25 00:00:00,2025-08-08 21:35:58.990312,,AUS.10.37_1,climate-trace,80
31922344,Latrobe City,,AUS,manufacturing,pulp-and-paper,2024-09-01 00:00:00,2024-09-30 00:00:00,-38.2744119986379,146.438319483293,,co2e_100yr,4753.0901106951615,month,8180.877987427129,t of pulp & paper,0.581,t of CO2e_100yr per t of pulp & paper,12739.72602739726,t of pulp & paper,0.6421549387980435,disaggregation,model_methodology,,,,,,,,,,,,,,,,,,,2024-09-25 00:00:00,2025-08-08 21:35:58.990312,,AUS.10.37_1,climate-trace,80
31922344,Latrobe City,,AUS,manufacturing,pulp-and-paper,2024-10-01 00:00:00,2024-10-31 00:00:00,-38.2744119986379,146.438319483293,,co2e_100yr,4911.526447718334,month,8453.573920341367,t of pulp & paper,0.581,t of CO2e_100yr per t of pulp & paper,13164.383561643835,t of pulp & paper,0.6421549387980435,disaggregation,model_methodology,,,,,,,,,,,,,,,,,,,2024-09-25 00:00:00,2025-08-08 21:35:58.990312,,AUS.10.37_1,climate-trace,80
31922344,Latrobe City,,AUS,manufacturing,pulp-and-paper,2024-11-01 00:00:00,2024-11-30 00:00:00,-38.2744119986379,146.438319483293,,co2e_100yr,4753.0901106951615,month,8180.877987427129,t of pulp & paper,0.581,t of CO2e_100yr per t of pulp & paper,12739.72602739726,t of pulp & paper,0.6421549387980435,disaggregation,model_methodology,,,,,,,,,,,,,,,,,,,2024-09-25 00:00:00,2025-08-08 21:35:58.990312,,AUS.10.37_1,climate-trace,80
31922344,Latrobe City,,AUS,manufacturing,pulp-and-paper,2024-12-01 00:00:00,2024-12-31 00:00:00,-38.2744119986379,146.438319483293,,co2e_100yr,4911.526447718334,month,8453.573920341367,t of pulp & paper,0.581,t of CO2e_100yr per t of pulp & paper,13164.383561643835,t of pulp & paper,0.6421549387980435,disaggregation,model_methodology,,,,,,,,,,,,,,,,,,,2024-09-25 00:00:00,2025-08-08 21:35:58.990312,,AUS.10.37_1,climate-trace,80
31922344,Latrobe City,,AUS,manufacturing,pulp-and-paper,2025-01-01 00:00:00,2025-01-31 00:00:00,-38.2744119986379,146.438319483293,,co2e_100yr,4911.526447718334,month,8453.573920341367,t of pulp & paper,0.581,t of CO2e_100yr per t of pulp & paper,13164.383561643835,t of pulp & paper,0.6421549387980435,disaggregation,model_methodology,,,,,,,,,,,,,,,,,,,2024-09-25 00:00:00,2025-08-08 21:35:58.990312,,AUS.10.37_1,climate-trace,80
31922344,Latrobe City,,AUS,manufacturing,pulp-and-paper,2025-02-01 00:00:00,2025-02-28 00:00:00,-38.2744119986379,146.438319483293,,co2e_100yr,4436.217436648819,month,7635.486121598656,t of pulp & paper,0.581,t of CO2e_100yr per t of pulp & paper,11890.41095890411,t of pulp & paper,0.6421549387980435,disaggregation,model_methodology,,,,,,,,,,,,,,,,,,,2024-09-25 00:00:00,2025-08-08 21:35:58.990312,,AUS.10.37_1,climate-trace,80
31922344,Latrobe City,,AUS,manufacturing,pulp-and-paper,2025-03-01 00:00:00,2025-03-31 00:00:00,-38.2744119986379,146.438319483293,,co2e_100yr,4911.526447718334,month,8453.573920341367,t of pulp & paper,0.581,t of CO2e_100yr per t of pulp & paper,13164.383561643835,t of pulp & paper,0.6421549387980435,disaggregation,model_methodology,,,,,,,,,,,,,,,,,,,2024-09-25 00:00:00,2025-08-08 21:35:58.990312,,AUS.10.37_1,climate-trace,80
31922344,Latrobe City,,AUS,manufacturing,pulp-and-paper,2025-04-01 00:00:00,2025-04-30 00:00:00,-38.2744119986379,146.438319483293,,co2e_100yr,4753.0901106951615,month,8180.877987427129,t of pulp & paper,0.581,t of CO2e_100yr per t of pulp & paper,12739.72602739726,t of pulp & paper,0.6421549387980435,disaggregation,model_methodology,,,,,,,,,,,,,,,,,,,2024-09-25 00:00:00,2025-08-08 21:35:58.990312,,AUS.10.37_1,climate-trace,80
31922344,Latrobe City,,AUS,manufacturing,pulp-and-paper,2025-05-01 00:00:00,2025-05-31 00:00:00,-38.2744119986379,146.438319483293,,co2e_100yr,4911.526447718334,month,8453.573920341367,t of pulp & paper,0.581,t of CO2e_100yr per t of pulp & paper,13164.383561643835,t of pulp & paper,0.6421549387980435,disaggregation,model_methodology,,,,,,,,,,,,,,,,,,,2024-09-25 00:00:00,2025-08-08 21:35:58.990312,,AUS.10.37_1,climate-trace,80
31922344,Latrobe City,,AUS,manufacturing,pulp-and-paper,2025-06-01 00:00:00,2025-06-30 00:00:00,-38.2744119986379,146.438319483293,,co2e_100yr,4753.0901106951615,month,8180.877987427129,t of pulp & paper,0.581,t of CO2e_100yr per t of pulp & paper,12739.72602739726,t of pulp & paper,0.6421549387980435,disaggregation,model_methodology,,,,,,,,,,,,,,,,,,,2024-09-25 00:00:00,2025-08-08 21:35:58.990312,,AUS.10.37_1,climate-trace,80
