iso3_country,sector,subsector,start_time,end_time,gas,emissions_quantity,emissions_quantity_units,temporal_granularity,created_date,modified_date
AUS,manufacturing,textiles-leather-apparel,2015-01-01 00:00:00,2015-12-31 00:00:00,co2e_100yr,374528.749486357,,annual,,
AUS,manufacturing,textiles-leather-apparel,2016-01-01 00:00:00,2016-12-31 00:00:00,co2e_100yr,369113.46577022574,,annual,,
AUS,manufacturing,textiles-leather-apparel,2017-01-01 00:00:00,2017-12-31 00:00:00,co2e_100yr,375732.8546335562,,annual,,
AUS,manufacturing,textiles-leather-apparel,2018-01-01 00:00:00,2018-12-31 00:00:00,co2e_100yr,404711.26806553896,,annual,,
AUS,manufacturing,textiles-leather-apparel,2019-01-01 00:00:00,2019-12-31 00:00:00,co2e_100yr,379927.9398332952,,annual,,
AUS,manufacturing,textiles-leather-apparel,2020-01-01 00:00:00,2020-12-31 00:00:00,co2e_100yr,310678.2488111775,,annual,,
AUS,manufacturing,textiles-leather-apparel,2021-01-01 00:00:00,2021-12-31 00:00:00,co2e_100yr,314214.4205291332,,annual,,
AUS,manufacturing,textiles-leather-apparel,2022-01-01 00:00:00,2022-12-31 00:00:00,co2e_100yr,304751.75769187795,,annual,,
AUS,manufacturing,textiles-leather-apparel,2023-01-01 00:00:00,2023-12-31 00:00:00,co2e_100yr,286818.99330409826,,annual,,
AUS,manufacturing,textiles-leather-apparel,2024-01-01 00:00:00,2024-12-31 00:00:00,co2e_100yr,286818.99330409826,,annual,,
AUS,manufacturing,textiles-leather-apparel,2025-01-01 00:00:00,2025-12-31 00:00:00,co2e_100yr,143409.49665204913,,annual,,
