iso3_country,sector,subsector,start_time,end_time,gas,emissions_quantity,emissions_quantity_units,temporal_granularity,created_date,modified_date
AUS,manufacturing,wood-and-wood-products,2015-01-01 00:00:00,2015-12-31 00:00:00,co2e_100yr,211351.56773518008,,annual,,
AUS,manufacturing,wood-and-wood-products,2016-01-01 00:00:00,2016-12-31 00:00:00,co2e_100yr,197059.65740162448,,annual,,
AUS,manufacturing,wood-and-wood-products,2017-01-01 00:00:00,2017-12-31 00:00:00,co2e_100yr,208281.17713401385,,annual,,
AUS,manufacturing,wood-and-wood-products,2018-01-01 00:00:00,2018-12-31 00:00:00,co2e_100yr,205819.24255710145,,annual,,
AUS,manufacturing,wood-and-wood-products,2019-01-01 00:00:00,2019-12-31 00:00:00,co2e_100yr,195118.7869725837,,annual,,
AUS,manufacturing,wood-and-wood-products,2020-01-01 00:00:00,2020-12-31 00:00:00,co2e_100yr,179756.0781810858,,annual,,
AUS,manufacturing,wood-and-wood-products,2021-01-01 00:00:00,2021-12-31 00:00:00,co2e_100yr,165106.79823105477,,annual,,
AUS,manufacturing,wood-and-wood-products,2022-01-01 00:00:00,2022-12-31 00:00:00,co2e_100yr,177930.631153011,,annual,,
AUS,manufacturing,wood-and-wood-products,2023-01-01 00:00:00,2023-12-31 00:00:00,co2e_100yr,170938.71872808647,,annual,,
AUS,manufacturing,wood-and-wood-products,2024-01-01 00:00:00,2024-12-31 00:00:00,co2e_100yr,170938.71872808647,,annual,,
AUS,manufacturing,wood-and-wood-products,2025-01-01 00:00:00,2025-12-31 00:00:00,co2e_100yr,85469.35936404324,,annual,,
