iso3_country,sector,subsector,start_time,end_time,gas,emissions_quantity,emissions_quantity_units,temporal_granularity,created_date,modified_date
AUS,power,heat-plants,2015-01-01 00:00:00,2015-12-31 00:00:00,co2e_100yr,0,,annual,,
AUS,power,heat-plants,2016-01-01 00:00:00,2016-12-31 00:00:00,co2e_100yr,0,,annual,,
AUS,power,heat-plants,2017-01-01 00:00:00,2017-12-31 00:00:00,co2e_100yr,0,,annual,,
AUS,power,heat-plants,2018-01-01 00:00:00,2018-12-31 00:00:00,co2e_100yr,0,,annual,,
AUS,power,heat-plants,2019-01-01 00:00:00,2019-12-31 00:00:00,co2e_100yr,0,,annual,,
AUS,power,heat-plants,2020-01-01 00:00:00,2020-12-31 00:00:00,co2e_100yr,0,,annual,,
AUS,power,heat-plants,2021-01-01 00:00:00,2021-12-31 00:00:00,co2e_100yr,0,,annual,,
AUS,power,heat-plants,2022-01-01 00:00:00,2022-12-31 00:00:00,co2e_100yr,0,,annual,,
AUS,power,heat-plants,2023-01-01 00:00:00,2023-12-31 00:00:00,co2e_100yr,0,,annual,,
AUS,power,heat-plants,2024-01-01 00:00:00,2024-12-31 00:00:00,co2e_100yr,0,,annual,,
AUS,power,heat-plants,2025-01-01 00:00:00,2025-12-31 00:00:00,co2e_100yr,0,,annual,,
