iso3_country,sector,subsector,start_time,end_time,gas,emissions_quantity,emissions_quantity_units,temporal_granularity,created_date,modified_date
AUS,power,other-energy-use,2015-01-01 00:00:00,2015-12-31 00:00:00,co2e_100yr,8039930.33060163,,annual,,
AUS,power,other-energy-use,2016-01-01 00:00:00,2016-12-31 00:00:00,co2e_100yr,18608307.77174822,,annual,,
AUS,power,other-energy-use,2017-01-01 00:00:00,2017-12-31 00:00:00,co2e_100yr,12455125.090579048,,annual,,
AUS,power,other-energy-use,2018-01-01 00:00:00,2018-12-31 00:00:00,co2e_100yr,11439824.424641138,,annual,,
AUS,power,other-energy-use,2019-01-01 00:00:00,2019-12-31 00:00:00,co2e_100yr,15090935.007656883,,annual,,
AUS,power,other-energy-use,2020-01-01 00:00:00,2020-12-31 00:00:00,co2e_100yr,10907532.344735952,,annual,,
AUS,power,other-energy-use,2021-01-01 00:00:00,2021-12-31 00:00:00,co2e_100yr,11463285.558781585,,annual,,
AUS,power,other-energy-use,2022-01-01 00:00:00,2022-12-31 00:00:00,co2e_100yr,6494897.084487033,,annual,,
AUS,power,other-energy-use,2023-01-01 00:00:00,2023-12-31 00:00:00,co2e_100yr,7311677.794685686,,annual,,
AUS,power,other-energy-use,2024-01-01 00:00:00,2024-12-31 00:00:00,co2e_100yr,7311677.794685688,,annual,,
AUS,power,other-energy-use,2025-01-01 00:00:00,2025-12-31 00:00:00,co2e_100yr,3814308.704495771,,annual,,
