iso3_country,sector,subsector,start_time,end_time,gas,emissions_quantity,emissions_quantity_units,temporal_granularity,created_date,modified_date
AUS,fluorinated-gases,fluorinated-gases,2015-01-01 00:00:00,2015-12-31 00:00:00,co2e_100yr,11511090.447740994,,annual,,
AUS,fluorinated-gases,fluorinated-gases,2016-01-01 00:00:00,2016-12-31 00:00:00,co2e_100yr,12085420.848188996,,annual,,
AUS,fluorinated-gases,fluorinated-gases,2017-01-01 00:00:00,2017-12-31 00:00:00,co2e_100yr,12127162.640596995,,annual,,
AUS,fluorinated-gases,fluorinated-gases,2018-01-01 00:00:00,2018-12-31 00:00:00,co2e_100yr,12113679.463620992,,annual,,
AUS,fluorinated-gases,fluorinated-gases,2019-01-01 00:00:00,2019-12-31 00:00:00,co2e_100yr,12879532.479230996,,annual,,
AUS,fluorinated-gases,fluorinated-gases,2020-01-01 00:00:00,2020-12-31 00:00:00,co2e_100yr,13256379.907915996,,annual,,
AUS,fluorinated-gases,fluorinated-gases,2021-01-01 00:00:00,2021-12-31 00:00:00,co2e_100yr,13608466.657070993,,annual,,
AUS,fluorinated-gases,fluorinated-gases,2022-01-01 00:00:00,2022-12-31 00:00:00,co2e_100yr,13926026.676894998,,annual,,
AUS,fluorinated-gases,fluorinated-gases,2023-01-01 00:00:00,2023-12-31 00:00:00,co2e_100yr,14190382.792858995,,annual,,
AUS,fluorinated-gases,fluorinated-gases,2024-01-01 00:00:00,2024-12-31 00:00:00,co2e_100yr,14190382.792858995,,annual,,
AUS,fluorinated-gases,fluorinated-gases,2025-01-01 00:00:00,2025-12-31 00:00:00,co2e_100yr,7095191.396429498,,annual,,
