iso3_country,sector,subsector,start_time,end_time,gas,emissions_quantity,emissions_quantity_units,temporal_granularity,created_date,modified_date
AUS,transportation,domestic-shipping,2015-01-01 00:00:00,2015-12-31 00:00:00,co2e_100yr,4543362.812506503,,annual,,
AUS,transportation,domestic-shipping,2016-01-01 00:00:00,2016-12-31 00:00:00,co2e_100yr,5562865.068732289,,annual,,
AUS,transportation,domestic-shipping,2017-01-01 00:00:00,2017-12-31 00:00:00,co2e_100yr,6656647.161648308,,annual,,
AUS,transportation,domestic-shipping,2018-01-01 00:00:00,2018-12-31 00:00:00,co2e_100yr,7355916.543389086,,annual,,
AUS,transportation,domestic-shipping,2019-01-01 00:00:00,2019-12-31 00:00:00,co2e_100yr,8191911.958132473,,annual,,
AUS,transportation,domestic-shipping,2020-01-01 00:00:00,2020-12-31 00:00:00,co2e_100yr,8687121.370729491,,annual,,
AUS,transportation,domestic-shipping,2021-01-01 00:00:00,2021-12-31 00:00:00,co2e_100yr,8695160.722667987,,annual,,
AUS,transportation,domestic-shipping,2022-01-01 00:00:00,2022-12-31 00:00:00,co2e_100yr,10024790.695015222,,annual,,
AUS,transportation,domestic-shipping,2023-01-01 00:00:00,2023-12-31 00:00:00,co2e_100yr,10171683.526966186,,annual,,
AUS,transportation,domestic-shipping,2024-01-01 00:00:00,2024-12-31 00:00:00,co2e_100yr,10245796.584775144,,annual,,
AUS,transportation,domestic-shipping,2025-01-01 00:00:00,2025-12-31 00:00:00,co2e_100yr,4735201.13281415,,annual,,
