iso3_country,sector,subsector,start_time,end_time,gas,emissions_quantity,emissions_quantity_units,temporal_granularity,created_date,modified_date
AUS,transportation,domestic-aviation,2015-01-01 00:00:00,2015-12-31 00:00:00,co2e_100yr,7297979.200815345,,annual,,
AUS,transportation,domestic-aviation,2016-01-01 00:00:00,2016-12-31 00:00:00,co2e_100yr,7373147.538100837,,annual,,
AUS,transportation,domestic-aviation,2017-01-01 00:00:00,2017-12-31 00:00:00,co2e_100yr,7303275.807072449,,annual,,
AUS,transportation,domestic-aviation,2018-01-01 00:00:00,2018-12-31 00:00:00,co2e_100yr,7287738.155878706,,annual,,
AUS,transportation,domestic-aviation,2019-01-01 00:00:00,2019-12-31 00:00:00,co2e_100yr,7282199.061272966,,annual,,
AUS,transportation,domestic-aviation,2020-01-01 00:00:00,2020-12-31 00:00:00,co2e_100yr,3110233.665753431,,annual,,
AUS,transportation,domestic-aviation,2021-01-01 00:00:00,2021-12-31 00:00:00,co2e_100yr,4037216.6741153793,,annual,,
AUS,transportation,domestic-aviation,2022-01-01 00:00:00,2022-12-31 00:00:00,co2e_100yr,6283480.1124941,,annual,,
AUS,transportation,domestic-aviation,2023-01-01 00:00:00,2023-12-31 00:00:00,co2e_100yr,7014878.390626389,,annual,,
AUS,transportation,domestic-aviation,2024-01-01 00:00:00,2024-12-31 00:00:00,co2e_100yr,6997130.348989509,,annual,,
AUS,transportation,domestic-aviation,2025-01-01 00:00:00,2025-12-31 00:00:00,co2e_100yr,3400481.5305807404,,annual,,
