parent_name,parent_entity_id,parent_entity_type,parent_lei,parent_permid,parent_registration_country,parent_headquarter_country,overall_share_percent,ownership_path,ownership_path_datasource_ids,immediate_source_owner,immediate_source_owner_entity_id,source_operator,source_operator_id,source_id,source_name,source_sector,source_subsector
,,,,,,,,,,,,Regional Express; Qatar Airways; Qantas Airways; Alliance Airlines; Cathay Pacific Airways; Jetstar Airways; Virgin Australia International,E100002014841; E100002014831; E100002014830; E100002014361; E100002014465; E100002014673; E100002015042,3170381,Adelaide International Airport,transportation,domestic-aviation
,,,,,,,,,,,,Regional Express; Virgin Australia International,E100002014841; E100002015042,3170462,Albany Airport,transportation,domestic-aviation
,,,,,,,,,,,,Regional Express; Qantas Airways,E100002014841; E100002014830,3170355,Albury Airport,transportation,domestic-aviation
,,,,,,,,,,,,Qantas Airways; Cathay Pacific Airways; Virgin Australia International; Airnorth Regional,E100002014830; E100002014465; E100002015042; E100002014345,3170536,Alice Springs Airport,transportation,domestic-aviation
,,,,,,,,,,,,Virgin Australia International,E100002015042,3171770,Argyle Airport,transportation,domestic-aviation
,,,,,,,,,,,,Regional Express; Qantas Airways; Link Airways,E100002014841; E100002014830; E100002014717,3170520,Armidale Airport,transportation,domestic-aviation
,,,,,,,,,,,,FlexFlight; Skytrans Airlines,E100002014565; E100002014908,3170564,Aurukun Airport,transportation,domestic-aviation
,,,,,,,,,,,,Jetstar Airways,E100002014673,3170572,Avalon Airport,transportation,domestic-aviation
,,,,,,,,,,,,Qantas Airways; Alliance Airlines; Jetstar Airways; Virgin Australia International,E100002014830; E100002014361; E100002014673; E100002015042,3170588,Ayers Rock Connellan Airport,transportation,domestic-aviation
,,,,,,,,,,,,FlexFlight; Skytrans Airlines,E100002014565; E100002014908,3170630,Badu Island Airport,transportation,domestic-aviation
,,,,,,,,,,,,Aviair,E100002014400,3170807,Balgo Hill Airport,transportation,domestic-aviation
,,,,,,,,,,,,Regional Express; Qantas Airways; Jetstar Airways; Virgin Australia International; Flypelican,E100002014841; E100002014830; E100002014673; E100002015042; E100002014588,3170769,Ballina Byron Gateway Airport,transportation,domestic-aviation
,,,,,,,,,,,,Qantas Airways,E100002014830,3170622,Barcaldine Airport,transportation,domestic-aviation
,,,,,,,,,,,,Alliance Airlines; Virgin Australia International,E100002014361; E100002015042,3170902,Barimunya Airport,transportation,domestic-aviation
,,,,,,,,,,,,Regional Express; Flypelican; Air Canada,E100002014841; E100002014588; E100002014267,3170691,Bathurst Airport,transportation,domestic-aviation
,,,,,,,,,,,,Regional Express,E100002014841,3170652,Bedourie Airport,transportation,domestic-aviation
,,,,,,,,,,,,Qantas Airways,E100002014830,3170890,Bendigo Airport,transportation,domestic-aviation
,,,,,,,,,,,,Link Airways,E100002014717,3175170,Biloela Airport,transportation,domestic-aviation
,,,,,,,,,,,,Regional Express,E100002014841,3170873,Birdsville Airport,transportation,domestic-aviation
,,,,,,,,,,,,Qantas Airways,E100002014830,3170734,Blackall Airport,transportation,domestic-aviation
,,,,,,,,,,,,FlexFlight; Skytrans Airlines,E100002014565; E100002014908,3171659,Boigu Island Airport,transportation,domestic-aviation
,,,,,,,,,,,,Virgin Australia International,E100002015042,3173290,Boolgeeda,transportation,domestic-aviation
,,,,,,,,,,,,Regional Express,E100002014841,3170802,Boulia Airport,transportation,domestic-aviation
,,,,,,,,,,,,Air Link,E100002014298,3170814,Bourke Airport,transportation,domestic-aviation
,,,,,,,,,,,,Regional Express; Qantas Airways; Alliance Airlines; Jetstar Airways; Virgin Australia International; Solomon Airlines; Link Airways; Airnorth Regional; Air Niugini,E100002014841; E100002014830; E100002014361; E100002014673; E100002015042; E100002014921; E100002014717; E100002014345; E100002014310,3170766,Brisbane International Airport,transportation,domestic-aviation
,,,,,,,,,,,,Regional Express; Qantas Airways,E100002014841; E100002014830,3170689,Broken Hill Airport,transportation,domestic-aviation
,,,,,,,,,,,,FlexFlight; Qantas Airways; Virgin Australia International; Airnorth Regional; Aviair; Skippers Aviation,E100002014565; E100002014830; E100002015042; E100002014345; E100002014400; E100002014896,3170754,Broome International Airport,transportation,domestic-aviation
,,,,,,,,,,,,Qantas Airways; Link Airways,E100002014830; E100002014717,3170629,Bundaberg Airport,transportation,domestic-aviation
,,,,,,,,,,,,Regional Express,E100002014841,3170853,Burketown Airport,transportation,domestic-aviation
,,,,,,,,,,,,Jetstar Airways; Virgin Australia International,E100002014673; E100002015042,3170797,Busselton Margaret River Regional Airport,transportation,domestic-aviation
,,,,,,,,,,,,FlexFlight; Regional Express; Skytrans Airlines; Qantas Airways; Alliance Airlines; Jetstar Airways; Virgin Australia International; Airnorth Regional; Air Niugini; Hinterland Aviation,E100002014565; E100002014841; E100002014908; E100002014830; E100002014361; E100002014673; E100002015042; E100002014345; E100002014310; E100002014632,3171083,Cairns International Airport,transportation,domestic-aviation
,,,,,,,,,,,,Regional Express; Qatar Airways; Qantas Airways; Alliance Airlines; Jetstar Airways; Virgin Australia International; Vietnam Airlines; Link Airways; Flypelican,E100002014841; E100002014831; E100002014830; E100002014361; E100002014673; E100002015042; E100002015039; E100002014717; E100002014588,3170941,Canberra Airport,transportation,domestic-aviation
,,,,,,,,,,,,Airlines of Tasmania,E100002014342,3170937,Cape Barren Island Airport,transportation,domestic-aviation
,,,,,,,,,,,,Regional Express,E100002014841,3171158,Carnarvon Airport,transportation,domestic-aviation
,,,,,,,,,,,,Regional Express,E100002014841,3170971,Ceduna Airport,transportation,domestic-aviation
,,,,,,,,,,,,Regional Express,E100002014841,3171136,Charleville Airport,transportation,domestic-aviation
,,,,,,,,,,,,Alliance Airlines,E100002014361,3171048,Christmas Creek Airport,transportation,domestic-aviation
,,,,,,,,,,,,Regional Express,E100002014841,3171641,Clarence Valley Regional Airport,transportation,domestic-aviation
,,,,,,,,,,,,Qantas Airways; Alliance Airlines,E100002014830; E100002014361,3171078,Cloncurry Airport,transportation,domestic-aviation
,,,,,,,,,,,,Flypelican,E100002014588,3170933,Cobar Airport,transportation,domestic-aviation
,,,,,,,,,,,,FlexFlight; Skytrans Airlines,E100002014565; E100002014908,3171075,Coconut Island Airport,transportation,domestic-aviation
,,,,,,,,,,,,Hinterland Aviation,E100002014632,3171150,Coen Airport,transportation,domestic-aviation
,,,,,,,,,,,,Regional Express; Qantas Airways; Virgin Australia International; Link Airways,E100002014841; E100002014830; E100002015042; E100002014717,3170991,Coffs Harbour Airport,transportation,domestic-aviation
,,,,,,,,,,,,Regional Express,E100002014841,3171098,Coober Pedy Airport,transportation,domestic-aviation
,,,,,,,,,,,,Hinterland Aviation,E100002014632,3171138,Cooktown Airport,transportation,domestic-aviation
,,,,,,,,,,,,Regional Express; Qantas Airways; Flypelican,E100002014841; E100002014830; E100002014588,3173358,Cooma Snowy Mountains Airport,transportation,domestic-aviation
,,,,,,,,,,,,Alliance Airlines; Virgin Australia International,E100002014361; E100002015042,3171036,Coondewanna Airport,transportation,domestic-aviation
,,,,,,,,,,,,Regional Express,E100002014841,3171063,Cunnamulla Airport,transportation,domestic-aviation
,,,,,,,,,,,,FlexFlight; Skytrans Airlines,E100002014565; E100002014908,3173179,Darnley Island Airport,transportation,domestic-aviation
,,,,,,,,,,,,Qantas Airways; Alliance Airlines; Jetstar Airways; Virgin Australia International; Airnorth Regional,E100002014830; E100002014361; E100002014673; E100002015042; E100002014345,3171324,Darwin International Airport / RAAF Darwin,transportation,domestic-aviation
,,,,,,,,,,,,FlexFlight; Aviair,E100002014565; E100002014400,3171316,Derby Airport,transportation,domestic-aviation
,,,,,,,,,,,,Regional Express; Qantas Airways,E100002014841; E100002014830,3171311,Devonport Airport,transportation,domestic-aviation
,,,,,,,,,,,,Regional Express,E100002014841,3171285,Doomadgee Airport,transportation,domestic-aviation
,,,,,,,,,,,,Regional Express; Qantas Airways; Link Airways; Flypelican; Air Link,E100002014841; E100002014830; E100002014717; E100002014588; E100002014298,3171210,Dubbo City Regional Airport,transportation,domestic-aviation
,,,,,,,,,,,,Virgin Australia International; Airnorth Regional; Aviair,E100002015042; E100002014345; E100002014400,3172393,East Kimberley Regional (Kununurra) Airport,transportation,domestic-aviation
,,,,,,,,,,,,Airnorth Regional,E100002014345,3171408,Elcho Island Airport,transportation,domestic-aviation
,,,,,,,,,,,,Alliance Airlines,E100002014361,3174759,Eliwana,transportation,domestic-aviation
,,,,,,,,,,,,Qantas Airways; Alliance Airlines; Virgin Australia International,E100002014830; E100002014361; E100002015042,3171421,Emerald Airport,transportation,domestic-aviation
,,,,,,,,,,,,Regional Express,E100002014841,3171441,Esperance Airport,transportation,domestic-aviation
,,,,,,,,,,,,Skippers Aviation,E100002014896,3171519,Fitzroy Crossing Airport,transportation,domestic-aviation
,,,,,,,,,,,,Sharp Airlines,E100002014885,3171532,Flinders Island Airport,transportation,domestic-aviation
,,,,,,,,,,,,Alliance Airlines,E100002014361,3172290,Fortescue - Dave Forrest Aerodrome,transportation,domestic-aviation
,,,,,,,,,,,,Qantas Airways; Alliance Airlines; Virgin Australia International,E100002014830; E100002014361; E100002015042,3171637,Geraldton Airport,transportation,domestic-aviation
,,,,,,,,,,,,Alliance Airlines,E100002014361,3171610,Ginbata Airport,transportation,domestic-aviation
,,,,,,,,,,,,Qantas Airways; Virgin Australia International,E100002014830; E100002015042,3171678,Gladstone Airport,transportation,domestic-aviation
,,,,,,,,,,,,Regional Express; Qantas Airways; Jetstar Airways; Virgin Australia International; Airnorth Regional,E100002014841; E100002014830; E100002014673; E100002015042; E100002014345,3173357,Gold Coast Airport,transportation,domestic-aviation
,,,,,,,,,,,,Alliance Airlines; Airnorth Regional,E100002014361; E100002014345,3171710,Gove Airport,transportation,domestic-aviation
,,,,,,,,,,,,Regional Express; Qantas Airways; Sharp Airlines,E100002014841; E100002014830; E100002014885,3171639,Griffith Airport,transportation,domestic-aviation
,,,,,,,,,,,,Alliance Airlines; Airnorth Regional,E100002014361; E100002014345,3171741,Groote Eylandt Airport,transportation,domestic-aviation
,,,,,,,,,,,,Virgin Australia International,E100002015042,3171777,Gruyere Airport,transportation,domestic-aviation
,,,,,,,,,,,,Aviair; Skippers Aviation,E100002014400; E100002014896,3171800,Halls Creek Airport,transportation,domestic-aviation
,,,,,,,,,,,,Qantas Airways; Jetstar Airways; Virgin Australia International,E100002014830; E100002014673; E100002015042,3171913,Hamilton Island Airport,transportation,domestic-aviation
,,,,,,,,,,,,Qantas Airways; Jetstar Airways,E100002014830; E100002014673,3171929,Hervey Bay Airport,transportation,domestic-aviation
,,,,,,,,,,,,Qantas Airways; Cathay Pacific Airways; Jetstar Airways; Virgin Australia International; Link Airways; Sharp Airlines; Airlines of Tasmania,E100002014830; E100002014465; E100002014673; E100002015042; E100002014717; E100002014885; E100002014342,3171794,Hobart International Airport,transportation,domestic-aviation
,,,,,,,,,,,,FlexFlight; Skytrans Airlines; Qantas Airways,E100002014565; E100002014908; E100002014830,3171838,Horn Island Airport,transportation,domestic-aviation
,,,,,,,,,,,,Regional Express,E100002014841,3171823,Hughenden Airport,transportation,domestic-aviation
,,,,,,,,,,,,Link Airways,E100002014717,3172071,Inverell Airport,transportation,domestic-aviation
,,,,,,,,,,,,Regional Express,E100002014841,3172121,Julia Creek Airport,transportation,domestic-aviation
,,,,,,,,,,,,Qantas Airways; Alliance Airlines; Virgin Australia International,E100002014830; E100002014361; E100002015042,3172299,Kalgoorlie Boulder Airport,transportation,domestic-aviation
,,,,,,,,,,,,Aviair,E100002014400,3174517,Kalumburu Airport,transportation,domestic-aviation
,,,,,,,,,,,,FlexFlight; Qantas Airways; Alliance Airlines; Virgin Australia International; Aviair,E100002014565; E100002014830; E100002014361; E100002015042; E100002014400,3172449,Karratha Airport,transportation,domestic-aviation
,,,,,,,,,,,,Regional Express; Sharp Airlines,E100002014841; E100002014885,3172390,King Island Airport,transportation,domestic-aviation
,,,,,,,,,,,,Regional Express; Qantas Airways; Alliance Airlines,E100002014841; E100002014830; E100002014361,3172295,Kingscote Airport,transportation,domestic-aviation
,,,,,,,,,,,,Virgin Australia International,E100002015042,3173355,Koodaideri Mine Airport,transportation,domestic-aviation
,,,,,,,,,,,,FlexFlight; Skytrans Airlines; Hinterland Aviation,E100002014565; E100002014908; E100002014632,3172498,Kowanyama Airport,transportation,domestic-aviation
,,,,,,,,,,,,FlexFlight; Skytrans Airlines,E100002014565; E100002014908,3172467,Kubin Island Airport,transportation,domestic-aviation
,,,,,,,,,,,,Qantas Airways; Jetstar Airways; Virgin Australia International; Solomon Airlines; Sharp Airlines; Airlines of Tasmania,E100002014830; E100002014673; E100002015042; E100002014921; E100002014885; E100002014342,3172712,Launceston Airport,transportation,domestic-aviation
,,,,,,,,,,,,Skippers Aviation,E100002014896,3172742,Laverton Airport,transportation,domestic-aviation
,,,,,,,,,,,,Qantas Airways; Virgin Australia International,E100002014830; E100002015042,3172574,Learmonth Airport,transportation,domestic-aviation
,,,,,,,,,,,,Alliance Airlines,E100002014361,3172584,Leinster Airport,transportation,domestic-aviation
,,,,,,,,,,,,Virgin Australia International; Skippers Aviation,E100002015042; E100002014896,3172663,Leonora Airport,transportation,domestic-aviation
,,,,,,,,,,,,Air Link,E100002014298,3172607,Lightning Ridge Airport,transportation,domestic-aviation
,,,,,,,,,,,,Regional Express,E100002014841,3172715,Lismore Airport,transportation,domestic-aviation
,,,,,,,,,,,,FlexFlight; Skytrans Airlines,E100002014565; E100002014908,3172043,Lockhart River Airport,transportation,domestic-aviation
,,,,,,,,,,,,Regional Express; Qantas Airways,E100002014841; E100002014830,3172696,Longreach Airport,transportation,domestic-aviation
,,,,,,,,,,,,Qantas Airways,E100002014830,3172568,Lord Howe Island Airport,transportation,domestic-aviation
,,,,,,,,,,,,FlexFlight; Skytrans Airlines,E100002014565; E100002014908,3174512,Mabuiag Island Airport,transportation,domestic-aviation
,,,,,,,,,,,,Qantas Airways; Alliance Airlines; Jetstar Airways; Virgin Australia International,E100002014830; E100002014361; E100002014673; E100002015042,3172912,Mackay Airport,transportation,domestic-aviation
,,,,,,,,,,,,Airnorth Regional,E100002014345,3172945,Maningrida Airport,transportation,domestic-aviation
,,,,,,,,,,,,Airnorth Regional,E100002014345,3172815,McArthur River Mine Airport,transportation,domestic-aviation
,,,,,,,,,,,,Skippers Aviation,E100002014896,3172910,Meekatharra Airport,transportation,domestic-aviation
,,,,,,,,,,,,Regional Express; Qatar Airways; Qantas Airways; Alliance Airlines; Cathay Pacific Airways; Jetstar Airways; Virgin Australia International; Vietnam Airlines; Xiamen Airlines; Polar Air Cargo; Airnorth Regional; Srilankan Airlines,E100002014841; E100002014831; E100002014830; E100002014361; E100002014465; E100002014673; E100002015042; E100002015039; E100002015070; E100002014822; E100002014345; E100002014932,3172840,Melbourne Airport,transportation,domestic-aviation
,,,,,,,,,,,,Link Airways; Flypelican; Sharp Airlines,E100002014717; E100002014588; E100002014885,3172833,Melbourne Essendon Airport,transportation,domestic-aviation
,,,,,,,,,,,,Regional Express; Qantas Airways,E100002014841; E100002014830,3172884,Merimbula Airport,transportation,domestic-aviation
,,,,,,,,,,,,Regional Express; Qantas Airways,E100002014841; E100002014830,3172982,Mildura Airport,transportation,domestic-aviation
,,,,,,,,,,,,Qantas Airways,E100002014830,3174772,Miles Airport,transportation,domestic-aviation
,,,,,,,,,,,,Airnorth Regional,E100002014345,3172863,Milingimbi Airport,transportation,domestic-aviation
,,,,,,,,,,,,Alliance Airlines,E100002014361,3172966,Moomba Airport,transportation,domestic-aviation
,,,,,,,,,,,,Qantas Airways; Alliance Airlines,E100002014830; E100002014361,3172970,Moranbah Airport,transportation,domestic-aviation
,,,,,,,,,,,,Qantas Airways,E100002014830,3173002,Moree Airport,transportation,domestic-aviation
,,,,,,,,,,,,Regional Express,E100002014841,3173348,Mornington Island Airport,transportation,domestic-aviation
,,,,,,,,,,,,Regional Express,E100002014841,3173071,Moruya Airport,transportation,domestic-aviation
,,,,,,,,,,,,Regional Express; Qantas Airways,E100002014841; E100002014830,3172856,Mount Gambier Airport,transportation,domestic-aviation
,,,,,,,,,,,,Regional Express; Qantas Airways; Virgin Australia International; Airnorth Regional,E100002014841; E100002014830; E100002015042; E100002014345,3172050,Mount Isa Airport,transportation,domestic-aviation
,,,,,,,,,,,,Alliance Airlines,E100002014361,3174779,Mount Keith Airport,transportation,domestic-aviation
,,,,,,,,,,,,Skippers Aviation,E100002014896,3172931,Mount Magnet Airport,transportation,domestic-aviation
,,,,,,,,,,,,Flypelican,E100002014588,3171237,Mudgee Airport,transportation,domestic-aviation
,,,,,,,,,,,,FlexFlight; Skytrans Airlines,E100002014565; E100002014908,3173076,Murray Island Airport,transportation,domestic-aviation
,,,,,,,,,,,,Link Airways,E100002014717,3173099,Narrabri Airport,transportation,domestic-aviation
,,,,,,,,,,,,Regional Express,E100002014841,3173215,Narrandera Airport,transportation,domestic-aviation
,,,,,,,,,,,,Qantas Airways; Jetstar Airways; Virgin Australia International; Link Airways; Flypelican; British Airways; Eastern Airways; Easyjet; Flybe; Loganair; Jet2com; TUI Airways,E100002014830; E100002014673; E100002015042; E100002014717; E100002014588; E100002014442; E100002014529; E100002014531; E100002014578; E100002014719; E100002014668; E100002015005,3173236,Newcastle Airport,transportation,domestic-aviation
,,,,,,,,,,,,Qantas Airways; Alliance Airlines; Virgin Australia International; Aviair,E100002014830; E100002014361; E100002015042; E100002014400,3175204,Newman Airport,transportation,domestic-aviation
,,,,,,,,,,,,Regional Express,E100002014841,3173237,Normanton Airport,transportation,domestic-aviation
,,,,,,,,,,,,FlexFlight; Regional Express; Skytrans Airlines,E100002014565; E100002014841; E100002014908,3170348,Northern Peninsula Airport,transportation,domestic-aviation
,,,,,,,,,,,,Alliance Airlines,E100002014361,3173334,Olympic Dam Airport,transportation,domestic-aviation
,,,,,,,,,,,,Qantas Airways; Alliance Airlines; Virgin Australia International,E100002014830; E100002014361; E100002015042,3173353,Onslow Airport,transportation,domestic-aviation
,,,,,,,,,,,,Regional Express; Qantas Airways; Alliance Airlines; Link Airways,E100002014841; E100002014830; E100002014361; E100002014717,3173273,Orange Airport,transportation,domestic-aviation
,,,,,,,,,,,,Hinterland Aviation,E100002014632,3173551,Palm Island Airport,transportation,domestic-aviation
,,,,,,,,,,,,Qantas Airways; Virgin Australia International,E100002014830; E100002015042,3173440,Paraburdoo Airport,transportation,domestic-aviation
,,,,,,,,,,,,Regional Express,E100002014841,3173524,Parkes Airport,transportation,domestic-aviation
,,,,,,,,,,,,Regional Express; Qantas Airways; Alliance Airlines; Jetstar Airways; Virgin Australia International; Airnorth Regional; Skippers Aviation,E100002014841; E100002014830; E100002014361; E100002014673; E100002015042; E100002014345; E100002014896,3173469,Perth International Airport,transportation,domestic-aviation
,,,,,,,,,,,,FlexFlight; Skytrans Airlines; Hinterland Aviation,E100002014565; E100002014908; E100002014632,3171385,Pormpuraaw Airport,transportation,domestic-aviation
,,,,,,,,,,,,FlexFlight; Qantas Airways; Alliance Airlines; Virgin Australia International; Aviair,E100002014565; E100002014830; E100002014361; E100002015042; E100002014400,3173492,Port Hedland International Airport,transportation,domestic-aviation
,,,,,,,,,,,,Alliance Airlines,E100002014361,833234,Port Hedland/Wodgina Airport,transportation,domestic-aviation
,,,,,,,,,,,,Regional Express; Qantas Airways,E100002014841; E100002014830,3173538,Port Lincoln Airport,transportation,domestic-aviation
,,,,,,,,,,,,Regional Express; Qantas Airways; Flypelican,E100002014841; E100002014830; E100002014588,3173601,Port Macquarie Airport,transportation,domestic-aviation
,,,,,,,,,,,,FlexFlight; Skytrans Airlines; Qantas Airways; Jetstar Airways; Virgin Australia International,E100002014565; E100002014908; E100002014830; E100002014673; E100002015042,3173592,Proserpine Whitsunday Coast Airport,transportation,domestic-aviation
,,,,,,,,,,,,Regional Express,E100002014841,3174558,Quilpie Airport,transportation,domestic-aviation
,,,,,,,,,,,,Virgin Australia International,E100002015042,3173883,Ravensthorpe Airport,transportation,domestic-aviation
,,,,,,,,,,,,Regional Express,E100002014841,3173741,Richmond Airport,transportation,domestic-aviation
,,,,,,,,,,,,FlexFlight; Skytrans Airlines; Qantas Airways; Virgin Australia International,E100002014565; E100002014908; E100002014830; E100002015042,3173837,Rockhampton Airport,transportation,domestic-aviation
,,,,,,,,,,,,Regional Express; Alliance Airlines,E100002014841; E100002014361,3173812,Roma Airport,transportation,domestic-aviation
,,,,,,,,,,,,FlexFlight; Skytrans Airlines,E100002014565; E100002014908,3173916,Saibai Island Airport,transportation,domestic-aviation
,,,,,,,,,,,,Regional Express,E100002014841,3172895,Shark Bay Airport,transportation,domestic-aviation
,,,,,,,,,,,,Link Airways,E100002014717,3174794,Shellharbour Airport,transportation,domestic-aviation
,,,,,,,,,,,,Alliance Airlines,E100002014361,3174047,Solomon Airport,transportation,domestic-aviation
,,,,,,,,,,,,Regional Express; Alaska Central Express; Grant Aviation,E100002014841; E100002014351; E100002014612,3173977,St George Airport,transportation,domestic-aviation
,,,,,,,,,,,,Airlines of Tasmania,E100002014342,3174118,Strahan Airport,transportation,domestic-aviation
,,,,,,,,,,,,Qantas Airways; Alliance Airlines; Jetstar Airways; Virgin Australia International; Flypelican,E100002014830; E100002014361; E100002014673; E100002015042; E100002014588,3172818,Sunshine Coast Airport,transportation,domestic-aviation
,,,,,,,,,,,,Regional Express; Qatar Airways; Qantas Airways; Cathay Pacific Airways; Jetstar Airways; Virgin Australia International; Xiamen Airlines; Solomon Airlines; Polar Air Cargo; Link Airways; Flypelican; Srilankan Airlines,E100002014841; E100002014831; E100002014830; E100002014465; E100002014673; E100002015042; E100002015070; E100002014921; E100002014822; E100002014717; E100002014588; E100002014932,3174199,Sydney Kingsford Smith International Airport,transportation,domestic-aviation
,,,,,,,,,,,,Qantas Airways; Link Airways,E100002014830; E100002014717,3174384,Tamworth Airport,transportation,domestic-aviation
,,,,,,,,,,,,Flypelican,E100002014588,3174432,Taree Airport,transportation,domestic-aviation
,,,,,,,,,,,,Alliance Airlines,E100002014361,3174274,Telfer Airport,transportation,domestic-aviation
,,,,,,,,,,,,Airnorth Regional,E100002014345,3174254,Tennant Creek Airport,transportation,domestic-aviation
,,,,,,,,,,,,Regional Express,E100002014841,3174872,Thargomindah Airport,transportation,domestic-aviation
,,,,,,,,,,,,Alliance Airlines,E100002014361,3171746,The Granites Airport,transportation,domestic-aviation
,,,,,,,,,,,,Alliance Airlines,E100002014361,3173497,The Monument Airport,transportation,domestic-aviation
,,,,,,,,,,,,Airnorth Regional,E100002014345,3172459,Tindal Airport,transportation,domestic-aviation
,,,,,,,,,,,,Regional Express; Qantas Airways; Cathay Pacific Airways; Airnorth Regional,E100002014841; E100002014830; E100002014465; E100002014345,3174813,Toowoomba Wellcamp Airport,transportation,domestic-aviation
,,,,,,,,,,,,Regional Express; Qantas Airways; Alliance Airlines; Jetstar Airways; Virgin Australia International; Airnorth Regional; Hinterland Aviation,E100002014841; E100002014830; E100002014361; E100002014673; E100002015042; E100002014345; E100002014632,3174451,Townsville Airport / RAAF Base Townsville,transportation,domestic-aviation
,,,,,,,,,,,,Alliance Airlines,E100002014361,3174419,Trepell Airport,transportation,domestic-aviation
,,,,,,,,,,,,Alliance Airlines,E100002014361,3174461,Truscott-Mungalalu Airport,transportation,domestic-aviation
,,,,,,,,,,,,Regional Express; Qantas Airways,E100002014841; E100002014830,3174754,Wagga Wagga Airport,transportation,domestic-aviation
,,,,,,,,,,,,Air Link,E100002014298,3174755,Walgett Airport,transportation,domestic-aviation
,,,,,,,,,,,,FlexFlight; Skytrans Airlines,E100002014565; E100002014908,3174206,Warraber Island Airport,transportation,domestic-aviation
,,,,,,,,,,,,Qantas Airways; Alliance Airlines,E100002014830; E100002014361,3174752,Weipa Airport,transportation,domestic-aviation
,,,,,,,,,,,,Virgin Australia International,E100002015042,3174776,West Angelas Airport,transportation,domestic-aviation
,,,,,,,,,,,,Regional Express; Qantas Airways,E100002014841; E100002014830,3174833,Whyalla Airport,transportation,domestic-aviation
,,,,,,,,,,,,Skippers Aviation,E100002014896,3174820,Wiluna Airport,transportation,domestic-aviation
,,,,,,,,,,,,Regional Express,E100002014841,3174792,Windorah Airport,transportation,domestic-aviation
,,,,,,,,,,,,Regional Express,E100002014841,3174764,Winton Airport,transportation,domestic-aviation
,,,,,,,,,,,,Virgin Australia International,E100002015042,3174828,Woodie Woodie Airport,transportation,domestic-aviation
,,,,,,,,,,,,Regional Express; Qantas Airways; Sharp Airlines,E100002014841; E100002014830; E100002014885,3170885,Wynyard Airport,transportation,domestic-aviation
,,,,,,,,,,,,FlexFlight; Skytrans Airlines,E100002014565; E100002014908,3174859,Yam Island Airport,transportation,domestic-aviation
,,,,,,,,,,,,FlexFlight; Skytrans Airlines,E100002014565; E100002014908,3173326,Yorke Island Airport,transportation,domestic-aviation
