iso3_country,sector,subsector,start_time,end_time,gas,emissions_quantity,emissions_quantity_units,temporal_granularity,created_date,modified_date
AUS,transportation,international-aviation,2015-01-01 00:00:00,2015-12-31 00:00:00,co2e_100yr,12730602.269104758,,annual,,
AUS,transportation,international-aviation,2016-01-01 00:00:00,2016-12-31 00:00:00,co2e_100yr,13997985.947087567,,annual,,
AUS,transportation,international-aviation,2017-01-01 00:00:00,2017-12-31 00:00:00,co2e_100yr,14956921.42375493,,annual,,
AUS,transportation,international-aviation,2018-01-01 00:00:00,2018-12-31 00:00:00,co2e_100yr,15739037.8456287,,annual,,
AUS,transportation,international-aviation,2019-01-01 00:00:00,2019-12-31 00:00:00,co2e_100yr,15212255.741550148,,annual,,
AUS,transportation,international-aviation,2020-01-01 00:00:00,2020-12-31 00:00:00,co2e_100yr,5280031.687444131,,annual,,
AUS,transportation,international-aviation,2021-01-01 00:00:00,2021-12-31 00:00:00,co2e_100yr,3275467.1042215037,,annual,,
AUS,transportation,international-aviation,2022-01-01 00:00:00,2022-12-31 00:00:00,co2e_100yr,7339153.149839052,,annual,,
AUS,transportation,international-aviation,2023-01-01 00:00:00,2023-12-31 00:00:00,co2e_100yr,11958124.900742238,,annual,,
AUS,transportation,international-aviation,2024-01-01 00:00:00,2024-12-31 00:00:00,co2e_100yr,13734137.935957862,,annual,,
AUS,transportation,international-aviation,2025-01-01 00:00:00,2025-12-31 00:00:00,co2e_100yr,7222779.7073347485,,annual,,
