iso3_country,sector,subsector,start_time,end_time,gas,emissions_quantity,emissions_quantity_units,temporal_granularity,created_date,modified_date
AUS,transportation,international-shipping,2015-01-01 00:00:00,2015-12-31 00:00:00,co2e_100yr,14445821.403255863,,annual,,
AUS,transportation,international-shipping,2016-01-01 00:00:00,2016-12-31 00:00:00,co2e_100yr,16332298.362130564,,annual,,
AUS,transportation,international-shipping,2017-01-01 00:00:00,2017-12-31 00:00:00,co2e_100yr,17705091.67306448,,annual,,
AUS,transportation,international-shipping,2018-01-01 00:00:00,2018-12-31 00:00:00,co2e_100yr,18764713.011233065,,annual,,
AUS,transportation,international-shipping,2019-01-01 00:00:00,2019-12-31 00:00:00,co2e_100yr,19386378.43913592,,annual,,
AUS,transportation,international-shipping,2020-01-01 00:00:00,2020-12-31 00:00:00,co2e_100yr,19453380.24416731,,annual,,
AUS,transportation,international-shipping,2021-01-01 00:00:00,2021-12-31 00:00:00,co2e_100yr,22226092.62085869,,annual,,
AUS,transportation,international-shipping,2022-01-01 00:00:00,2022-12-31 00:00:00,co2e_100yr,22741647.005024865,,annual,,
AUS,transportation,international-shipping,2023-01-01 00:00:00,2023-12-31 00:00:00,co2e_100yr,22335114.30315453,,annual,,
AUS,transportation,international-shipping,2024-01-01 00:00:00,2024-12-31 00:00:00,co2e_100yr,21189802.00340997,,annual,,
AUS,transportation,international-shipping,2025-01-01 00:00:00,2025-12-31 00:00:00,co2e_100yr,9503264.287599131,,annual,,
