iso3_country,sector,subsector,start_time,end_time,gas,emissions_quantity,emissions_quantity_units,temporal_granularity,created_date,modified_date
AUS,transportation,other-transport,2015-01-01 00:00:00,2015-12-31 00:00:00,co2e_100yr,1176369.7220128004,,annual,,
AUS,transportation,other-transport,2016-01-01 00:00:00,2016-12-31 00:00:00,co2e_100yr,1289815.1036554005,,annual,,
AUS,transportation,other-transport,2017-01-01 00:00:00,2017-12-31 00:00:00,co2e_100yr,1276331.1321716,,annual,,
AUS,transportation,other-transport,2018-01-01 00:00:00,2018-12-31 00:00:00,co2e_100yr,1363887.3449598004,,annual,,
AUS,transportation,other-transport,2019-01-01 00:00:00,2019-12-31 00:00:00,co2e_100yr,1519306.8871082007,,annual,,
AUS,transportation,other-transport,2020-01-01 00:00:00,2020-12-31 00:00:00,co2e_100yr,1444432.0689196002,,annual,,
AUS,transportation,other-transport,2021-01-01 00:00:00,2021-12-31 00:00:00,co2e_100yr,1512352.5340472006,,annual,,
AUS,transportation,other-transport,2022-01-01 00:00:00,2022-12-31 00:00:00,co2e_100yr,1595524.2435944004,,annual,,
AUS,transportation,other-transport,2023-01-01 00:00:00,2023-12-31 00:00:00,co2e_100yr,1569739.2742544005,,annual,,
AUS,transportation,other-transport,2024-01-01 00:00:00,2024-12-31 00:00:00,co2e_100yr,1569739.2742544005,,annual,,
AUS,transportation,other-transport,2025-01-01 00:00:00,2025-12-31 00:00:00,co2e_100yr,784869.6371272003,,annual,,
