iso3_country,sector,subsector,start_time,end_time,gas,emissions_quantity,emissions_quantity_units,temporal_granularity,created_date,modified_date
AUS,transportation,railways,2015-01-01 00:00:00,2015-12-31 00:00:00,co2e_100yr,3565656.6268768003,,annual,,
AUS,transportation,railways,2016-01-01 00:00:00,2016-12-31 00:00:00,co2e_100yr,3669755.965808001,,annual,,
AUS,transportation,railways,2017-01-01 00:00:00,2017-12-31 00:00:00,co2e_100yr,3829449.587222401,,annual,,
AUS,transportation,railways,2018-01-01 00:00:00,2018-12-31 00:00:00,co2e_100yr,3914417.3755148007,,annual,,
AUS,transportation,railways,2019-01-01 00:00:00,2019-12-31 00:00:00,co2e_100yr,3916366.873270601,,annual,,
AUS,transportation,railways,2020-01-01 00:00:00,2020-12-31 00:00:00,co2e_100yr,3845089.163858601,,annual,,
AUS,transportation,railways,2021-01-01 00:00:00,2021-12-31 00:00:00,co2e_100yr,4005227.068968401,,annual,,
AUS,transportation,railways,2022-01-01 00:00:00,2022-12-31 00:00:00,co2e_100yr,3961097.8159582014,,annual,,
AUS,transportation,railways,2023-01-01 00:00:00,2023-12-31 00:00:00,co2e_100yr,4191684.489536402,,annual,,
AUS,transportation,railways,2024-01-01 00:00:00,2024-12-31 00:00:00,co2e_100yr,4191684.489536402,,annual,,
AUS,transportation,railways,2025-01-01 00:00:00,2025-12-31 00:00:00,co2e_100yr,2095842.244768201,,annual,,
