iso3_country,sector,subsector,start_time,end_time,gas,emissions_quantity,emissions_quantity_units,temporal_granularity,created_date,modified_date
AUS,transportation,road-transportation,2015-01-01 00:00:00,2015-12-31 00:00:00,co2e_100yr,111622884.37448736,,annual,,
AUS,transportation,road-transportation,2016-01-01 00:00:00,2016-12-31 00:00:00,co2e_100yr,112631036.36128429,,annual,,
AUS,transportation,road-transportation,2017-01-01 00:00:00,2017-12-31 00:00:00,co2e_100yr,114195171.17054324,,annual,,
AUS,transportation,road-transportation,2018-01-01 00:00:00,2018-12-31 00:00:00,co2e_100yr,117078318.15987982,,annual,,
AUS,transportation,road-transportation,2019-01-01 00:00:00,2019-12-31 00:00:00,co2e_100yr,117209908.2362376,,annual,,
AUS,transportation,road-transportation,2020-01-01 00:00:00,2020-12-31 00:00:00,co2e_100yr,110335192.81483608,,annual,,
AUS,transportation,road-transportation,2021-01-01 00:00:00,2021-12-31 00:00:00,co2e_100yr,108356103.41158617,,annual,,
AUS,transportation,road-transportation,2022-01-01 00:00:00,2022-12-31 00:00:00,co2e_100yr,109034762.10636598,,annual,,
AUS,transportation,road-transportation,2023-01-01 00:00:00,2023-12-31 00:00:00,co2e_100yr,110033665.59517068,,annual,,
AUS,transportation,road-transportation,2024-01-01 00:00:00,2024-12-31 00:00:00,co2e_100yr,112264802.28845432,,annual,,
AUS,transportation,road-transportation,2025-01-01 00:00:00,2025-12-31 00:00:00,co2e_100yr,56131287.99888104,,annual,,
