iso3_country,sector,subsector,start_time,end_time,gas,emissions_quantity,emissions_quantity_units,temporal_granularity,created_date,modified_date
AUS,mineral-extraction,iron-mining,2015-01-01 00:00:00,2015-12-31 00:00:00,co2,6317080.0,,annual,,
AUS,mineral-extraction,iron-mining,2016-01-01 00:00:00,2016-12-31 00:00:00,co2,6692603.0,,annual,,
AUS,mineral-extraction,iron-mining,2017-01-01 00:00:00,2017-12-31 00:00:00,co2,6905785.0,,annual,,
AUS,mineral-extraction,iron-mining,2018-01-01 00:00:00,2018-12-31 00:00:00,co2,7080988.000000001,,annual,,
AUS,mineral-extraction,iron-mining,2019-01-01 00:00:00,2019-12-31 00:00:00,co2,7166102.0,,annual,,
AUS,mineral-extraction,iron-mining,2020-01-01 00:00:00,2020-12-31 00:00:00,co2,6109047.0,,annual,,
AUS,mineral-extraction,iron-mining,2021-01-01 00:00:00,2021-12-31 00:00:00,co2,8452960.0,,annual,,
AUS,mineral-extraction,iron-mining,2022-01-01 00:00:00,2022-12-31 00:00:00,co2,10194537.0,,annual,,
AUS,mineral-extraction,iron-mining,2023-01-01 00:00:00,2023-12-31 00:00:00,co2,8696879.0,,annual,,
AUS,mineral-extraction,iron-mining,2024-01-01 00:00:00,2024-12-31 00:00:00,co2,8696879.0,,annual,,
AUS,mineral-extraction,iron-mining,2025-01-01 00:00:00,2025-12-31 00:00:00,co2,4348439.5,,annual,,
